2001,2001,TS BURBERRY WEEK END E.D.T F/M 100ML
5574,5574,TS LADY MILLION E.D.T F/W 80ML
23020,23020,TS SILVER SCENT INTENSE E.D.T 100ML
69615,69615,TS ANGEL GORODAN EDP F/W 100M
69682,69682,TS ROOFA COOL KIDS FRANCE (BOYS) EDT100M
70240,70240,#TS CLOSE#
105007,105007,#FLUMOX 1GM 1/VIAL
128015,128015,FRIGG DAISY SILICONE PACIFI.CREAM 0-6 M#
271001,271001,FINE TISSUES 300PCS#
282388,282388,KRYOLAN TV PAINT STICK 11W#
283466,283466,KRYOLAN GLAMOUR SPARKS 7 (5751)#
305078,305078,AMIKIN 250MG/2ML 1/VIAL
310025,310025,NEUROGLOPENTIN 300MG 20/CAP⛒
312593,312593,LANZOFUTAL 15MG 10/(SR)CAP
320358,320358,GATILOX 0.3% 5ML EYE DROP
320431,320431,MIRACLE ARM SLING(0062B)▓
320444,320444,ARIPIPREX 30MG 10/TAB.
322918,322918,AVEROPREG 50MG 10/CAP©
340129,340129,QUINACARD SR 200MG 20/TAB
340280,340280,ROYAL POWER 600MG 10/CAP
340972,340972,SOLO CARE 120ML LENSES SOLUTION#
342408,342408,ZITHROKAN 500MG 3/CAP(P3)
344091,344091,MYODURA 5MG 10/TAB●
345108,345108,MAGNESIUM PLUS 30/TAB(P1)
346743,346743,CIDOTESTON 250MG/1ML 1/AMP(P1)
350146,350146,NAVIDOXIN (SOLD BY 1STRIP) 10/TAB!!
350722,350722,LARIAM 250MG 8/TAB.!!
350829,350829,L-THYROXIN HENNING 200µ 100/TAB.!!
351075,351075,VITAMIN E 400 I.U. 100/SOFT GEL.CAP!!
352658,352658,ALNA RETARD (FLOMAX) 30/CAP!!
355444,355444,VITAMIN E 1000I.U.(450MG)R.R. 50/S.GEL!!
370302,370302,JASPER SOFT COLLAR  M (JAS-SCC)▓
370395,370395,JASPER SHOULDER SUPPORT  XL (SP-A)▓
2700514,2700514,AMANDA MOIST MATT LIPSTICK /9#
2701117,2701117,SPIDERMAN SLAP INDICATOR WATCH
2702097,2702097,CORRECTION LIP CARE COCONUT 4.8G#
2702219,2702219,C MIX SERUM PURE VIT.(C)10% 60M
2702332,2702332,LIFEBUOY COOL FR.H.WASH 500M+SIGNAL100@#
2703616,2703616,LISSIO PURE DAILY DEF.(SPF50)SENS.2X50@
2703689,2703689,TRUE HAND SANITIZER GEL LEMON 75M#
2703977,2703977,KAMPOTIKUDO SOOTHING ANTISEPTIC CR200GM#
2704235,2704235,AMANDA EYEBROW PENCIL/02#
2705597,2705597,STARVILLE FACIAL CLEANSER GEL 2X200M@
2705632,2705632,PHARMACERIS(FOUND.30M/01+ S.DRY OIL200)#
2706268,2706268,FLOSLEK S.CAR.A.SPOT CR GEL(50)30M1+50%@
2706354,2706354,METOBLEND HR LOSS SULPHATE FR.SHAMP200M#
2708617,2708617,PENDULINE KIDS PERFU.SP.TRO.BERRIES100M
3200426,3200426,ZINC ORIGIN 20MG 20/DISP.TAB
3200552,3200552,NEW-CLAV EX.642.9MG/5M(100ML)SUSP(P1)
3200927,3200927,FARBICURE 1% 15GM CREAM
3201335,3201335,CLINDASOL 1% 20GM GEL(P1)
3201465,3201465,CLEOCIN 50GM CREAM▓
3201559,3201559,ANDOURISTAT 80MG 20/F.C.TAB
3201887,3201887,MINIRIN MELT 60µ 30/TAB+●
3202419,3202419,PREGAVALEX 50MG 30/HARD GEL CAP
3202486,3202486,SWEETAL ZERO CALORIE SWEET.100SACH1G▓
3202532,3202532,COMBIVASC 5/20MG 20/HARD GEL CAP
3202697,3202697,VBDERM 50ML GEL+
3202837,3202837,BEEJAXIN 600MG 30/S.G.CAP
3202983,3202983,#$KLEMAZICE 40MG14/DELAY.ENT.CAP$#
3203377,3203377,RESPIMER AD.&CHILD NASAL IRRIGAT.KIT+▓
3203724,3203724,PREGABEDIUM 50MG 20/H.G.CAP©
3203751,3203751,RENU360M L.SOLU.+MAX TOUCH WIPS 80PC@#
3203984,3203984,SASMAR(W.B.L.)CHERRY 50M+P.COLADA 50M+@▓
3204578,3204578,QUELLA LASER 100GM CREAM GEL▓
3204611,3204611,FUTAPRAMIN 20MG 30/F.C.TAB
3204664,3204664,SYLLIU 20/SACH▓
3205047,3205047,JACY 30GM CREAM▓
3205506,3205506,PANADOL JOINT ER (EXTEND.RE.) 24/TAB
3205599,3205599,HYDROXYTOID 200MG 20/F.C.TAB♦
3205717,3205717,XECAMCOLD (500+100+6.1)MG 20/CAP
3206055,3206055,XICLAV 1G 14/F.C.TAB●
3206253,3206253,VENLATROPE 50MG 30/EXTEND.RE.F.C.TAB
3206349,3206349,CERELAC F.S.5CE.QU.BEET.&CARROT(6+)250G#
3206503,3206503,MEXMON 200MG 14/TAB▓
3207052,3207052,ESMATAC 40MG(DELAYED RE.)28/HARD GEL CAP
3207126,3207126,CERELAC WHEAT&MILK 500G+PLATE&SPOON@
3207881,3207881,SELF RIPPED BURN 30/VEG.CAP+▓
3207988,3207988,SYNTHA-6 ULT.PREM.CHOCO.MILKSHAKE2.27K+▓
3208413,3208413,NOMASSIST 20/F.C.TAB▓
3208509,3208509,NERVIZAM 30/H.G.CAP▓
3208596,3208596,OCTOCONVAL 100MG 30/CAP
3208602,3208602,RX 100GM MASSAGE SPRAY▓
3208695,3208695,SYNAGIS▼50MG/0.5ML IM 1/VIAL+®●
3208835,3208835,DIACURIMAP PLUS 25/5MG 30/F.C.TAB♦
3209094,3209094,ZETACOLEST 180MG 30/F.C.TAB
3209142,3209142,SMILEY FOX OMIGA VIT FRUITS FLA.60/GUM.▓
3209256,3209256,RENEWLIFE (OMEGA 3) 30/CAP▓
3209483,3209483,SIDERAL ACTIVE 20/CAP▓●
3209832,3209832,FERTI SPERM 30/H.G.CAP▓
3209919,3209919,ENSINY 50MG SKIN SOOTHING CREAM▓
3209986,3209986,LIPRAMO (10G/SAC)ORANGE FLAV. 10/SACH▓
3210588,3210588,ZOFRAN▼4MG/2ML IV/IM/IV-INFU 10/AMP+
3211103,3211103,PSORIALEIF 10.20&30MG 27/F.C.TAB♦
3211455,3211455,LIMITLESS CAFFEINE 80MG 20/O.DIS.FILM▓
3211653,3211653,FAST&UP▼L-ARGININE ORANGE 20/EFF.TAB+▓
3211749,3211749,PERFECT NEURA 30/H.G.CAP▓
3211936,3211936,ALAPOM 20/F.C.TAB▓
3212515,3212515,XALTEC 5MG 20/TAB
3212582,3212582,METHYTRAL 30ML NIPPLE CREAM▓
3439677,343967777,XXX
3500100,3500100,TRANDATE 100MG 250/TAB.!!
3500874,3500874,SALAZOCARE EN 500MG 100/E.C.TAB!!
3500908,3500908,GREEN COFFEE BEAN EXTRACT 800MG 90/CAP!!
3501248,3501248,NOW DMAE 250MG 100/VEG.CAP!!
3601036,3601036,CYCLOSPORIN 1% EYE DROPS 10ML ⌂▓
3700591,3700591,THERMOMETER HARTMANN DUO SCAN(EAR&HEAD)▓
3700818,3700818,HOT WATER BOTTLE-PIC(COMFORT)▓
3701440,3701440,GABRIALLA MATERN.MED.SUPP.BELT(XXL)MS96▓
3702175,3702175,DIABETIC SANDAL MOVE(ORTHOMED.)(37)▓
3702669,3702669,FIT THERAPY NECK 3/PATCH/FIT003+▓
28397077,2839707777,ROYAL REGIME TEA 25BAGES▓
30600811,3060081111,IBIAMOX 500MG 12/CAP(P2)
30600877,3060087777,IBIAMOX 500MG 12/CAP(P3)
32012881,3201288111,BIPERIDEN 2MG 30/TAB(P1)
32023157,3202315777,FORTAMIND 500MG/4ML 5/AMP(P)
32036717,3203671777,ERASTAPEX CO 40MG/5MG 30/F.C.TAB(P)●
32059167,3205916777,ZELAGAP 0.05% 6ML EYE DROP(P)
32059817,3205981777,BLEPHADEXOLINE 10ML EYE DROP®(P)
32069267,3206926777,TIRATAM 500MG 30/F.C.TAB(P2)
32075367,3207536777,CETAL 1000MG 15/TAB(P)
32081557,3208155777,AZATHIOPRINE-EVAPHARMA 25MG 30/TAB(P)♦
34024077,3402407777,TOBRIN 0.3% 5GM EYE OINT(P2)●
34073877,3407387777,CORASORE 150MG/ML 15ML ORAL DROPS(P)
34148577,3414857777,NEUROTON 6/AMP(P2)●
34266477,3426647777,RANI 150MG 6/EFF.SACH(P)
34312477,3431247777,MOMENTA 30GM CREAM+(P)
34653077,3465307777,VITAMIN E 1000MG 24/CAP(P2)
343967777,343967777,XXX
2839707777,2839707777,ROYAL REGIME TEA 25BAGES▓
3060081111,3060081111,IBIAMOX 500MG 12/CAP(P2)
3060087777,3060087777,IBIAMOX 500MG 12/CAP(P3)
3201288111,3201288111,BIPERIDEN 2MG 30/TAB(P1)
3202315777,3202315777,FORTAMIND 500MG/4ML 5/AMP(P)
3203671777,3203671777,ERASTAPEX CO 40MG/5MG 30/F.C.TAB(P)●
3205916777,3205916777,ZELAGAP 0.05% 6ML EYE DROP(P)
3205981777,3205981777,BLEPHADEXOLINE 10ML EYE DROP®(P)
3206926777,3206926777,TIRATAM 500MG 30/F.C.TAB(P2)
3207536777,3207536777,CETAL 1000MG 15/TAB(P)
3208155777,3208155777,AZATHIOPRINE-EVAPHARMA 25MG 30/TAB(P)♦
3402407777,3402407777,TOBRIN 0.3% 5GM EYE OINT(P2)●
3407387777,3407387777,CORASORE 150MG/ML 15ML ORAL DROPS(P)
3414857777,3414857777,NEUROTON 6/AMP(P2)●
3426647777,3426647777,RANI 150MG 6/EFF.SACH(P)
3431247777,3431247777,MOMENTA 30GM CREAM+(P)
3465307777,3465307777,VITAMIN E 1000MG 24/CAP(P2)
196003999852,196003999852,DB READ.GLASS.ORANGE(+3.00)/LRP3262\PL#
196003999926,196003999926,DB READ.GLASS.RED(+2.00)/PC815\PL#
452634895908,452634895908,BIO BALANCE(LAVEND.SHAMP+AR.COND.)150M@#
677443221933,677443221933,MOVE KNEE SUPPORT PADDED/XXL/MV033▓
733739030900,3501248,NOW DMAE 250MG 100/VEG.CAP!!
834266007202,3207988,SYNTHA-6 ULT.PREM.CHOCO.MILKSHAKE2.27K+▓
6040391213560,2839707777,ROYAL REGIME TEA 25BAGES▓
6225000177857,3202486,SWEETAL ZERO CALORIE SWEET.100SACH1G▓
