2020,2020,MAX TOUCH REFRESH WIPES 15PCS
3676,3676,Gift-Ezaby App Cerave Makeup Bag
7724,7724,TS DISNEY SPIDER MAN EDT 50/100M
69634,69634,TS FOGG MAGNETIC PERFUME SP.120M
69991,69991,TS MAYBELLINE TATTO.LINER GEL PENCIL/823
70221,70221,TS MAYBELLINE LIFTER LIP LINER/04
101318,101318,ZORA-C 20/LOZ.TAB
200279,200279,JOHNSON BABY POWD. 200M#
276595,276595,PANTOGAR 60/CAP
280411,280411,MIKI PANINNI LE18#
280738,280738,KRYOLAN BR MAKE UP FLAT (3806)#
281720,281720,SIGNAL CAVITY FIGHTER HERBAL EXTRACT 50#
283313,283313,B&B PLEA FRESHWATER CUCUMBER B.CR 226G#
283443,283443,ORTHOPRIM SIL FLAT FOOT CHILD (XL) P427▓
284583,284583,LIFEBUOY ANTIBACTERIAL SOAP CARE 130G#
285108,285108,LABELLO CLASSIC/ORIGINAL LIP BALM 4.8G
285658,285658,GARNIER(2P H.COL.+FRUC SHAMP.200)N/6.34
301198,301198,GENURIN SF 200MG 30/TAB
310004,310004,#OTRIVIN 0.1% 10ML NASAL SPRAY●
312569,312569,MIRACLE THUMB GRIP LEFT  XL(0045B)▓
320410,320410,NOXY LIFE 20/CAP.
321268,321268,URINE COLLECTOR BAG+LEG STRAP LONG 500M▓
321471,321471,XALACOM 2.5ML EYE DROP+®(P1)
321804,321804,MASS MAKER STRAWBERRY 41000MG 4.4KG▓
322405,322405,CENSOL 240ML VAG. DOUCHE.▓
323428,323428,AMFLUX 500MG 1/VIAL.
323561,323561,TOPICA 25GM CREAM▓
341451,341451,BENZYL BENZOATE 120ML LOTION
342520,342520,SHAPERD GROMMET TUBE FOR EAR▓
343211,343211,PHAROVIT 100ML SYRUP
344676,344676,HEPATICUM 50MG (120ML) SYRUP
344782,344782,CONVATEC POUCH BELT106 CM▓
345828,345828,PANTAZOL 40MG 14/TAB(P1)
370662,370662,NEBULIZER PIC MR.PANDA(child)▓
1708068,1708068,JINJA KID.HR ACCESS.PINK 2PCS/HDB-275
1708121,1708121,JINJA KIDS NECK ACCESS.1PCS/NC-61
1803033,1803033,JINJA KID.HR ACCESS.2PCS/HCL-950
2700346,2700346,FA ROLL ON PERF. WAV F/M 50ML 25%@#
2701525,2701525,GIFT JOHNSON TOWEL
2701842,2701842,TOPICREM(DA)EMOLLIENT BALM FACE&BODY200#
2702973,2702973,BELCLINIC EYE REPAIR CR SERUM 2X30M@#
2703480,2703480,I CLEAN HAND GEL CLEANS.OC.BLUE 110M\PL#
2703992,2703992,DETTOL A.BACT. SKINCARE SOAP 4X85G@#
2704214,2704214,AMANDA MILANO MOUSSE FOUNDATION/9#
2704917,2704917,LOLES N.SOAP REVIVING BLACK SEED 150G#
2705396,2705396,MILO BABY(LOT.250M+CR 150G+TOWEL)@
2705572,2705572,BOON GUARD A.BAC.SANITIZER HAND GEL500M#
2705684,2705684,SOFTLEES HAIR GROW SHAM.F/ALL HR 400M#
2706300,2706300,BIONIKE ACT.(SUN50+)50+CL.GEL200)1+50%@#
2708687,2708687,NEBULA S.SCREEN CR SPF(50+) 75M#
2708719,2708719,SEBA MED(HYDRAT.B.LOT.200M+DAY CR 50M)@
3200186,3200186,BABY KING WHEAT 125GM
3200267,3200267,MARVIT 100ML SYRUP
3200339,3200339,UNIPRIDOL 5MG/5ML (100ML) SYRUP
3200645,3200645,CIPRODIAZOLE 20/F.C.TAB(P1)
3200836,3200836,KIPROKINZA 750MG 10/F.C.TAB+
3201314,3201314,#ESOMELODAN 20MG 20/E.C.TAB
3201444,3201444,CIMZIA 200MG/1ML 2/PREF.SYRINGE+%%®
3201817,3201817,VERDENODEB 20MG 4/SCOR.F.C.TAB
3201862,3201862,ZANOGLIDE 30/2MG 30/TAB(P1)♦
3202096,3202096,MEMANTCARE 10MG 20/SCOR.F.C.TAB
3202122,3202122,XALATREX 0.005% 2.5ML EYE DROP®●
3202157,3202157,#$PRAZOLOSAB 20MG 20/TAB$#
3202584,3202584,ROVIAPREGA 150MG 20/H.G.CAP©
3202607,3202607,SPORTIVE(500MG+400MG) 30/HARD GEL CAP▓
3202672,3202672,PRISTIQ 50MG 30/EXTENDED RE.TAB+
3202799,3202799,SUPERMAG B6 (48+5)MG 30F.C.TAB
3202979,3202979,HYALO4 SKIN 30G GEL+▓
3203006,3203006,SAYANA 104MG/0.65ML SC 1/PREF.SYRINGE.+
3203392,3203392,MEFAC COLD+FLU 20/F.C.TAB∞
3203770,3203770,SEKEM DATE BITES W/COCONUT 120GM▓
3203965,3203965,NIXELECO 10/SACH▓
3204630,3204630,SCARMATE 60GM CREAM▓
3204685,3204685,ESLIZEPINE 400MG 20/TAB(P1)
3204748,3204748,MORNINGLOW INTIMATE FEMIN.WASH GEL 50GM▓
3204946,3204946,SULFAX PLUS 120GM GEL+ICY MENT.3/PATCH@▓
3205116,3205116,MADDOVIT MULT.VIT&MINERALS 100SCOR.TAB+▓
3205325,3205325,NOVELLX COOL.MENTHOL 120ML MASSAGE SPR.▓
3205390,3205390,SAXENDA 6MG/ML(SC)3ML 1/PREF.PEN+®♦
3205523,3205523,MAXAMIKA 100GM/2ML 1/VIAL
3205619,3205619,SIDERAL ACTIVE (24G/SAC) 15/STICK▓●
3205787,3205787,FLACORT 6MG 20/TAB
3206074,3206074,CALCI CARE 30/TAB+▓
3206427,3206427,XIBION 20/PIECES
3206452,3206452,GEMA-IRON 27MG 30/TAB
3207103,3207103,ARTIXIBAN 2.5MG 30/TAB2PACK+1FREE@(P1)♦
3207345,3207345,VOLA DAILY INTIMATE CLEANSING FOAM200ML▓
3207486,3207486,ROTAGUARD 120ML SYRUP▓
3207639,3207639,TIAPRIDE-CLAV.PH137.9MG30M O.SOL(P1)
3207712,3207712,HALOTRIPSINE 30/TAB▓
3207815,3207815,INFLAMOLOX 1% 30GM TOPICAL GEL
3208362,3208362,VARDATRIN 20MG 4/F.C.TAB
3208814,3208814,CONVENTIN XR 600MG 30/F.C.TAB⛒
3209075,3209075,ROCK PEX 200GM MASSAGE CREAM▓
3209273,3209273,GASTROPEXY 10MG 28/F.C.TAB
3209329,3209329,PLASTRID 50GM (SOOTHING) CREAM▓
3209479,3209479,VALUDAL 5000IU (60+30)/GUMMY@▓
3209884,3209884,OMNITAXIME 1G IM/IV-INFU 1/VIAL
3210136,3210136,PEA 600MG 30/H.G.CAP▓
3210349,3210349,FOLIPLEX ORANGE FLAV. 24/LOZ.TAB▓
3210415,3210415,PURA MAX 10/SACH▓
3210666,3210666,FEMOSTON CONTI 1/5MG 28/F.C.TAB+●
3210886,3210886,ASTRANTIA JOINT SUPPORT 60/TAB+▓
3211052,3211052,MAZORA OMEGA 30/S.G.CAP▓
3211474,3211474,CH.NUTRITION CREATINE 5000MG 150G▓
3211809,3211809,QUATRO VCAP-4V1 15/CAP+▓
3211913,3211913,ELTROGLAND EXTRA 30/H.G.CAP▓
3212534,3212534,TRUXIMA 100MG/10ML 2/VIAL+®
3500161,3500161,ROBITUSSIN EXPECTORANT 118ML SYRUP.!!
3500820,3500820,POTABA 3GM/SACH 40/SACH!!
3601013,3601013,POTASSIUM CHLORIDE 3.3% 300ML SYRUP⌂▓
3700376,3700376,OPPO SPINAL BRACE ALL(2166) SIZE (L)▓
3700505,3700505,VENOSAN 6002 LYCRA  AGH CCL2 (S)▓
3701371,3701371,ITA-MED KNEE HIGHS (XL)/H-304(BEIGE)▓
3701421,3701421,MAXAR TRAVEL SUPP.SOCKS(M)/H-170(BLACK)▓
3702154,3702154,FREESTYLE OPTIUM NEO BLD GLUC.MON+10ST@▓
5210448,5210448,JINJA HAIR CLIP/HCL-876
9410811,9410811,O.P.I NAIL LACQUER 15M /H47#
9670525,9670525,ORLY NAIL LACQUER PRINCE CHARMING/20715#
10500877,1050087777,FLUMOX▼500MG 1/VIAL(P)
30150652,30150652,MAYBELLINE SUPER STAY VINYL INK/30
30175532,30175532,MAYBELLINE S.ST.F.COV.U.EYE CONCEAL./10#
30205077,3020507777,KEFLEX 250MG (60ML) SUSP(P)
30234877,3023487777,DALACIN C 300MG 10/CAP(P3)
32017197,3201719777,GONAPURE▼150IU(S.C/I.M) 1/VIAL®(P4)
32023037,3202303777,KEPRADIL XR 750MG 30/F.C.TAB(P)
32023767,3202376777,BRADIPECT 7.5MG 28/F.C.TAB(P)
32043707,3204370777,BI-ALCOFAN 150MG 30/SCOR.TAB(P2)
32044207,3204420777,HUMALOG200UNITS/ML(3ML)5/KWIK PEN+®(P)♦
32221477,3222147777,FUCI-TOP 2% 15GM CREAM(P)
32366277,3236627777,NEVILOB 5MG 14/TAB(P)
32388277,3238827777,PREGNA TCU 380A W/SAFE LOAD LOOP+▓
34060377,3406037777,VITAFERROL 30/CAP(P)
96104446,96104446,XAVIER LAUR.XL GOLD DEOD.R.ON F/W 50M#
1050087777,1050087777,FLUMOX▼500MG 1/VIAL(P)
3020507777,3020507777,KEFLEX 250MG (60ML) SUSP(P)
3023487777,3023487777,DALACIN C 300MG 10/CAP(P3)
3201719777,3201719777,GONAPURE▼150IU(S.C/I.M) 1/VIAL®(P4)
3202303777,3202303777,KEPRADIL XR 750MG 30/F.C.TAB(P)
3202376777,3202376777,BRADIPECT 7.5MG 28/F.C.TAB(P)
3204370777,3204370777,BI-ALCOFAN 150MG 30/SCOR.TAB(P2)
3204420777,3204420777,HUMALOG200UNITS/ML(3ML)5/KWIK PEN+®(P)♦
3222147777,3222147777,FUCI-TOP 2% 15GM CREAM(P)
3236627777,3236627777,NEVILOB 5MG 14/TAB(P)
3406037777,3406037777,VITAFERROL 30/CAP(P)
26169036513,26169036513,BF SIGNATURE PINK VANILLA KISS B.SP.236M
26169063717,26169063717,BF COTTON CANDY B.SP. 50M#
50425076012,50425076012,L&B VOGUE LIPSTICK RED /7601#
50425076067,50425076067,L&B VOGUE LIPSTICK CUPID /7606#
52329146754,52329146754,CTI HAPPY VALETINE DAY CLASSIC HEART(18)
73950202411,73950202411,WATER PIK DENTAL HEALTH CARE WP/70#
74764101105,74764101105,ARDELL DURALASH SHORT BLACK#
74764471185,74764471185,ARDELL DOUBLE UP BLACK /205
74764611369,74764611369,ARDELL GLAMOUR BLACK /136#
74764651105,74764651105,ARDELL SELF-ADHESIVE LASHES /110S#
74764682192,74764101105,ARDELL DURALASH SHORT BLACK#
74764704597,74764704597,ARDELL MAGNETIC LASHES /113#
79400124043,79400124043,DOVE NUTRI OILS DRY/FRIZZ HR COND. 355M#
96200207158,9670525,ORLY NAIL LACQUER PRINCE CHARMING/20715#
196003999749,196003999749,DB READ.GLASS.D.PINK(+3.50)/LRP3966\PL#
196003999903,196003999903,DB READ.GLASS.BROWN(+1.50)/LRB3414\PL#
196007699739,196007699739,DELTA ANKLE SUPPORT (L)\PL▓
196007699915,196007699915,COMFY FOAM MEN BODY CORSET(XL)\PL▓#
617561903789,617561903789,L&B LASH GLAMOUR COLLECTION/EL17#
617561903994,617561903994,L&B QUICK FIX CLEA.EYELASH ADHESIVE/EL30
644216696291,644216696291,JOHN FRANCE ARGAN BODY SCRUB 500M#
677443221123,677443221123,MOVE ABDOMINAL BELT/M/MV020▓
731509535792,731509535792,KISS PREM.I-ENVY EYELASHES /KPE19#
731509557749,731509557749,KISS ACCENT STICKERS /NS28#
731509734942,731509734942,KISS BLOWOUT EYE LASHE/KBWL01C
731509966459,731509966459,KISS GEL FANTASY NAILS 28PCS/KGN21
736658580631,736658580631,WET BRUSH PRO DETANGLER/BWP830PROBL#
736658598216,736658598216,WET BRUSH MINI DETANGLER/BWR832ROCKPK
736658954142,736658954142,WET BRUSH ORIGINAL DETANGLER/BWR830BLUE
736658964400,736658964400,WET BRUSH FLEX DRY PROFESSIO./BWP800FXPR
764460583663,764460583663,RAW AFRICAN HYD.NOURI.LEAVE IN COND.200M
764460727234,764460727234,GRANZIA WAIST HEAT.PAD CENTR.73/HSBP210▓
769915190588,769915190588,THE ORDINARY AZELAIC ACID SUSPEN.CR.30M!
810135730976,810135730976,MIELLE ROSEM.MINT STREN.SHAMP.591M!
3014260228743,3014260228743,GILLETTE REGULAR FOAM SHAVE 200M#
3052503155104,3052503155104,BOURJOIS AIR MAT 24H FOUND./01#
3052503300207,3052503300207,BOURJOIS LA LAQUE NAIL POLISH /2#
3052503961507,3052503961507,BOURJOIS MELTING POWDER EYE SHADOW/15#
3141380005838,3141380005838,ARNAUD SEBO A.REGRE.SOOTH.CR OILY SK50M#
3248140806800,3248140806800,LOVEA JOJOBA HR STYLING CR 150G#
3282770049350,3282770049350,AVENE PHYSIOLIFT SMOOTH.NIGHT BALM 30M#
3337872411083,3337872411083,LA ROCHE EFFACLAR SENS.FOAM GEL 200M
3348901521406,3348901521406,C.DIOR JADORE INFINISSIME EDP F/W 50M
3386460087261,3386460087261,KARL LAGRFELD BOIS D.VETIVER EDT F/M100#
3386462158310,3386462158310,BLUE SHADOW EDP F/M 100M
3401342191550,3401342191550,DELAROM FACE CLEANS. GEL 125M#
3412240588403,3412240588403,ADIDAS TEAM FORCE DEO.F/M 150M!
3423470890136,3423470890136,NARCISO RODRIGUEZ FOR HER EDP F/W 50M
3574669907316,3574669907316,JOHNSON KIDS SHINY DROPS SHAMP.(NEW)300M
3600523192717,3600523192717,LOREAL MAGIC RETOUCH HR SP D.BLOND 75M!
3600523192762,3600523192762,LOREAL MAGIC RETOUCH HR SP.BLOND 75ML
3607345380247,3412240588403,ADIDAS TEAM FORCE DEO.F/M 150M!
3610340019906,3610340019906,LOREAL EXTRAORD.NOURISH.NORM SHAMP.200M
3610340023231,3610340023231,GARNIER PURE ACT.NEEM POW.FACE WASH 50M#
3610340630156,3610340630156,LOREAL TOTAL REPAIR(5)OIL REPL.300M20%@
3610340667251,3610340667251,LOREAL ELVIVE TOTAL REPAIR(5) COND.360M
3610340670978,3610340670978,LOREAL ELVIVE HYALURON PURE SHAMP.400M
3614225688157,3614225688157,BOURJOIS EYE CATCHING NUDE PALETTE/03
3614229065565,3614229065565,BOURJOIS HEALTHY MIX A.FAT.CONCEAL./53.5
3616300771389,3616300771389,BOURJOIS ROUGE VELVET INK LIPSTICK/19
3616303011154,3616303011154,BOURJOIS HEALTHY MIX CLEAN FOUND/004
3616303441302,3412240588403,ADIDAS TEAM FORCE DEO.F/M 150M!
3661434005596,3661434005596,URIAGE BARIESUN MAT SPF(50+)LIG.FLUID50M
3700281702583,2701842,TOPICREM(DA)EMOLLIENT BALM FACE&BODY200#
4001638098595,4001638098595,WELEDA SKIN FOOD ORIG.RICH CR DRY SK 75M
4005808366606,285108,LABELLO CLASSIC/ORIGINAL LIP BALM 4.8G
4006000005126,285108,LABELLO CLASSIC/ORIGINAL LIP BALM 4.8G
4008576028257,4008576028257,TITANIA BRUSH F/HR WOOD/2825
4008576367554,4008576367554,TITANIA HAIR CARE BRUSH HR/1627
4008576370653,4008576370653,TITANIA GIRLS CARE HR BAND 3PCS/7914#
4008576373982,4008576373982,TITANIA MAKE UP SPONGE/2933
4015600830243,4015600830243,PANTENE MOIST.RENEWA.OIL REPLAC375/350M#
4019042701048,4019042701048,MASCULAN SILK LUBRICANT 75ML GEL+▓
4038033332887,4038033332887,MARKWINS COLORS OF LOVE/3328800#
4056800868087,4056800868087,WELLA KOLESTON COL.CR W/OIL304/6 F.20%@#
4084500081192,4084500081192,CREST PRO-EXP.ALL FRESH MINT T.PASTE100#
4084500790018,4015600830243,PANTENE MOIST.RENEWA.OIL REPLAC375/350M#
4210201069102,4210201069102,BRAUN SERIES(5) FLEX MOTIONTEC 5090CC#
4210201114659,4210201114659,BRAUN SILK EPIL(5)W&D LEG&BODY+CAP5-511#
4210201219118,4210201219118,BRAUN BEARD TRIM.39LENG.+GILLET./BT7040#
4211125576165,4211125576165,BEURER SATIN SKIN PRO HR REMOVAL/IPL7500
4211125609016,4211125609016,BEURER BLD PRE.MON.LIMITED EDITION/BM23▓
4211125658151,4211125658151,BEURER BLO.PRES.MON.XL-DISP./BM40/65815▓
4713411099124,4713411099124,MUSIC W/NECK BOTTLE 260M /9912
4717237003099,4717237003099,BODYFIX ELAS.ANKLE SUP.A.SLIP(M)/B010▓
4987176176318,4987176176318,OLD SPICE KRAKENGARD DEO.B.SP.140M!
5000204928167,5000204928167,GLADE GEL CAR FRESHENER AQUA 70GM#
5031720201915,5031720201915,VITA+EAR PLUGS MOUL.WAX 3PAIR/66011▓
5038483195529,5038483195529,DUREX PLAY FEEL 100ML▓
5055639660113,5031720201915,VITA+EAR PLUGS MOUL.WAX 3PAIR/66011▓
5060040701362,5060040701362,BIO HAIRE CARE OILY HR SHAMP.400M#
5060565101340,5060565101340,REVOX  JUST CAFFEIN.5%EYE CONT.SERUM30M#
5281018020128,5281018020128,BEESLINE EXPRESS FAC.BLACKHEA.MASK10X8G#
5281018951354,5281018951354,BEESLINE BROWN TAN DRY FEEL OIL SP.150M#
5601683471887,5601683471887,PROTECHDRY F/WOMAN BLACK H.WAIST(XXL)▓
5901018015275,5901018015275,JOANNA ARGAN OIL SHAMP.DRY HR 100M#
5901928006639,5901928006639,LAREL DERMO SOFT MOIST.CR HYA.ACID 200M
5901928007452,5901928007452,LAREL DERMOVAX INTEN.RESTOR.HR MASK 300M
5903407181271,5903407181271,CANPOL SILICONE NIPPLE ORTHO 2PC/18-127#
5903407352084,5903407352084,CANPOL EASYSTART CUP 6M+ 240M/35-208
5903407561615,5903407561615,CANPOL WATER TEETHER (0+)M NO.56/161
5903407565101,5903407565101,CANPOL SPILL SPORT CUP /56-510#
5903407993539,5903407993539,LOVI STARDUST SOOTHER(0-3M)BLUE2P/22-892
5997307587028,5997307587028,MOMERT ELEC.SCALE BUTTERFLY 180KG/58702▓
6085010041155,6085010041155,ARMAF DERBY CLUB HOUSE B.MIST F/M 250M
6221039068001,6221039068001,LUNY GO GLOSSY SHINY COCO STARS 10M
6221039079032,6221039079032,LUNA NAIL SPA FAST DRY 10M
6221048042188,6221048042188,LUX MAGICAL BEAUTY SOAP 175G#
6221048056376,6221048056376,LIFEBUOY MILD CARE B.WASH 300M+LUFFA@#
6221048062070,6221048042188,LUX MAGICAL BEAUTY SOAP 175G#
6221048414244,6221048414244,CLOSE UP DIAMOND ATTRACT.FRESH WHITE75M#
6221053217311,6221053217311,NUNU BABY(SHAMPOO300M+BODY MILK 100M)@#
6221155039361,6221155039361,TRESEMME KERATIN SMOOTH(SHAM+COND)500M@#
6221155045003,6221155052209,LUX SOFT TOUCH SOAP 120G#
6221155052209,6221155052209,LUX SOFT TOUCH SOAP 120G#
6221155071620,6221155071620,DOVE N.SECR.STRENG.RITUAL SHAMP.400M25%@
6221155076571,6221155076571,DOVE INVISIBLE DRY DEOD.SP.F/W 150M25%@#
6221155097071,6221155097071,VASELINE INTENS.CARE COCO.B.LOT200M10%@
6221155106797,6221155052209,LUX SOFT TOUCH SOAP 120G#
6221155119780,6221155052209,LUX SOFT TOUCH SOAP 120G#
6221155130808,6221155130808,LUX MAGICAL ORCHID B.WASH 250M
6221155132468,6221155132468,LUX SOFT ROSE B.WASH 250M+LUFFA 15%@
6221155137814,6221155141682,DOVE BEAUTY CREAM BAR 90G DIS.3LE@
6221155137821,6221155141682,DOVE BEAUTY CREAM BAR 90G DIS.3LE@
6221155141682,6221155141682,DOVE BEAUTY CREAM BAR 90G DIS.3LE@
6221155158796,6221155158796,SIGNAL COMP.8 CHARCO.T.PASTE 50M D.15%@
6221155202208,6221155097071,VASELINE INTENS.CARE COCO.B.LOT200M10%@
6221155208309,6221155208309,REXONA MEN XTR.COOL DEO.SP.150M D.20LE@#
6221155608598,6221155608598,CLEAR WOMEN A.HR FALL SHAMP.360M CAF@#
6221954322817,6221954322817,CALMOMIL SKIN CR 50GM#
6222001552898,6222001552898,LORD QUEEN PLUS TWIN BLADE 4 DIS.RAZORS#
6222004196020,6222004196020,MIGOS HR BRUSH SHINEBOOST/03533
6222014508349,6222014508349,MINK HAIR OIL W/MINK&OLIVE OIL 100M#
6222017020268,6222017020268,LOREAL EXCELLENCE CR /6.66+SHAMP.200M@
6222017052733,6222017052733,LA ROCHE LIPIKAR(SYNDET CR400+BALM75)@#
6222019609188,6222019609188,INFINITY NAT.NAIL&CUTICLE BLENDE.OILS 4M
6222048702614,6222048702614,DETTOL DISINFECTANT LIQUID 475M 100LE@#
6223000658086,6223000658086,JOHNSON CR(GLYCERIN 100+REGULAR 2X100)@
6223000658239,6223000658239,LISTERINE COOL MINT M.WASH 2X250M 30%@#
6223001241492,6223001241492,ZEINA AROMA LAVENDER TOILET ROLLS 6PCS#
6223001382270,6223001382270,EVA COLLAGEN AGE(30+)FINE LINE FILLER50M
6223001388777,6223001388777,EVA RECIPE BERRIES SCENT SH.CR 370M
6223002233007,6223002233007,FIANCEE ONION&CASTOR 7IN1 HR CR 240M#
6223002235698,6223002235698,FIANCEE OLIVE OIL NOURISH.HR OIL 90M#
6223002530274,6223002530274,FUCHS ANTI BACT. T.BRUSH MEDIUM+COVER#
6223002823949,6223002823949,STARKY HERBAL HR DYE SHAMP.RED 250M/R30#
6223004370991,6223004370991,EVA ADV.CARE FOREVER LONG MOIST.MASK200G
6223004375170,6223004375170,EVA SKIN CARE VITAMINS 7IN1 FACIAL CR45G
6223004375606,6223004375606,EVA B-WHITE DEOD.CR SENS.SK 45GM15%@#
6223004377983,6223004377983,SENSODYNE FLUORIDE BLUE T.PASTE 50M10%@#
6223004681776,6223004681776,GLYSOLID SH.&CARE MUSK SH.CR 300M
6223007902274,6223007902274,MOOD TAHITI PERFUMED SH.GEL 750M
6223008160772,6223008160772,SOFICO KIDS HR &B.MIST TROPICAL PALM200M
6223008330793,6223008330793,TRICOVEL SEBUM OI.SHAMP.200M+COMB250LE@#
6223009460833,6223009460833,ERA NAIL POLISH 13M/113
6223009461175,6223009461175,ERA NAIL POLISH 13M/147
6223009461229,6223009461229,ERA NAIL POLISH 13M/152
6223009461373,6223009461373,ERA NAIL POLISH 13M/167
6223009505619,6223009505619,ZERO FRIZZ CURLY DEF.SHEA OIL COND.355M
6223009600420,6223009600420,DITTO FLOWER BABY PERFUME SP.F/W 200M#
6223012842961,6223012842961,BUBBLES CLASSIC FEEDING BOTTLE (0)M 120M
6223012843005,6223012843005,BUBBLES CLASSIC BOTTLE ROSE (1)M 180M
6224000666569,2020,MAX TOUCH REFRESH WIPES 15PCS
6224001542206,6224001542206,IGEA HYALURONIC ACID CR 40M#
6224001972461,6224001972461,KOLANOG PURE WONDER BODY WASH 200M
6224002293084,6224002293084,TWIST&GO(SHAMP.250G+LOT.250M)@#
6224002293299,6224002293299,DEAR WILD LAVENDER WHITE.DEO.R.ON 60M#
6224002293565,6224002293084,TWIST&GO(SHAMP.250G+LOT.250M)@#
6224002673077,6224002673077,ALTESSE SERENITE DEO.R.ON F/W 50M
6224003053106,6224003053106,COCO SKY PERFUME SP.F/W 120M
6224003073135,6224003073135,THE HAIR ADDICT T.HR COLOR COP.FLASH88M#
6224003073180,6224003073180,THE HAIR ADDICT T.HR COLOR PUR.POP 88M#
6224003073333,6224003073333,THE HAIR ADDICT AMBER SPICE HR PERFU.50M
6224003117303,6224003117303,DERMATIQUE CRYSTAL CLEAR LIP THERAPY 9M
6224007935026,6221954322817,CALMOMIL SKIN CR 50GM#
6224008041894,6224008041894,AVUVA HAND&BODY VANILLA MARSHMA.LOT.63M
6224008073819,6224008073819,STARVILLE WHITE.CLEAN.FOAM 200M
6224008235705,6224008235705,C2C BODY CORRECTOR FOUND.SPF(30)/108
6224008311119,6224008311119,BLENDS EXTRA VOLUME FINE HR COND.400M#
6224008311942,6224008311942,KARITES W/SHEA BUT.SPLIT ENDS SERUM 60M#
6224008573258,6224008573258,RUNWAY NAIL LACQUER 14ML /70026#
6224008573401,6224008573401,RUNWAY NAIL LACQUER 14ML /70041#
6224009363803,3211474,CH.NUTRITION CREATINE 5000MG 150G▓
6224009604906,6224009604906,BLANKIE DIAPER RASH CR 75M
6224010497511,6224010497511,ALEJON CORRECTIVE FOUND.SPF(50+)MATTE/1
6224010559240,6224010559240,BODYLICIOUS WHITE MUSK B.MIST F/W 217M
6224011102025,6224011102025,DERMATIQUE CONCEALER WARM LIGHT 10M#
6224011102216,6224011102216,BLANKIE DAILY MOIST.FACE&BODY KIDS 150M
6224011110488,6224011110488,NANOTREAT ADVANC.OILY SKIN CLEAN.200M
6224011133340,6224011133340,VEE ALLURE WHITE.CR 50GM
6224011326278,6224011326278,LIXORA SK FACE TONER O.MIX.&A.PRONE 200M
6225000150355,6225000150355,ZURIA FOOT CARE CR 100GM#
6225000522732,6225000522732,TRUE BUBBLE BATH & WASH 250 ML
6225000570573,6225000570573,SLINKY BEAUTIFUL A.HR LOSS LOT.120M
6251001263664,6251001263664,FINE BABY (2) (S) (3-6K) DIAP.40PCS#
6251007006500,6251007006500,HIGEEN A.BACT.DOOH H.GEL SANITIZER 50M#
6281006404106,6281006404106,PONDS AGE MIRACLE REPAIR NIGHT CR 50G#
6281031260067,6281031260067,PERT PLUS HENNA&HIBISCUS SHAMP. 200M
6291106280319,6291106280319,JOHN FRANCE HR OIL SNAKE 200M#
6294015102611,6294015102611,ARMAF HUNTER B.SP.F/M 250M#
6772505014038,6772505014038,DIVOL KIDS HR STYLING CR 250/200G
6773543221976,6773543221976,PRIVATE EXTRA THIN MAXI 8PCS 3+1@#
6931611316997,6931611316997,SHEGLAM CLOUDL.BLUR LIP LINER B.HORIZON!
6937620220492,6937620220492,LA FRUTTA PLA.FEED.BOTTLE(0M+)270M/22049
6937620226234,6937620226234,LA FRUTTA PACIFIER HOLDER/22623
6937620226883,6937620226883,LA FRUTTA DIGITAL THERMOMETER /22688
6971053494433,6971053494433,SHEGLAM VIVA LA LEOPARD EYESHAD.PALETTE!
6988254842581,6988254842581,AVENT NATU.BOT.(1M+)2x260M/SCF69427/25%@
7612367003209,7612367003209,MEDELA SOFTCUP ADVANCED CUP FEEDER
7640107010026,7640107010026,SKINCODE ESSEN.PURIFY.CLEAN.GEL 125M
7640107010255,7640107010255,SKINCODE ESSEN.MICELLAR WATER CLEAN.200M
7640107050145,7640107050145,SKINCODE EXCLUSIVE C.WR.PRO.EYE SERUM15M
7702018566327,7702018566327,GILLETTE FUSION 5 CH.LEAG(RAZOR+5BLADE)#
7702018592661,7702018592661,GILLETTE BLUE 3COMFORT DISPOSAB.9+3PCS@#
7702018955527,7702018955527,GILLETTE VENUS EMBRACE F/W 4BLADE
7896865665613,7896865665613,BIORGANIC PURPLE COLORED HR SERUM 100M#
8001090384843,8001090384843,ALWAYS COOL&DRY MAXI EX.LONG48PCS@#
8001090965615,8001090965615,OLD SPICE CAPTAIN 3 IN 1 B.WASH 400M!
8001841480084,8001841480084,ALWAYS FEATHER SOFT MAXI THICK LONG9PCS#
8003670377726,8003670377726,CHICCO EAU DE COLOGNE 100ML
8003670460428,8003670460428,ELASTIC BANDAGE FLEXA ELAS10CMX4.5M PIC▓
8006540838914,8001090965615,OLD SPICE CAPTAIN 3 IN 1 B.WASH 400M!
8009518118643,8009518118643,DEBORAH TERRA LUMI NAT.BRONZING POWD/03#
8009518208368,8009518208368,DEBORAH 24ORE EXTRA EYE LINER PEN BLACK#
8009518245370,8009518245370,DEBORAH SMOKEY EYE SHADOW PALETTE/01#
8032859212350,8032859212350,ADORE PEARL COLOR LENSES WHITE#
8051564602393,8051564602393,VERDEX ALBA WHITENING F/FACE SERUM 50M#
8054314690503,8051564602393,VERDEX ALBA WHITENING F/FACE SERUM 50M#
8058090001256,8003670460428,ELASTIC BANDAGE FLEXA ELAS10CMX4.5M PIC▓
8058090027928,8058090027928,PIC LITE RAPID BLD PRESSURE MONITOR▓
8058664041251,8058664058020,CHICCO W.B P.BOT.COL.BLUE SILC.330M(+4M)
8058664052691,8003670460428,ELASTIC BANDAGE FLEXA ELAS10CMX4.5M PIC▓
8058664058020,8058664058020,CHICCO W.B P.BOT.COL.BLUE SILC.330M(+4M)
8058664106820,8058664106820,CHICCO CAR SEAT COSMO.PEARL0:18KG/791638
8300961572007,8300961572007,RELAX MATERNITY NURSING BRA (M)
8412122053000,8412122053000,BETER PLASTIC FREE NAIL FILE 2PCS/05.300
8412668145603,8412668145603,ET PUZZLE IDENTIV ANIMA.36CARD N/14560#
8436562290764,8436562290764,ROOFA CUTICLE SCISSOR+FILE /051NC#
8680512611127,8680512611127,BIOBLAS A.HR LOSS MO.SHAMP DRY&DAM.200M#
8680742422005,8680742422005,TRINA PROFESSIONAL EYEBROW RAZOR 2PCS!
8690555512442,8690555512442,BANAT T.BRUSH POCKET JUNIOR SOFT
8690555513746,8690555513746,BANAT T.BRUSH GALAXY MEDIUM 1+1@#
8690797109028,8690797109028,WEE BABY MANUAL BREAST PUMP/902#
8697711700170,8697711700170,BIO BALANCE CITRUS SHAM.F/GREAS.HR 330M#
8699216343456,8699216343456,FRANO DIAMOND VAMP B.MIST F/W 250M#
8700216956826,8700216956826,ALWAYS PROT.PLUS ULT.SLIM EX.LONG 7PCS
8710103868309,8710103868309,AVENT AN.COLIC BOTT.PINK(0M+)125ML/81117
8710103914051,8710103914051,PHILIPS SERIES5000 HR.CLIPPER/HC5630/15#
8717163004869,8717163004869,DOVE GO FRESH CUCUMBER DEOD. 250M#
8718885918694,8718885918694,EEZZY MOBILE GRAB RAIL/60110040▓
8808033120755,8808033120755,SOMANG KERATIN HR COATING ESSENCE 100M#
8809576260663,8809576260663,SKIN1004 CENTELLA AMPOULE 100M!
8809695240577,8809695240577,SEOUL 1988 RETINAL LIPOSOME 4%EYE CR30M!
8850217180406,8850217180406,TRUE FEEDIN.BOWL W/SPOON&S.RING/2018040#
8889889925510,8889889925510,STETHOSCOPE GRANZIA PRACT.D.HEAD/HS-30J▓
8901088080279,8901088080279,PARACHUTE ADVANSED ALOE VERA HR OIL150M#
8901138500078,8901138500078,HIMALAYA GEN.EXFOLIAT.WALNUT SCRUB 150M#
8901138509217,8901138821227,HIMALAYA OIL CONTROL LEMON FACE WASH 50#
8901138821227,8901138821227,HIMALAYA OIL CONTROL LEMON FACE WASH 50#
9123458100120,9123458100120,HIGH CARE SLIMMING BELT 20CM▓
9300830024483,8717163004869,DOVE GO FRESH CUCUMBER DEOD. 250M#
9314839003349,9314839003349,EGO QV FACE NIGHT CR 50G#
9780201379174,9780201379174,BIOBLAS A.HR LOSS SOFT STYLE GEL2x150M@#
6931255250022,6931255250022,BLOOM&BRUSH SCISSORS/BB002
3264680045295,3264680045295,NUXE MERVEILL.LIFT EYE LIGHTER SERUM12M
6224004110518,6224004110518,DEAR HYDR.MOIST.CR.PANTHE.F/DRY SK 200G@
3661434009303,3661434009303,URIAGE DS HAIR ANTI-DANDRUFF SHAMP.200ML
