12,12,INJECTION FEES
160,160,GAUZE BANDAGE 15CM▓
6238,6238,TS AXIS CAVIAR PERMIUM EDT F/M 90M
6285,6285,TS NARCISO RODRIGUEZ POUDREE EDP F/W 90M
69778,69778,TS FOGG INTENSE ORIENTAL EDP F/M 50M
69954,69954,TS JAGUAR STANCE EDT F/M 100M
101377,101377,CIPROFLOXACIN 500MG10/TAB(AMRIYA)(P1)
102174,102174,RHEUMISAL 60ML LINIMENT
262142,262142,BIGEN HR COLOUR BLACK BROWN/58
277401,277401,ALTER EGO SPECIAL OLIVE WAX CR. 500M#
282566,282566,PANTENE SHEER VOLUME OIL REPLA.375/350M#
283226,283226,CIAO N.POLISH REMOV. APPLE 125M#
284054,284054,LUNA MINI N.POLISH /60#
284861,284861,PRONET HAIR LOTION FOR EXTERNAL USE120M#
284928,284928,HERO BABY 8 CEREALS W/MILK 150G+
284995,284995,SIMCAN COMFORT PLUS SOCKS( S WHITE)519▓
285167,285167,KRYOLAN GLAMOUR GLOW 9072 BRONZING SUN#
285800,285800,SUNSILK DAMAGE RECONSTRUCTION SH.190ML@
301289,301289,SURGAM 300MG SR 10/TAB
302543,302543,TMJ(FOR KIDS) APPLIANCE #▓
310320,310320,IRBESARTAN 150MG 20/TAB
321207,321207,#EPIRUBICINE(MYLAN) 200MG/100ML1/VIAL+®♦
321290,321290,MOSAPRIDE 2.5MG 10/TAB(P3)
321571,321571,SCHIZOFY 30MG 10/TAB
322062,322062,PAINICA 75MG 20/CAP©
323447,323447,ANTINAL 200MG 24/CAP(P3)
324158,324158,REPAGLID 1MG 20/TAB
340224,340224,STIMULAN 400MG 30/CAP(P3)
340909,340909,DIGEST EZE 20/CAP(P3)
341238,341238,VACCINE (FLUARIX) 1/PREF.SYRINGE+®
341494,341494,#$ATROPINE SULPH. 25/AMP$#
341511,341511,CURAM 625MG 12/TAB(P3)
341700,341700,THERMOMETER OMRON FLEX TEMP▓
346235,346235,OCUCARPINE 1% 10ML EYE DROP
348000,348000,INNOHEP 10.000U 0.35ML 1/PREF.SYRINGE+®♦
350698,350698,CENTRUM 100/TAB.!!
351334,351334,GESTONE 100MG/2ML 10/AMP!!
356447,356447,NEXIUM 40MG 28/TAB!!
370245,370245,MAXAR NEOPRENE KNEE BRACE(XL)/NKN209▓
370379,370379,JASPER CLAVICLE BELT  XL (FSP-901)▓
370515,370515,CATHETER SILICON 2WAY6INF L.GREEN CHINA▓
411201,411201,VET-POLICE COLLAR F/DOG•••
1708007,1708007,JINJA RING HAND ACCE.GOLD2PCS/RG-181
1708090,1708090,JINJA KID.HR ACCESS.2PCS/HCL-436
2702455,2702455,MENTOR GEL BREAST IMPLANT 1/PCS)(J&J)▓
2704031,2704031,AMANDA SUPER LONG WEAR MATT LIPSTICK/16#
2704174,2704174,AMANDA EXTRA VOLUME LIPGLOSS/5#
2704804,2704804,GIFT PAMPERS BABY WIPES SENS.56PCS
2706002,2706002,BELLA ONE DAY COLOR C.LENSES BLUISH GRAY
2708736,2708736,HAUT-SEGALA B.BUT.(COCONUT+SHEA)2X120M@#
2708743,2708743,LA ROCHE EFFACLAR MAT SEBO C.MOIST.40M@%
3200363,3200363,OLIZONE 30GM CREAM
3200529,3200529,RETRO(WHITENING) 30GM CREAM
3201074,3201074,FOOTIC 40GM FOOT CREAM
3201131,3201131,PAL-MASH 1MG/GM 30GM CREAM
3201218,3201218,FLUSTAT 10/TAB∞
3201760,3201760,FINE(SOOTHING) 100ML LOTION
3201904,3201904,FARCOBRASONE(3MG+1MG/ML)5ML EYE DROP(P)
3202549,3202549,NERVATYCA 75MG 20/CAP
3202923,3202923,SOLVAZINC 50MG 30/H.G.CAP▓
3202956,3202956,EPIRELEFAN 40MG/ML(1ML)IA/IM 1/AMP(P1)
3203252,3203252,#XEREXOMAIR 100MG/5ML (30ML) SUSP
3204727,3204727,AXIRED 20/TAB
3205636,3205636,C4 ORIGINAL FRUIT PUNCH 30/SERV. 195G+▓
3205643,3205643,APTAMIL PREMIUM+(2)ADVA. 400G MILK POW.+
3206105,3206105,PENTASA XTEND2G PROLON.RE.GRAN.60/SACH+♦
3206286,3206286,PURITANS P.TRIPLE OMEGA3-6-9MAX.120GEL+▓
3206691,3206691,UBM IMMUNE 30/CAP▓
3206714,3206714,VESANOID▼10MG 100/CAP+%%▓●
3206875,3206875,MOVICAN 30/F.C.TAB▓●
3207029,3207029,LIMITLESS MAN MAX 90+10FREE/F.C.TAB@▓
3207616,3207616,VIZIMPRO▼30MG 30/F.C.TAB+♦
3207663,3207663,JUSTCIL 20/TAB▓
3208015,3208015,AQUALARM 0.2% 0.5ML EYE DROP 30/AMP+▓
3208204,3208204,MUNOTREX SR 30/S.R.TAB▓
3208679,3208679,MANUKA COMVITA HONEY 10+UMF 500GM+▓
3208745,3208745,PHENYTOIN-AIT 40MG/150ML SPRAY
3208918,3208918,CAMPHOPLEX MASSAGE OIL 300ML▓
3209139,3209139,CAMIXER (MANGO FLA.) 120ML LIQUID▓
3209306,3209306,ALCOVIVA 10/H.G.CAP▓●
3209373,3209373,SOOJEZ 100GM MASSAGE CREAM▓
3209423,3209423,ALPHAMYLASE 60MG/10ML 80ML SYRUP▓
3209456,3209456,SUNNYRROIDS 15GM OINT
3209849,3209849,CINAVY 20/TAB▓
3210313,3210313,L-ARGININE 1000MG 30/TAB▓
3210366,3210366,NITHALO FOR WOMEN (50+) 30/TAB▓
3211314,3211314,EZASTATIN 10/40MG 30/TAB
3211505,3211505,RED REX STOMP WATERMELON 455GM▓
3211686,3211686,MELATONIN (COLA FLAV.) 60/GUMMIES▓
3211826,3211826,FOXILAGE 30ML STRAW.FLAV.ORAL DROPS▓
3211853,3211853,ADALIMAB 40MG/0.8ML (S.C)1PREF.SYRINGE®♦
3212030,3212030,AXOMYELIN 30/H.G.CAP▓
3212328,3212328,TRITACE MAX 10MG/25MG 30/TAB
3212395,3212395,MODERN CRANBERRY 120ML SYRUP▓
3212478,3212478,RADIAN ICE 150 ML GEL+▓
3701082,3701082,EXTERNAL NASAL SPLINT SIZE (L)▓
3701271,3701271,SOFT CARE IMPACT GEL INSOLES(M)/SI340D▓
3701507,3701507,MAXAR WRIST SPLINT(XL)/WRS202▓
3701590,3701590,PLASTER SENSOMED HYDROCOLLOID(ASS.)6PCS▓
3701921,3701921,FLAMINGO WRIST&FOREARM SPL.XXL/OC2016▓
3702058,3702058,P.BIDET(SHATTAF)775ML(2/PC)/FRESH BUZZ@▓
3702199,3702199,FREESTYLE OPTIUM NEO+ROYAL DIABE.25BAG@▓
3702410,3702410,DIABETIC SHOES GOLD MOVE(39)▓
3702487,3702487,COLOPLAST CLOSE.OPAQ.POUCH 60 30PC/1683▓
3702564,3702564,ALFERDOUS SILIC.HEEL CUP(L)(ZERA)▓
10200877,1020087777,EPICOGEL 180ML SUSP(P2)
31302277,3130227777,VISINE ORIGINAL 0.05%EYE DROP 15ML+(P)
32003377,3200337777,PRAMOVER 20GM OINTMENT(P)
32013817,3201381777,FLUIMUCIL 600MG SUG.FREE 10/EFF.TAB+(P2)
32021597,3202159777,MEDALGESIC 10MG/ML IV-INF100ML 1/VIAL(P)
32027977,3202797777,EFALEX 30/S.G.CAP(P)
32056177,3205617777,DIAMICRON 60MR 30/TAB(P)●♦
32077697,3207769777,GLAPTIVIA PLUS50/1000MG 30/F.C.TAB(P)♦
32077837,3207783777,DONAZEPINE 28MG/10MG 20/H.G.CAP(P)
32081991,3208199111,CHOLEROSE PLUS 5/10MG 28/F.C.TAB(P1)
32094777,3209477777,EXFORGE 10/160MG 14/TAB(P2)
32327877,3232787777,DALACIN 2% 16.5GM VAG.CREAM(P)
34152877,3415287777,TRITOSPOT 15GM CREAM(P2)
34343877,3434387777,VALCYTE 450MG 60/TAB+(P)
34390077,3439007777,LEVOXIN 250MG 5/TAB(P)●
34421977,3442197777,TAXOTERE DOCETAXEL 80MG 1/VIAL+®(P)♦
34469577,3446957777,MONICURE NH 6/VAG.SUPP(P)
34871477,3487147777,CIALIS 20MG 2/TAB+(P2)
99301135,99301135,B.C CEN TOYS MOUCE LE95 /838-18
1020087777,1020087777,EPICOGEL 180ML SUSP(P2)
3130227777,3130227777,VISINE ORIGINAL 0.05%EYE DROP 15ML+(P)
3200337777,3200337777,PRAMOVER 20GM OINTMENT(P)
3201381777,3201381777,FLUIMUCIL 600MG SUG.FREE 10/EFF.TAB+(P2)
3202159777,3202159777,MEDALGESIC 10MG/ML IV-INF100ML 1/VIAL(P)
3202797777,3202797777,EFALEX 30/S.G.CAP(P)
3205617777,3205617777,DIAMICRON 60MR 30/TAB(P)●♦
3207769777,3207769777,GLAPTIVIA PLUS50/1000MG 30/F.C.TAB(P)♦
3207783777,3207783777,DONAZEPINE 28MG/10MG 20/H.G.CAP(P)
3208199111,3208199111,CHOLEROSE PLUS 5/10MG 28/F.C.TAB(P1)
3209477777,3209477777,EXFORGE 10/160MG 14/TAB(P2)
3232787777,3232787777,DALACIN 2% 16.5GM VAG.CREAM(P)
3415287777,3415287777,TRITOSPOT 15GM CREAM(P2)
3434387777,3434387777,VALCYTE▼450MG 60/TAB+(P)
3439007777,3439007777,LEVOXIN 250MG 5/TAB(P)●
3442197777,3442197777,TAXOTERE DOCETAXEL 80MG 1/VIAL+®(P)♦
3446957777,3446957777,MONICURE NH 6/VAG.SUPP(P)
3487147777,3487147777,CIALIS 20MG 2/TAB+(P2)
196003999713,196003999713,DB READ.GLASS.ORANGE(+3.50)/LRP4090\PL#
196003999766,196003999766,DB READ.GLASS.GREY(+3.00)/LRP3689\PL#
196003999829,196003999829,DB READ.GLASS.PURPLE(+2.50)/LRP3665\PL#
196007699716,196007699716,DELTA VERTEBRAL BELT (XL)\PL▓
196007699763,196007699763,DELTA WRIST SUPPORT (L)\PL▓
6221039072053,284054,LUNA MINI N.POLISH /60#
6221039301058,262142,BIGEN HR COLOUR BLACK BROWN/58
32113627,3211362777,MELACRYST 3MG 20/O.D.FILM(P)
3211362777,3211362777,MELACRYST 3MG 20/O.D.FILM(P)
