5905,5905,TS BARBIE EDT F/W 100M
6355,6355,TS ZAK INTENSE DEEP BLUE EDP F/M 150M
69840,69840,TS BIORGANIC DR.PEEL.F/FACE&NECK SOL.30M
70006,70006,TS EIGHTEEN PLUS BULG.BLOO.B.SPLASH 253M
103030,103030,ABIMOL 300MG INF. 5/SUPP●
106002,106002,EPICOCILLIN 500MG CAP
200038,200038,GLADE AIR FRESHNER ROSE 300M
205015,205015,ACTRAPID 100IU/ML3MLX5PENFILL+®(P1)♦
220003,220003,FLIXONASE NASAL SPRAY+(P1)●
260762,260762,SAFETY FRUCTOSE 450G▓
260869,260869,ISIS UNITONE CR 30M#
266463,266463,BIGEN SPEEDY HR COLOR BLACK /881
270554,270554,BEAUTY FAILE 4 FACES LE12.50#
281194,281194,KRYOLAN-P-SUPRACOLOR /NB01#
282098,282098,KRYOLAN DERMACOLOR-FIXIER POWDER P2#
285442,285442,JOHNSON BABY CAMOMILE OIL 75M#
301023,301023,BLOKIUM DIU (100MG+25MG) 15/TAB(P1)
301096,301096,ETIBI 500MG 25/TAB
312328,312328,FASTCURE 20MG 7/CAP
320022,320022,GUAVA REEM 120ML SYRUP▓
320185,320185,SENDOCIN 9 12/VAG SUPP+
320264,320264,PROMET HAIR 120ML LOTION
320646,320646,ADH DRESSING BM 9X20CM 50/PCS(W9020)▓
320772,320772,#$DICLOTAZEN 50MG 10/SACH$#
320835,320835,I-M CLAVICLE SUPPORT OH-101A.#▓
321681,321681,OPTIAMINO 25GM 4/SACH▓
322095,322095,ANAFRONIL▼SR 75MG 20/TAB(P3)
322121,322121,EPIAO 2000IU 1/VIAL+®
322569,322569,MEPAFLOXIN 750MG 5/TAB
322587,322587,MONTANA (ROYAL JELLY 1000MG) 10/CAP
322604,322604,CYSTINOL 20/CAP(P1)
322671,322671,PROGEST 100MG 24/CAP(P1)
323005,323005,CANESTEN 500MG 1/VAG. TAB
323391,323391,VANO 50MG CREAM▓
323773,323773,GLARYL 4MG 30/TAB♦
323812,323812,TIRALEPSY 1000MG 10/TAB
323966,323966,TIMOGEL 5ML EYE GEL
325458,325458,JASPER POUCH ARM SLING UNISIZE(JAS-PASS▓
341092,341092,BUTTERFLY SCALP VEIN SET 23 LIGHT BLUE▓
341355,341355,CORTILON FLUDROCORTISONE 20/TAB
341580,341580,MULTIVIT 14/CAP
341603,341603,MERCURIAL SPHYGMOMANOMETER(JAPAN)▓
342066,342066,SORBISTERIT 500MG POWDER+
342905,342905,STILNOX 10MG 20/TAB.©
343490,343490,LYRICA 150MG 20/CAP©
343986,343986,KETODERM 2% 20GM CREAM
344187,344187,STERI-STRIP 12X50MM (R 1549)▓
344271,344271,DECONGESS-L 14/CAP∞
344495,344495,CIPRA-PRO 10MG 14/TAB
344521,344521,#$REHYDRO-ZINC 10/SACH$#
344688,344688,#IVERZINE 6MG 8/TAB●
345236,345236,SELENIUM VIT 30/TAB.▓
345566,345566,OCTATRON 20/CAP▓
345694,345694,GLIMEPIRIDE-PLUS 4/30MG 10/TAB♦
353451,353451,MELATONIN 300µ 120/TAB!!
356005,356005,NICORETTE 4MG ORIGINAL 105/GUM.TAB!!
1221014,1221014,FRIGG PACIFIER PACK OF 1 ROSE GOLD
2701489,2701489,GIFT EVA SK CARE BAG
2703128,2703128,MONTAGE AMORALLE SOIR PERFUME SP.F/W200#
2704796,2704796,SUNSILK SHINE&STRENGTH SHAM.350M+OIL75@
2705030,2705030,ALLUXE BIOTIN VOLUM.LAS.SERUM A.AGING7M#
2705368,2705368,BELLA ELITE COLOR LENSES WILD HONEY#
2706101,2706101,KOLAGRA C S.SERUM 50M+EYE CONTOUR 30M@#
2707216,2707216,KOLAGRA HA HYALURONIC ACID SERUM 2X30M@
2708837,2708837,R.K REUSABLE NAILS 24PCS/29
3200017,3200017,GASEOFLATEX 125MG 20/TAB
3200178,3200178,CAMPREX 30GM GEL▓
3200747,3200747,MOTIVAL 10MG 20/TAB
3201623,3201623,ELONDA 0.5MG 2/SCOR.TAB(P1)
3201696,3201696,DRINA INTIMATE FEMININE WASH 250ML▓
3202330,3202330,STATURIC 120MG 30/SCOR.F.C.TAB●
3203179,3203179,ORGOROXABAN 10MG 10/F.C.TAB♦
3203197,3203197,KEMAGEL SILICONE (F/SCARS)15ML DISP.GEL▓
3203531,3203531,#$SALAZO SULPH PYRINE500MG 20/E.C.TAB$#♦
3203544,3203544,LORASWAB 5MG/5ML(5ML) ORAL SOLU. 20/AMP
3203629,3203629,BURNASORES 0.25% 15GM OINT(P3)
3203827,3203827,LIPTON MINT 20/BAGS▓
3204026,3204026,E YEAST(400MG+13.333MG)20/S.G.CAP(P1)
3204093,3204093,KONOZ BLACK SEED HONEY 1000GM
3204152,3204152,ATOVERA (SOOTHING) 30GM CREAM
3204215,3204215,GROWTH FORMULA STRAWBERRY F/KIDS 400GM▓
3204484,3204484,NORGESTADIOL(0.25MG+0.035MG) 21/F.C.TAB
3204839,3204839,BREVA 10000IU D3 30/C.TAB▓
3205267,3205267,ESTRACEPTIVE (35µ+250µ) 21/TAB(P1)
3205289,3205289,CHOLEROSE PLUS 10/10MG 14/F.C.TAB
3205818,3205818,VIASALMOL PLUS(100µ+50µ)200/M.DOSE INH.
3205937,3205937,SULFAX OPTIMA 50GM GEL▓
3206600,3206600,CALCI-CAL N(ORANGE&GRAPEFRUIT)100M SUSP
3206907,3206907,STEADYFUTAL 24MG 40/TAB(P1)
3207247,3207247,FERTINA (BONAVIDEA) 30H.CAP+30S.CAP+▓
3207478,3207478,HERBALAND CALCIUM+K2+D3 60/GUMMY+▓
3208170,3208170,DEVART B12 1000MG 30/TAB▓
3209638,3209638,MANUKA HEALTH HONEY 6+UMF/115+MGO250GM+▓
3210214,3210214,GINIPIN COLLAGEN W/HYA.A&VIT.C2X60/CAP@▓
3210698,3210698,KERENDIA 10MG 28/TAB+
3210759,3210759,LIMITLESS ALPHA WHEY PR.CON.CO.MOCHA2KG▓
3210878,3210878,SOFI LIFE FIZZ PLUS MG+B6FORTE20EF.TAB+▓
3211200,3211200,VACCINE(BEXSERO)0.5ML1PR.FIL.SUSP.SYR+®
3500373,3500373,OSTEOCARE CHEWABLE 30/CHEW.TAB!!
3500405,3500405,OTRIVINE 0.1% ADULT 10ML NASAL DROP!!
3501019,3501019,FERMATHRON S 69MG/3.0ML 1/PREF.SYRINGE!!
3501176,3501176,MOUNJARO KWIKPEN7.5MG(S.C)1PR.FIL.PEN!!®
3600310,3600310,PARAFFIN OIL 100ML SOLUTION ⌂
3600440,3600440,SALICYLIC ACID 3% 30GM OINTMENT ⌂▓
3700388,3700388,OPPO THIGH SUPPORT (1040) (M)▓
3700469,3700469,EXTERNAL(CONDOM) CATHETER/XL▓
3700704,3700704,VITA+FABR.PLASTER(2X7CM)24PC/VES002▓
3700771,3700771,MAXAR ELBOW SUPP.(WOOL)(M)/TEL201▓
3702360,3702360,COOLING GEL BABY COOL GEL(4X2SH.)X4PAC@▓
3702733,3702733,ADH DRESSING PIC SOFFIX MED 15X8CM 5PCS▓
3702786,3702786,PRIME CAST FIBER GLASS CAST.TAPE(4)INCH▓
3702845,3702845,FLYON D.POCK.ARM SL.WAIST BELT/XL/1423B▓
6363287,6363287,GIBAUD CLAVICLE BRACE(BACK STRA)(L)6210▓
10410977,1041097777,TRI-B 6/AMP(P2)
32034647,3203464777,ENTRESTO 200MG 56/F.C.TAB+(P)
32036061,3203606111,ERASTAPEX CO 40MG/10MG 30/F.C.TAB(P2)
32038531,3203853111,IBRANCE 125MG 21/TAB+(P1)●♦
32038557,3203855777,NOVACTAM 375MG 12/TAB(P)
32048107,3204810777,LEZBERG PLUS 40/25 MG 30/F.C.TAB(P)●
32063997,3206399777,HYRIMOZ 40MG/0.8ML(S.C)2/PRE.SYR.+®(P)♦
32071697,3207169777,DAPAGLIF PLUS 10/1000MG XR 14F.C.TAB(P)♦
32072807,3207280777,SULCEFOZONE(1G+0.5GM)IM/IV INFU 1VIAL(P)
32092197,3209219777,JOVIAPRAM 10MG 30/F.C.TAB(P)
32132677,3213267777,SYMBICORT 160/4.5µ60/DOSE TURBUHAL.(P)
32240277,3224027777,SYSTANE 10ML EYE DROP+(P2)▓●
32524977,3252497777,SPIRAZOLE FORTE 20/TAB(P)
1041097777,1041097777,TRI-B 6/AMP(P2)
3203464777,3203464777,ENTRESTO 200MG 56/F.C.TAB+(P)
3203583777,3203583777,INLYTA 5MG 56/F.C.TAB+(P)●♦
3203606111,3203606111,ERASTAPEX CO 40MG/10MG 30/F.C.TAB(P2)
3203853111,3203853111,IBRANCE 125MG 21/TAB+(P1)●♦
3203855777,3203855777,NOVACTAM 375MG 12/TAB(P)
3204810777,3204810777,LEZBERG PLUS 40/25 MG 30/F.C.TAB(P)●
3206399777,3206399777,HYRIMOZ 40MG/0.8ML(S.C)2/PRE.SYR.+®(P)♦
3207169777,3207169777,DAPAGLIF PLUS 10/1000MG XR 14F.C.TAB(P)♦
3207280777,3207280777,SULCEFOZONE(1G+0.5GM)IM/IV INFU 1VIAL(P)
3209219777,3209219777,JOVIAPRAM 10MG 30/F.C.TAB(P)
3213267777,3213267777,SYMBICORT 160/4.5µ60/DOSE TURBUHAL.(P)
3224027777,3224027777,SYSTANE 10ML EYE DROP+(P2)▓●
3252497777,3252497777,SPIRAZOLE FORTE 20/TAB(P)
677443220615,677443220615,MOVE CLAVICLE SUPPORT/XL▓
3031500311140,260869,ISIS UNITONE CR 30M#
6221039301218,266463,BIGEN SPEEDY HR COLOR BLACK /881
6223002630868,3204215,GROWTH FORMULA STRAWBERRY F/KIDS 400GM▓
6281100870258,200038,GLADE AIR FRESHNER ROSE 300M
3212713,3212713,BIOTONICS BIO-VIT D3 (4000 IU) 30/CAP+▓
