94,94,SYRINGE 2ML BD 5PCS+1PCS FREE @▓
5974,5974,TS MONT BLANC LEGEND SPIRIT EDT F/M 100M
6324,6324,TS ARMAF HUNTER EDP F/M 100ML
69857,69857,TS MOOD BOLD PREMIUM B.SPLASH F/W 175M
70015,70015,TS BOURJOIS BROW REVEAL PUSH-UP WAX/4
70060,70060,TS BOURJOIS ROUGE VELVET LIPSTICK/15
101014,101014,CONTAFLU 20/TAB∞
101199,101199,#$CIDOPHAGE RETARD 850MG 30/TAB$#
101205,101205,CHENISOLVE 20/TAB
101270,101270,DO-SPA 40MG 20/TAB
113053,113053,OCUCARPINE 3% 10ML EYE DROP
260528,260528,COREGA BIO FORMULA 14TABS#
276383,276383,NIVEA FRESH NATURAL DEOD.SP.F/W 150M#
276691,276691,PANTENE DAILY CARE 2X1 SHAMP.200M
277995,277995,FRESHDAYS PRIVATE SINGLES PANT 18PCS#
278068,278068,KRYOLAN TV PAINT STICK ART (5047) /W01#
281200,281200,KRYOLAN-P-SUPRACOLOR /EF22#
282498,282498,ORTHOPRIM HALF INSOLE P410▓
284607,284607,KRYOLAN BRUSH MAKE UP NO.3806#
284852,284852,BEURER DESIGN DIAGNOSEWAAGE /BG42/B▓
285248,285248,PREGNANCY TEST (ONE STEP)▓
285554,285554,PEARLA MULTI CARE SOAP 100G#
285730,285730,MAN LOOK SPIKY LOOK WHITE HR GEL 250G#
285745,285745,FRESH LOOK C.LENSE.C.BLENDS BRILLI.BLUE#
286047,286047,BUGS LOCK BAND F/MOSQUITO ORANGE#
301085,301085,MINIPRESS 2MG 30/TAB
301171,301171,NOVALGIN 500MG 10/TAB
311044,311044,FUCIDIN 2% 15GM CREAM(P3)
312016,312016,TERRACORTRIL 5GM SKIN OINT
313028,313028,AFRIN 0.05% ADU. 10ML NOSE DROP●
320273,320273,CARE PHILADELPHIA COLLAR IMMOBILIZER(L)▓
320620,320620,#$TOXOGONIN 0.25GM/1ML 5/AMP.+ %%$#
320655,320655,PLASTER BM FABRIC LARGE 100/P(F7325)▓
320769,320769,ETODOLAC 300MG 10/TAB
320844,320844,GASTROMOTIL 10MG INF. 5/SUPP(XXX)
320938,320938,ORENCIA 250MG 1/VIAL+®♦
321115,321115,RHENA LUMBAL ACTIVE(BACK SUPPORT)SIZE(6)
321160,321160,CYCRAM 200MG 5/VIAL+♦
321281,321281,ACIVIRAX 800MG 20/TAB.●
321542,321542,SLEEP-AID 10MG 10/TAB©
321704,321704,TERBINAFINE 1% 120ML FOAM SPRAY
322613,322613,LANCETS DROPLET 100/LANCET.▓
322828,322828,GATISTAR 0.3% 5ML EYE DROP
323074,323074,MOGRAFLOX 0.5% 5ML EYE DROP
323272,323272,ALFADOPA 250MG 30/F.C.TAB
323809,323809,LIVAGRAND 20/CAP
323975,323975,SEEM LIQUORICE 22/LOZ.▓
340341,340341,ZOFRAN 4MG 5/AMP
341089,341089,SERUM (ANTI-SCORPION) 1/AMP®
341522,341522,COOLING GEL TEMPOCOOL 4/SHEET▓
341597,341597,ZITHROMAX 500MG 1/VIAL+
341711,341711,DOLPHIN-K 75MG/3ML 6/AMP
341830,341830,METHOTREXATE 50MG/5ML 1/VIAL (EBEWE)+♦
342000,342000,TARIVAN 200MG 10/TAB
342725,342725,EMETREX 10/TAB
342750,342750,TAXOTERE DOCETAXEL 20MG 1/VIAL+®♦
343487,343487,LEE-FLOX 750MG 7/TAB(P1)
343634,343634,FERPLEX 40MG 12/SACH▓
344543,344543,VASTAREL 20MG 30/TAB
344910,344910,DERMOZOL CORT 15GM CREAM
344965,344965,#DEXTROSE 5% 500ML INFU. (ELNASR)♦
345225,345225,TELFAST 120MG 20/TAB(P3)
345250,345250,EPINOR 400MG 14/TAB
348011,348011,FEROSE 100ML SYRUP+
348789,348789,TEMPORAL 250MG (60ML) SUSP(P1)
1708081,1708081,JINJA KIDS NECK ACCESS.1PCS/NC-65
1905008,1905008,JINJA KID.HR ACCESS.3PCS/HCL-956
2700723,2700723,IU 2012 RIBBON (R474)
2704002,2704002,CHANCES GORODAN DIOR EDP F/W 50M#
2706084,2706084,LYDIA CONTACT LENSES GRIS PERLE#
2706163,2706163,VEET WAX STRIPS NORMAL SK 12PCS 20%@#
2707270,2707270,DERMA SOFT PLUS SK MOIST.CR 100G1+1@
2708806,2708806,CARESS EAR STUDS RUBY/27
3200026,3200026,KEPILEPSY 500MG 10/TAB
3200776,3200776,SIMVAXIBE 10/10MG 21/SCOR.F.C.TAB
3201102,3201102,ORNIHEPARATE 5GM/10ML IV 5/AMP
3201685,3201685,FREENOSE SEA WATER(6Y+)30MLNASAL SPRAY+▓
3201771,3201771,ANDOPOXETINE 60MG 3/F.C.TAB
3202327,3202327,FLUIRES (2Y+) 100ML NASAL SPRAY+▓
3202392,3202392,HERO BABY PEDIALAC(LF) 400GM MILK POWD.+
3203553,3203553,RESPIMER AD.&CHILD NASAL IRRIGAT.30SAC+▓
3203816,3203816,RAMIZIPINE 30MG 10/F.C.TAB
3204035,3204035,VYDOR INTIMATE FEMININE WASH 250ML#▓
3204040,3204040,NIFUROXAZIDE 200MG 20/H.G.CAP
3204149,3204149,HERBA TREND (SLIM&FAT BURN.) 10/SACH▓
3204264,3204264,UTOZINC (11MG+90MG) 30/CHEW.TAB
3204358,3204358,SULFAX PLUS 60GM MASSAGE GEL▓
3204408,3204408,VITAL OIL MASSAGE RELAX 125M▓
3204493,3204493,OMEGA RX 60/GUMMY▓
3205256,3205256,SILDERM (F/SCAR) 30ML SPRAY+▓
3205906,3205906,LIMITLESS BALANCE PROBIOTIC D.CHOC30PCS▓
3206617,3206617,ANIMAL WHEY ISOLATE LOADED VANIL.1.81KG▓
3206936,3206936,ROACCUTREX 40MG 30/S.G.CAP♦
3207276,3207276,#$ACETOTHYME (3G/SAC) LEMON 10/SACH▓#$
3207526,3207526,NEXA TIC (4G/SAC) VANILLA FLAV.6/SACH▓
3209766,3209766,CEMPION (3G/SAC) PINEAPPLE FLAV.10/SACH▓
3210203,3210203,JOMOVODIN 400 30/H.G.CAP▓
3210298,3210298,SMILEY FOX 30GM FOR KIDS TOOTH GEL▓
3210786,3210786,MOUNJARO 5MG/0.5ML (S.C) 4/VIAL+®♦
3210926,3210926,ZETAZOLEX 2MG 30/F.C.TAB
3212252,3212252,ROTAPLANIN 400MG IM/IV INFU 1/VIAL
3500474,3500474,XELODA 500MG 120/F.C.TAB!!
3500768,3500768,VITAMIN D3 5000IU 200/RAPID R.SOFT GEL!!
3501110,3501110,EDANOX(EDARAVONE1.5MG/ML20M IV-INF1AMP!!
3501165,3501165,CENTRUM MULT.WOMEN(N.FRUIT)170/GUMMIES!!
3701004,3701004,OVULATION TEST (QUICKTEST) 5/TEST▓
3701178,3701178,OPPO PLASTIC FINGER SPLINT(5)3PCS/3280▓
3701242,3701242,ADH DRESSING HYPORDRESS 10X15CM▓
3701581,3701581,OPPO COLD & HOT PACK(REUSABLE)/3971▓
3701660,3701660,ADH DRESS.TEGADERM+PAD(W.P.)6X10CM(3584▓
3702377,3702377,COOLING GEL FRIO PAD 2/SAC(2X2SHEET)▓
3702401,3702401,ULTRAVAC SET CLOSED WOUND SUCTION UN.18▓
3702795,3702795,COLOPLAST EASICA.(CATHETER)NEL.MAL/CH8▓
3702834,3702834,FLYON COMFORT KNEE SUPP./XL/F707▓
3703068,3703068,ICE BOX M COOL (MEDIZANA) EX LARGE▓
6000160,6000160,PHARMACEUTICAL PREPARATION (160) ⌂▓
20115077,2011507777,CONVULEX 300MG 40/CAP+(P)♦
30405977,3040597777,BUSCOPAN 6/AMP(P2)
32005867,3200586777,CRYPTONAZ 500MG 12/F.C.TAB(P)●
32009647,3200964777,TROSPAMEXIN 20MG 20/F.C.TAB(P)
32010807,3201080777,MOXAVIDEX 400MG 5/F.C.TAB(P)
32021317,3202131777,CHOLEROSE 10MG 21/F.C.TAB(P)
32033347,3203334777,RHINOCALM (650MG+4MG+60MG) 20/TAB(P)∞
32057547,3205754777,DEPOFORT B12 1MG/1ML 5/AMP(P2)
32060897,3206089777,ZOLMSOLAN 2.5MG 6/O.D.FILM(P)
32062257,3206225777,OMEGAPRESS 0.2MG 30/TAB(P)
32071727,3207172777,ESTERO-MAP 10MG 30/TAB(P)
32077017,3207701777,TRITONE 50MG/5ML (IM/IV) 5/AMP®(P)●
32274977,3227497777,SEROQUEL 200MG 30/TAB(P)
34069777,3406977777,AMINOLEBAN 500ML INFU. NO.19940(P)
65023854,65023854,TS ANT.BANDERAS BLUE SEDUCT.EDT F/M100M
2011507777,2011507777,CONVULEX 300MG 40/CAP+(P)♦
3040597777,3040597777,BUSCOPAN 6/AMP(P2)
3200586777,3200586777,CRYPTONAZ 500MG 12/F.C.TAB(P)●
3200964777,3200964777,TROSPAMEXIN 20MG 20/F.C.TAB(P)
3201080777,3201080777,MOXAVIDEX 400MG 5/F.C.TAB(P)
3201871777,3201871777,PERLOC 40MG (IV/IV-INFU.) 1/VIAL(P)
3202131777,3202131777,CHOLEROSE 10MG 21/F.C.TAB(P)
3203334777,3203334777,RHINOCALM (650MG+4MG+60MG) 20/TAB(P)∞
3205754777,3205754777,DEPOFORT B12 1MG/1ML 5/AMP(P2)
3206063777,3206063777,REAGILA 6MG 28/H.CAP+(P)
3206089777,3206089777,ZOLMSOLAN 2.5MG 6/O.D.FILM(P)
3206225777,3206225777,OMEGAPRESS 0.2MG 30/TAB(P)
3207172777,3207172777,ESTERO-MAP 10MG 30/TAB(P)
3207701777,3207701777,TRITONE 50MG/5ML (IM/IV) 5/AMP®(P)●
3209202777,3209202777,BONEDIVITON 50000I.U.2.5ML 4/BOTTLES(P)
3227497777,3227497777,SEROQUEL 200MG 30/TAB(P)
3406977777,3406977777,AMINOLEBAN 500ML INFU. NO.19940(P)
305731286779,3501165,CENTRUM MULT.WOMEN(N.FRUIT)170/GUMMIES!!
5410076651702,276691,PANTENE DAILY CARE 2X1 SHAMP.200M
8411134000924,8411134000924,CONTROL ADAPTA EXTRA LUBE 12 CONDOMS▓
8411134100924,8411134000924,CONTROL ADAPTA EXTRA LUBE 12 CONDOMS▓
8700308161742,8700308161742,DAHAB DAILY S.C.LENSES LUMIRERE GRAY/03#
8800032674674,8800032674674,DAHAB DAILY S.C.LENSES HONEY/36
