64,64,SYRINGE 1ML BD INSU 100IU 6MM▓
5702,5702,TS MILANI LIP MIXER NO/702
6295,6295,TS ZAK FRESH PERFUME SP.F/M 175M
6343,6343,TS DUNHILL DESIRE BLUE EDT F/M 150M
70032,70032,TS BOURJOIS TWIST UP ULTRA MASCARA/001
101222,101222,DELTASONE 120ML SYRUP
106164,106164,SUPRAVIT 28/CAP●
261016,261016,PLASTER CURE -AID 1/STRIP#▓
278384,278384,ISIS PH. UNITONE 4 CR A/TACHES BRUNE15M#
280880,280880,NIVEA CR SMALL BLUE 30M
281252,281252,VIVIDOL HAIR OIL 60ML#
282507,282507,ORTHOPRIM SILICON FLAT FOOT P405 (S)▓
282598,282598,CLEAR MIX FACIAL WASH 120M#
283247,283247,NUEVO PANTALONPARA SAUNA (XXL) 98LE▓
284376,284376,HERO BABY SPRING VEGETAB&CHICKEN6M130G+#
284725,284725,KRYOLAN TV PAINT STICK ART (5047) F02#
285533,285533,EVA SKIN CREAM 2GLYCERIN+1GLYCERIN 20G@
285696,285696,LOREAL EXCELLENCE CR/3
285836,285836,EASY SWEET HR REMOV. HONEY 40G @ 3*2#
285982,285982,KRYOLAN HD MICRO FOUNDATION MATIFYI.245#
301299,301299,BI-PROFENID▼150MG 20/TAB(P3)
310316,310316,CHOLEROSE 20MG 14/TAB
311023,311023,DIPROSONE 10GM CREAM(P1)
320104,320104,VERDEX 30ML LOTON.▓
320193,320193,EXJADE 250MG 28/TAB.+
320672,320672,MICROVAL 15X15 PROLEN R.413515.#▓
321561,321561,MYKOTRAL-H 15GM CREAM
322014,322014,OPPO SILICON HEEL CUP ALL (5454)▓
323251,323251,NETLOOK 20MG 20/CAP(P3)♦
324526,324526,RIBAVIRIN 200MG 12/CAP (MINAPHARM)
325019,325019,CLEAREST 14/CAP(P1)∞
340058,340058,COLMEDITEN 100/TAB
340366,340366,#CARDIOTON 300MG 20/TAB
341682,341682,PHILO CLEANSE 100ML VAG. DOUCHE
341996,341996,BETADINE ANTISEPTIC SOL LARG●
342052,342052,FACTOR8 250IU 1/VIAL (B.P.L ENGLAND)+®
343341,343341,CARE HARD COLLAR WITH CHIN (S)▓
343653,343653,PLAVIX 75MG 28/TAB+(P1)
344414,344414,ADOLOR 15MG/1ML IM/IV 3/AMP(P1)●
345202,345202,GASTROMOTIL 5MG (200ML) SUSP(P1)
346250,346250,DRESSING SURGICAL SWAB 5 X 5CM▓
346676,346676,BISTOL 10MG 20/TAB.
347828,347828,PENTAL 400MG SR 20/TAB
348595,348595,WATER FOR INJECTION 1000ML OTSU 416
351526,351526,AMARYL 1 MG 30 TAB.!!
359687,359687,COMPLETE B-COMPLEX 100/C.CAPLET!!
370138,370138,MIRACLE SUSPENSORY (COTTON) XL (0053)▓
370255,370255,MAXAR OPEN ANKLE SUPP WOOL(XL)/TAN201▓
370570,370570,DUODENAL TUBE SIZE 22▓
2106228,6301949,GIBAUD HARD COLLAR W/CHIN C3L6081/6606▓
2700803,2700803,DABUR VATIKA COCNUT HR OIL 180M
2701057,2701057,EGYPT KIDS DIRECTORY(BOOK)#
2702430,2702430,NIVEA COOL KICK DEOD.SP.F/M 150M20%@#
2702445,2702445,NIVEA STRESS PROTECT DEO.R.ON F/M50M20%#
2703727,2703727,EASY SWEET HR REMOVER 3X120G@#
2704021,2704021,AMANDA SUPER LONG WEAR MATT LIPSTICK/01#
2705130,2705130,VEET WAX STRIPS NORMAL SK 2X12PCS 25%@#
2705145,2705145,BIONIKE B-LUCENT (SPF(50)+SPF(15)) 40M@#
2705659,2705659,DUREX FETHERLITE ULTRA CONDOMS 10+3PCS@▓
2706988,2706988,EIIOS SON VITAMIN C 15% SERUM AMP.5X5M#
2708757,2708757,GIFT PRIVATE MAXI POC.SUPER W/WINGS 7PCS
2946951,2946951,GIBAUD SEMI-SOFT COLLAR 8.5CM C2(3)6637▓
3200377,3200377,BIOCARE 20GM CREAM▓
3200539,3200539,VOREK (VARICOSITY) 50GM CREAM▓●
3201121,3201121,EPIQUANTEL 600MG 4/F.C.TAB
3201499,3201499,SORAL 20MG 20/CAP(P1)
3201756,3201756,MERCILON▼(0.15MG+0.02MG) 21/TAB+(P1)
3202230,3202230,ASMAKAST▼PAEDIATRIC 5MG 30/CHEW.TAB(P1)
3202245,3202245,GROWTH FORMULA VAN.F/PREGNANT W.10/SACH▓
3202748,3202748,CUROSURF 240MG/3ML 1/VIAL+®
3202937,3202937,NERVATYCA 150MG 20/CAP
3203224,3203224,COMPLIR (IRON) 3.50G 14/SACH▓
3204012,3204012,MARAM ORANGE BLOSSOM PURE HONEY 450GM
3204203,3204203,PROLICA INTIMATE FEM.(BL.BERRY)GEL200M▓
3204294,3204294,ACTOLIND W 50ML GEL+●
3204786,3204786,OFEV 100MG 60/S.CAP+®♦
3205657,3205657,POWCOLD 100ML SUSP
3206115,3206115,CALCIDOL CALCIUM 30/TAB▓
3206160,3206160,DESSANTAXINE 50MG 30/EX.RE.F.C.TAB
3206278,3206278,NATROL CO-Q 10 200MG 45/S.GEL+▓
3206528,3206528,SELENOSTAR 30/TAB▓
3206681,3206681,MVASI 100MG/4ML 1/VIAL+®♦
3206810,3206810,OPHILOCOND FORTE 0.2% 5ML EYE DROP
3206865,3206865,TREVICTA▼350MG 1/PREF.SYRINGE+
3207039,3207039,EXAPINE 80MG 2/PREF.SYRINGE®●♦
3208005,3208005,IVYBEARS WOMEN HAIR VITAMINS 60/GUMMY+▓
3208070,3208070,NEOCELL-SUP.COLLAG.PEPT.(UNFLAV.)200GM+▓
3208438,3208438,X ONE NUTS ENERGY VOLT P.BAR LEE 2X37GM▓
3208669,3208669,FINGOLIDINE▼0.5MG 28/H.G.CAP♦
3208720,3208720,PANADOL ADVANCE 500MG(OPT.)48/F.C.TAB
3208755,3208755,EAU DE MER (ISOTONIC)100ML NASAL SPRAY+▓
3209129,3209129,AMBROPRO 20MG MINT FLAV. 20/LOZ.TAB
3209859,3209859,ASTRIRUB 50GM FREEZE MASSAGE GEL▓
3210398,3210398,OCTOZINREEF (25MG+6MG) 30/H.G.CAP
3211128,3211128,DR OXYGEN CALCIUM 30/F.C.TAB▓
3211515,3211515,LIOPATH COMP(600MG+80MG+500μ) 30/TAB▓
3211560,3211560,BONEFIT K2 30/H.G.CAP▓
3211678,3211678,NOW MAGNESIUM GLYCINATE 180/TAB+▓
3212006,3212006,ALFA MAGNESIUM GLYCINATE 60/CAP+▓
3500484,3500484,GLUCOSAMINE CHOND.+MSM(DOUBLE)120/TAB!!
3501142,3501142,CIPRALEX 10MG 28/F.C.TAB!!
3600250,3600250,ALCOHOL 70% 100ML ⌂▓#
3600391,3600391,MPH ETHYL ALCOHOL 70% 120ML#
3701063,3701063,FLYON NEOP.OPEN KNEE SUPP./XXL/6721▓
3701261,3701261,NEBULIZER EMED PISTON COMPRESSOR/A120▓
3701632,3701632,DIABETIC SHOES TECNICA 3M/(43)▓
3702080,3702080,ICE BOX (2GEL PACK)+DRUG DISPENSER (L)@▓
3702189,3702189,DIABETIC SHOES SPORT MOVE(ORTHOMED.)(40▓
3702426,3702426,HANLL WEEK.TAB.DISPENS.FOUR TIMES MOV.▓
3702853,3702853,FLYON POSTURE SUPPORT/M/7411▓
5210312,5210312,JINJA KIDS SUN GLASSES/5210312#
6301949,6301949,GIBAUD HARD COLLAR W/CHIN C3L6081/6606▓
6330448,6330448,GIBAUD RIB BELT (MEN) L (6098)▓
9418318,9418318,O.P.I NAIL LACQUER 15M /G42#
9427617,9427617,O.P.I NAIL LACQUER 15M /H62#
9437313,9437313,O.P.I NAIL LACQUER 15M/H18#
9672727,9672727,ORLY NAIL LACQUER WILD WISTERIA/20727#
9672824,9672824,ORLY NAIL LACQUER PIXY STIX/20728#
9676723,9676723,ORLY NAIL LACQUER PURE PORCELAIN/20742#
10111877,1011187777,FLATIDYL 30/TAB(P2)
11102577,1110257777,BETAVAL 20GM CREAM(P2)●
30149779,30149779,MAYBELLINE LIFTER LIP GLOSS/23
30241277,3024127777,TEGRETOL 200MG 30/TAB(P)♦
32007657,3200765777,NOVALDOL 1000MG 15/TAB(P)
32011197,3201119777,VACCINE(PREVENAR13)0.5ML 1/PRE.SYR.+®(P)
32011867,3201186777,GLUCOPHAGE XR 1000MG 30/TAB+(P2)♦
32034237,3203423777,OMNITROPE 10MG/1.5ML S.C 1/PENFILL+®(P)
32044177,3204417777,VILDAFORMIN 50MG/1000MG 30/F.C.TAB(P)♦
32081567,3208156777,ESOMEPRAZOLE EVA-PHAR.40MG 20/E.C.TAB(P)
32102877,3210287777,RHINOPRO 20/CAP(P2)
32249477,3224947777,MINIRIN MELT 120µ 30/TAB+(P)●
32585977,3258597777,PSYCHODAL 30ML ORAL DROP(P2)
34079777,3407977777,EVACULAX 625MG 20/SCOR.F.C.TAB(P2)
34628711,3462871111,LANTUS100U/ML 3MLX 5/PENFILL+®(P2))♦
40099361,50173686,EXTRA SUGAR FREE GUM SPEARMINT 10PCS
42113362,50173686,EXTRA SUGAR FREE GUM SPEARMINT 10PCS
42246800,280880,NIVEA CR SMALL BLUE 30M
50173686,50173686,EXTRA SUGAR FREE GUM SPEARMINT 10PCS
1011187777,1011187777,FLATIDYL 30/TAB(P2)
1110257777,1110257777,BETAVAL 20GM CREAM(P2)●
3024127777,3024127777,TEGRETOL 200MG 30/TAB(P)♦
3200765777,3200765777,NOVALDOL 1000MG 15/TAB(P)
3201119777,3201119777,VACCINE(PREVENAR13)0.5ML 1/PRE.SYR.+®(P)
3201186777,3201186777,GLUCOPHAGE XR 1000MG 30/TAB+(P2)♦
3203423777,3203423777,OMNITROPE 10MG/1.5ML S.C 1/PENFILL+®(P)
3204417777,3204417777,VILDAFORMIN 50MG/1000MG 30/F.C.TAB(P)♦
3206925777,3206925777,EVRYSDI 0.75MG/ML 80ML SUSP+®(P)
3208156777,3208156777,ESOMEPRAZOLE EVA-PHAR.40MG 20/E.C.TAB(P)
3210287777,3210287777,RHINOPRO 20/CAP(P2)
3224947777,3224947777,MINIRIN MELT 120µ 30/TAB+(P)●
3258597777,3258597777,PSYCHODAL 30ML ORAL DROP(P2)
3407977777,3407977777,EVACULAX 625MG 20/SCOR.F.C.TAB(P2)
3462871111,3462871111,LANTUS100U/ML 3MLX 5/PENFILL+®(P2))♦
25929126952,25929126952,COLOUR ME PINK DEO.F/W 150M#
50425030441,50425030441,L&B ULTIMATE LIP LINER BARE /3044#
74764102102,74764102102,ARDELL DURALASH MED BLACK#
74764617699,74764617699,ARDELL EYELASH TWIN PACK BLACK/105
74764621108,74764621108,ARDELL FASHION LASHES BLACK/121
74764634054,74764634054,ARDELL AQUA LASHES/344
74764652454,74764652454,ARDELL STUDIO EFFECTS DEMI WISPIES#
74764682208,74764102102,ARDELL DURALASH MED BLACK#
79656652055,79656652055,B.BOAT BABY SUNSCREEN (SPF50+) LOT.90M
96200007284,9672824,ORLY NAIL LACQUER PIXY STIX/20728#
96200207271,9672727,ORLY NAIL LACQUER WILD WISTERIA/20727#
96200207288,9672824,ORLY NAIL LACQUER PIXY STIX/20728#
96200207424,9676723,ORLY NAIL LACQUER PURE PORCELAIN/20742#
96200208995,96200208995,ORLY NAIL LACQUER THE WHOS WHO/20899#
196003999707,196003999707,DB READ.GLASS.BLACK(+3.50)/LRP4086\PL#
196003999798,196003999798,DB READ.GLASS.RED(+3.00)/LRP3926\PL#
196003999839,196003999839,DB READ.GLASS.PURPLE(+3.50)/LRP3271A\PL#
196007699777,196007699777,DELTA COMF.ARM SLING W/IMMOBIL.(XXL)\PL▓
609332819610,609332819610,ELF SQUEEZE ME LIP BALM GRAPE 6G!
617561903758,617561903758,L&B LASH GLAMOUR COLLECTION/EL14#
617561903949,617561903949,L&B LASH WARDROBE COLLECTION/EL24#
618059169250,618059169250,PHYTO PHYTODENSIUM ANTI-AGING SERUM 50M#
633911772768,633911772768,CHI ROSE HIP OIL COLO.NUR.REC.TREAT.237#
677443221257,677443221257,MOVE TENNIS ELBOW/XXL▓
677532199993,677532199993,AMOA ROSE WATER 225M
731509017397,731509017397,KISS TOENAIL CLIPPER/CLP03
731509543636,731509543636,BROADWAY DIVA NAILS(S) 24PCS /BCFD02#
736658548013,736658548013,WET BRUSH ORIGINAL DETANG./BWR830SSDD
736658950144,736658950144,WET BRUSH PRO DETANGLE PINK/BWP830GXPK
736658953787,736658953787,WET BRUSH MINI DETANGLER/BWR832BLUE
736658969863,736658969863,WET BRUSH NORMAL HR CUSTOM/BWP830TXNL
736658986914,736658986914,WET BRUSH PRO DETANGLE/B830W-OR/PVC
736658987416,736658987416,WET BRUSH PRO DETANGLE COMB/0620W-SL/PS
739658807555,739658807555,MBC DOGH FAST FOOD SET NO.80755
745114809827,745114809827,NORMELAN LIGHTEN.F/SENST.AREAS LOT.50M
810912037298,810912037298,SOL DE JANEIRO FLOR MISTI.PERFU.MIST90M!
815426118068,815426118068,EVERY STRAND KERATIN POLISHER 175M#
3014260007300,3014260007300,ORAL B PRO FLIKS 38MEDUIM
3014260243531,3014260243531,GILLETTE MACH3 BLADES 4PCS#
3061375115017,285696,LOREAL EXCELLENCE CR/3
3061375781304,3061375781304,GARNIER HR COLOR CR BURGUNDY /4.6
3147758923711,3147758923711,LANCOME CALYPSO E.D.T F/W 50ML#
3264680039881,3264680039881,NUXE HAIR PRODIGI.NOUR.LEAVE-IN CR100M
3337872411892,3337872411892,LA ROCHE ANTH.XL(SPF50+)TINT.FLUID 50M#
3337872413414,3337872413414,LA ROCHE CHILD ANTHELIOS(SPF50+)SP.200M#
3337875491969,3337872411892,LA ROCHE ANTH.XL(SPF50+)TINT.FLUID 50M#
3338221002389,3338221002389,PHYTO COLOR PERMANENT COLOR CR /6.77#
3386460026918,3386460026918,GIFT S.T DUPONT WEEK END BAG
3386460038621,3386460026918,GIFT S.T DUPONT WEEK END BAG
3401381331726,3401381331726,SVR SEBIACLEAR CRÈME A.BLEMISH LIGHT40M#
3518646023477,3518646023477,LAINO AMBER VANILLA SH.GEL 200M#
3518646026737,3518646026737,LAINO MOIS.ORGA.RED FRUITS SHOW.GEL200M#
3559480305923,3559480305923,HAUT-SEGALA ORGANIC AVOCADO OIL 50M
3562700421006,3562700421006,BOUCHERON ESSENTIALLY JAQUAR F/W 100ML#
3574661253350,3574661253350,LISTERINE GREEN TEA M.WASH 250M
3600522599333,3600522599333,LOREAL PRODIGY HR COLOR/4.15
3600531222789,3600531222789,MAYBELLINE FACE STUDIO BLUSH /20#
3614224843878,3614224843878,BOURJOIS ROUGE EDITION VELVET/25#
3614227182455,3614227182455,BOURJOIS TWIST 2X1 THE VOLUME MASCARA/23
3614228410922,3614228410922,BOURJOIS ROUGE VELVET INK LIPSTICK/11
3616300771358,3616300771358,BOURJOIS TWIST MATIC KAJAL EYE LINER/02
3616305706270,3616305706270,BOURJOIS HEALTHY MIX S.O.S LIP OIL/5
3661434010088,3661434010088,URIAGE HYSEAC 3-REGUL+ A.BLEMISH CR 40M
3700206751269,3700206751269,ELITE HAIR CLIP /5126#
3700211181235,3700211181235,FLEURANCE CLEANSING MICELLAR WATER 200M#
4003583031924,4003583031924,SANOSAN(B&SHAM.+LOT.)500+CR150+SOAP100)@
4003583207336,4003583207336,SANOSAN KIDS BANANA CARE LOT. 200M#
4008576316880,4008576316880,TITANIA NAIL CLIPPER F/M BLACK /1052/2B#
4008576316989,4008576316989,TITANIA BRUSH F/HR F/KIDS /1298
4008576377218,4008576377218,TITANIA LICE COMB/1819PHB
4008576387675,4008576387675,TITANIA HR CARE HR CLIPS 2PCS/7939 B
4008666214126,4008666214126,ALPECIN CAFFEINE C1 SHAMP.250M#
4009033600528,4009033600528,PD SUN PROTECT.SPF15(M) SP.250M#
4015400325987,4015400325987,ALWAYS MAXI NORM.8PCS#
4015588770302,4015588770302,THERMOMTER MEDISANA DIGITAL FTC/77030▓
4041762339669,4041762339669,KRYOLAN ULTRA FOUND.TRIO /D
4045787430646,4045787430646,SCH.BONACUR P.REPAIR RESCU.N.SH.SERM56M#
4210201075479,4210201075479,BRAUN SATIN HR(5) MULTISTYLER /ST550#
4210201208464,4210201208464,BRAUN BEARD TRIM.39LEN.+GILLETTE/BT3940#
4211125601065,4211125601164,NEBULIZER BEURER COMPRESSOR/IH18▓
4211125601164,4211125601164,NEBULIZER BEURER COMPRESSOR/IH18▓
4211125602369,4211125601164,NEBULIZER BEURER COMPRESSOR/IH18▓
4717237010004,4717237010004,BODYFIX A.E.STOCK.T.HIGH(S)WHITE/A001▓
4717237022618,4717237022618,BODYFIX ABDOMINAL BINDER(S)/E001▓
4717237023288,4717237023288,BODYFIX ELAS.ELBOW SUP.A.SLIP(XL)/B003▓
4892900880082,4892900880082,ET SHEEP ANIMAL NO.88008
4892900883472,4892900883472,ET HUMPBACK EHALE ANIMAL NO.88347
4902470160412,4902470160412,FEATHER PIANY FOR UNDER ARM JAPAN 3PCS#
5000231022968,5000231022968,BRYLCREEM MOIST.HAIRDRESSING HR.CR 140M#
5011522112176,5011522112176,ELEGANT TOUCH BARE SHORT STILETTO48NAIL#
5012334005465,5012334005465,INSETTE DARK ATTRAC.BODY SPRAY F/M165M@#
5031413922172,5031413922172,PRETTY FRESH FRESHMINT MOUTH SP.20M#
5045419039611,5045419039611,BURBERRY MY BURBERRY EDP F/W 90M#
5057566840750,5057566840750,REVOLUTION AIR BLUR LIQ.LIPSTICK FAWN
5060040702062,5060040702062,FRESH TALK LEMON FRESH MOUTH SP.20M
5060565104914,5060565104914,REVOX PLEX STEP(3)HR PERFEC.TREATME.260M
5201410003055,5201410003055,SEPTONA COTTON BUDS OBLONG 200PCS#
5201410008340,5201410008340,SEPTONA COTTON CARE MAKEUP 100PCS
5206172217566,5206172217566,BENOSTAN CLEAR INTIMATE AREA CR 50M
5285003146572,5285003146572,MOROCCANOIL BATH SOAP WALNUT 250G+LUFFA#
5900717149618,5900717149618,PHARMACERIS SUN P.BABIES(50+)F&B CR125M#
5901018013486,5901018013486,JOANNA ARGAN OIL SHAMP.DRY HR 400M#
5901691843844,5901691843844,CANPOL LIGHT T.SOOTHE.BLUE(6-18M/22-653#
5903407225814,5903407225814,CANPOL SILICONE SOOTHER (6-18M)/22-581
5903407232638,5903407232638,CANPOL SILICONE SOOTHER(6-18M)/23-263#
5903407591001,5903407591001,CANPOL PLASTIC BOTTL.PP(0M+)120M/59-100#
5903407993577,5903407993577,LOVI STARDUST SOOTHER(3-6M)VIO.2P/22-893
6221039078301,6221039078301,LUNA AIR BREATHABLE NAIL LACQUER 10M/4
6221039314089,6221039314089,LUNA TRI CARE DENT.WASH(NON) CHERY250M#
6221048062100,6221048062100,LUX SOFT TOUCH SOAP 175G#
6221048070402,6221048070402,REXONA DEOD.SP.150+CLOSE UP T.PASTE100@#
6221048412929,6221048412929,CLOSE UP FIRE+FREEZE T.PASTE 100M#
6221048414220,6221048412929,CLOSE UP FIRE+FREEZE T.PASTE 100M#
6221105413067,6221105413067,CYBELE SMOOTH N WEAR MONO EYE SHAD./106#
6221155015358,6221155015358,CLEAR WOMEN ANT.HAIR FALL SHAMP.400M@
6221155060655,6221155060655,CLEAR MEN COOL SPORT ME.SHA.600M SAVE13@
6221155115003,6221155115003,AXE BLACK 48H DEO.SP.F/M 150M
6221155122926,6221155122926,AXE BLACK NIGH.48H IR.DEO.SP.F/M150M15%@
6221155123558,6221155123558,LUX SOFT TOUCH B.WASH 250M+LUFFA 15%@#
6221155124951,6221155124951,SIGNAL COMPLETE 8(CHAR.+B.SODA100M25%@#
6221155133304,6221155133304,SUNSILK STRONG&SHINE SHAMP.350M D.25%@
6221155208347,6221155208347,REXONA BAMB.&ALO.DEO.SP.F/W150M D.20LE@#
6221155608321,6221155608321,REXONA BAM.&ALOE 72H DEO.SP.F/W150M CAF@
6222001559668,6222001559668,LORD 2 PLUS MEGA PACK 10+4RAZORS@#
6222003100448,6222003100448,ASALA HENNA EXTRA HR RED 125G#
6222004100348,6222004100348,MIGOS HR BRUSH REF/348
6222004102373,6222004102373,MIGOS HR BRUSH/03041
6222012008131,6222012008131,RELAXO FROG FINGER SPLINT/L/00302\PL▓
6222012028191,6222012028191,COMFY HEEL CUP SILICONE(XL)\PL▓
6222017004220,6222017004220,VICHY(MINERAL89GEL50+LIFT.V.C10M)1+30%@#
6222017009713,285696,LOREAL EXCELLENCE CR/3
6222019219356,6222019219356,VET-ORGO PET GLOVES•••▓
6222019603957,6222019603957,INFINITY P.LASER SKIN SOOT&MOIS.GEL120G#
6222019609331,6222019609331,INFINITY(A.AGING DAY+A.AGING NIGH)40M@#
6223000656716,6223000656716,JOHNSON BODY CARE GLYCERIN CR 100M#
6223000658277,6223000658277,JOHNSON BABY 2x1 SHAMP.&COND. 200M#
6223000659274,6223000659274,JOHNSON SLEEP TIME SHAMP.(NEW)500M
6223001384199,6223001384199,ONE HR REMOV.CR NORM SK 80G
6223002531998,6223002531998,FUCHS COFORT HARD DURE#
6223002532421,6223002532421,FUCHS LADIES WHITE. T.BRUSH SOFT+COVER#
6223002630387,3202245,GROWTH FORMULA VAN.F/PREGNANT W.10/SACH▓
6223004035555,6223004035555,AREEJ FIRMING TREAT. FLATTER 60ML#
6223004036477,6223004036477,AREEJ CLEAN SPACE MOOD SP. 60M#
6223004112362,6223004112362,EASY CARE CHAMOMIL MAKEUP REMOV. 20WIP
6223004112645,2703727,EASY SWEET HR REMOVER 3X120G@#
6223004113192,6223004113192,EASY BABY CARE SENSITIVE W/COVER 80WIPE#
6223004116339,6223004116339,EASY CARE FRESH WIPES TROPICAL 12PCS#
6223004245954,285696,LOREAL EXCELLENCE CR/3
6223004372339,6223004372339,EVA GOLD COLLAGEN 3D A.AGE CR 50M
6223004374845,6223004374845,EVA B-WHITE WHIT.BODY SCRUB OILY SK212G#
6223004377471,6223004377471,E KERATIN(SHAM.+COND.)230+AMP.7X7M+BAG@#
6223004683480,6223004683480,VEBIX SUN CARE INT.MOISTU.SPF50 LOT.200#
6223004684449,6223004684449,CARE&MORE LIQ.HAND SOAP TROP.BREEZE 350#
6223005875730,6223005875730,DETTOL A.BACT. COOL SOAP 4X115G@#
6223007351133,6223007351133,NEUTH A.AGEIN.CR(FACE 50M+HAND 50M)@#
6223007904285,6223007904285,MOOD HYALUR.ACID PLUS MOIST.LEAVE IN200M
6223008160345,6223008160345,SOFICO KIDS HR SHAMP.ARGAN&JOJOBA 300M
6223009461267,6223009461267,ERA NAIL POLISH 13M/156
6223012634313,6223012634313,SUPER KIDS LIP BALM STRAWBERRY 10GM
6223012841391,6223012841391,NICE BABY TOILE SEAT BLUE#
6223013970403,6223013970403,DERMACTIVE A.GLOW A.AGING NIGHT CR 50M
6223017660546,6223017660546,EIGHTEEN PLUS BULG.BLOOM.DEO.RON60M1+1@#
6223018450580,6223018450580,VACATION FRAGRANCE FREE DEO.SP.F/W 200M
6224000492526,6224000492526,CARMEN SMART PACK#
6224001455049,6224001455049,SORALONE CONT.SCALP REDNESS SHAMP.250M
6224001763052,6224001763052,SANOSAN NAPPY RASH CR W.MILK PRO.2X150M@
6224002842176,6224002842176,NEBULA EVERLASTING LEAVE IN HR COND.150M
6224007840733,6224007840733,YOLO N.POLISH 10M/173
6224007840801,6224007840801,YOLO N.POLISH 10M/180
6224007974438,6224007974438,FAMILIA TISSUES BOX 300PCS#
6224008041290,6224008041290,AVUVA GOLD HR REMOVAL W.PASTE 100G
6224008041566,6224008041566,AVUVA FLORAL HR REMOV.W.PASTE 100G
6224008041658,6224008041658,GO HAND ABS ANTI BAD SCENT GEL 80M#
6224008073475,6224008073475,CLARY CAPSICUM EX.DRY&DAMAG.HR SERUM100M
6224008501428,6224008501428,DRAKON WHITENING SOAP 100G#
6224008573296,6224008573296,RUNWAY NAIL LACQUER 14ML /70030#
6224008748151,6224008748151,VIONATAG WET WIPES ORANGE 15PCS#
6224008762102,6224008762102,YOLO N.POLISH 10M/196
6224009136049,6224009136049,FAMILIA A.BACT COMPRESSED TOI.ROLLS 2PCS
6224009715022,6224009715022,REKANO BODY MILKY LOTION F/DRY SKIN250M#
6224009734764,6224009734764,BODYLICIOUS TROPICA.TWIS.B.MIST F/W100M#
6224009989102,6224009989102,ELLE NAIL POLISH 14M/607
6224010592056,6224010592056,BLUE CARE F/NORISH.&REVITAL.HR SERUM75M#
6224011110631,6224011110631,NANOTREAT MILKY COCONUT DEO.SP.F/W 150M
6224011236300,6224011236300,EVER YOUTH FACIAL MASK 200GM#
6224011287128,6224011287128,PREMIER ARABIAN SCENT DEO R.ON F/W 50M#
6225000080225,6225000080225,AEGYPTIACA BATH SPONGE ONE FACE#
6251007217524,6251007217524,HIGEEN KIDS CARE BIBO SHAMP.250M
6281006409545,8717163972717,DOVE INTENSIVE CR 75M
6281031265512,6281031265512,FA HAWAII LOVE PINEAPPLE DE.ROLL ON 50M#
6291105776752,6291105776752,NOVELL PRO.NAIL TIPS 100NAILS/T#01
6294007500081,6294007500081,CREME 21 SMOOTH MOIST.NORM.SK CR 150M#
6294015102253,6294015102253,ARMAF LA ROSA EDP F/W 100M
6297938881656,6297938881656,RICHIE VEGAN RETINOL SERUM 30M
6300020152395,6300020152395,GALAXY PLUS DARL.CHARMING SP.F/W 200M#
6931575224178,6931575224178,TRUE SILIC.SOOTHER (0+)M/2022417#
6937620225220,6937620225220,LA FRUTTA DISPO.BREA.PADS 60PCS/22522
6973474680938,6973474680938,SHEGLAM SO.90S GLAM LIP DUO SET PO.NUDE!
7610700612002,7610700612002,RICOLA BL.CURRANT(SUGAR FREE)45GM DROPS▓
7618900505575,7618900505575,MAVALA LIPSTICK MAVALIA 4.5G /57#
7618900555013,7618900555013,MAVALA A.AGE PRO T.R.SYSTEM NIGH.CARE30M
7702018609864,7702018609864,GILLETTE FUSION(5) BLADES 8PCS
8001841019673,8001841019673,H&S A.DAND.CLASSIC CLEAN SHAMP400M48LE@#
8001841770444,8001841770444,HERBAL R.BOT.POTE.ALOE+MANGO COND.400M#
8005610329338,8005610329338,LACOSTE POUR FEMME EDP LEGERE F/W 90M#
8006540442364,8006540442364,OLD SPICE ROCK DEO.STICK F/M 50M!
8009518249057,8009518249057,DEBORAH ROSS.MILANO RED LIPSTICK /31#
8015675001278,8015675001278,NANNINI COMP.1 READ.GL.FUCHSI.TEMP./+3#
8022297056081,8022297056081,KERATIN THERAPY REHYDRATING MASK 200M#
8032529117145,8032529117145,FERRAGAMO INCANTO BLISS E.D.T F/W 100ML#
8033433732097,8033433732097,DIADORA RED EDT F/M 100M#
8033928505328,8033928505328,MEDAVITA NUTRISBUS.SOSTANTIVA.SHAMP.250#
8051564604120,8051564604120,VERDEX LASER POST CR 50M#
8058664051854,8058664051854,CHICCO PHYSIO SOFT SOOTH.SILI.PINK(0-6M)
8300961532001,8300961532001,RELAX MATERNITY SUPPORT (M)
8411061862452,8411061862452,GIFT C.HERRERA MAKE UP BAG
8412122221997,8412122221997,BETER EXFOLIATING LEVEL/9765#
8414135869715,8414135869715,NIKE LOVING FLORAL DEO.SP.F/W 200M
8414135873675,8414135873675,NIKE ULTRA GREEN DEO.SP.F/M 200M#
8436538411476,8436538411476,PH FORMULA HYDRA CONCENTR.CORR.SERUM30M#
8436562290450,8436562290450,ROOFA CONTOUR NAIL BRUSH /020NC#
8437000945918,8437000945918,BABE EXTRA MILD SHAMP.250M#
8437012750128,8437012750128,MEDITOPIC NANOMEL FACE CLARIF.GEL 75M#
8690555511742,8690555511742,BANAT T.BRUSH RELAXION SOFT#
8691988004948,8691988004948,GUMMY PROFESSIONAL HAIR GEL PLUS 700M#
8697584862609,8697584862609,NINA COLLECT.GOLD CLAW SET R.ROCK CRYST.
8697711600760,8697711600760,BIO BALANCE SUP.SERUM PURE VIT C10% 30M#
8699216346112,8699216346112,FRANO DIAMOND CRUSH SHIM.B.MIST F/W110M#
8699943245146,8699943245146,BABY TIME PRACTICA.M.BREAST PUMP/BT514
8700216203760,8006540442364,OLD SPICE ROCK DEO.STICK F/M 50M!
8710103695639,8710103695639,AVENT FEED. BOTTLE(0M+)125M /SCF560/61
8710103949381,8710103949381,AVENT U.A.ANIMA.SOOT.(6-18M 2P/SCF080/07
8717163972717,8717163972717,DOVE INTENSIVE CR 75M
8718951346123,8718951346123,PALMOLIVE HYGIENE+ LIQUID HAND SOAP 300M
8800030813203,8800030813203,MYLENS COLOR CONTACT LENSES CAPRI#
8806002885414,8806002885414,CE-TUA ANTI WRINKLE HYDROGEL EYE 4PAIRS#
8809411188473,8809411188473,PUREDERM DEEP PURIFYING CHARCOAL 1MASK!
8859140177002,8859140177002,TRUE FEED.CUP 2 HANDL.S.SPOUT(6+)M 250M#
8886467020124,8717163972717,DOVE INTENSIVE CR 75M
8888202026422,8888202026422,ENCHANTEUR PERFUMED TALC ALLURING 250ML
8901138821760,8901138821760,HIMALAYA A.HR FALL CR 210M#
9354593526869,9354593526869,LOVISA EARRINGS 16PCS/51526559!
3212792,3212792,NUTRIVILLE B12(CHERRY)1000μ30/O.DIS.TAB▓
6224010148789,6224010148789,COSMO APPE VE.SHOW ST.REFRE.B.SPLASH250M
