5761,5761,TS DUPONT PASSENG. ESCAPADE EDP F/W100M
5930,5930,TS AXIS FLORAL GOLD EDP F/W 100M
6315,6315,TS ARMAF VENICE EDP F/W 100ML
6360,6360,TS ZAK INTENSE BLACK TOBACCO EDP F/M150M
69813,69813,TS STR8 FREAK EDT F/M 100M
69909,69909,TS MAYBELLINE LAST.FIX SETT.SPR.100M/694
70051,70051,TS BOURJOIS VELVE.THE PENCIL LIPSTICK/04
101025,101025,INDOMETHACIN 50MG 24/CAP
101050,101050,PARAMOL 500MG 20/TAB(P1)
101241,101241,SALBOVENT 2MG 30/TAB(P1)
113004,113004,TIMOLOL 0.25% 5ML EYE DROP EIPICO●
213027,213027,B.S.S. EYE DROP+
266319,266319,FINE CLASSIC (100*2PLY) 200TISSUES#
277670,277670,(ETTOO)KIEPESOLING SCISSORS LE39.75
279333,279333,ELASTIC BANDAGE HEALTHY 6CM▓
280782,280782,KRYOLAN BR ANGLE SHADOW  BRUSH (1712)
284009,284009,COBAN 2X5YD 50MM(5CM)X4.5M▓
284302,284302,MIKI HAIR BRUSH LE33#
284643,284643,GRISON INSOLE (YELLOW) T/45 (5922)▓
285158,285158,KRYOLAN EYE SHADOW VIVA B9101 BLUE BERY
285565,285565,FANTASTIC FAIRNESS SUN RAYS PROTECT 50G#
285796,285796,SIGNAL APPLE TOOTHPASTE125ML(OFFER)#
285976,285976,KRYOLAN HD MICRO FOUND.CACHE /1#
286003,286003,KRYOLAN HD MICRO FOUNDATION CREAM NO/340
301056,301056,TOFRANIL 25MG 50/TAB
310362,310362,CARNIVITA FORTE 30/TAB(P1)
320224,320224,LANCETS BLOOD 100/LANCET▓
320611,320611,B-COM FORTE 30/TAB.
320800,320800,PLASTER TAPE TRANS MEDICA 10CM▓
320875,320875,BIONIME (G100) 50/STRIP▓
321151,321151,BIOPROPOLIS 400MG 20/CAP
323045,323045,RISPADEX 100ML ORAL DROP
323283,323283,ALUKAST 20MG 20/TAB.
323478,323478,CRESTOLIP 20MG 30/TAB
323706,323706,DERMAFLUTISONE 30GM CREAM
323791,323791,YONATONE 200MG 30/TAB
324233,324233,CALCID (CALCIUM+VIT.D3) 30/CAP
324552,324552,JASPER NEOP. OPEN KNEE 3XL(EN005HP)▓
340503,340503,HOLOXAN 2GM 1/VIAL+®♦
341126,341126,ALENDENE 5MG 7/TABL.
341742,341742,PENTA OIL (5) 10/PACK▓
341801,341801,CAST SHOES SIZE (M)▓
341896,341896,HEALTHY POUCH ARM SLING (L)▓
342295,342295,CARE HARD COLLAR WITH CHIN (M)▓
342628,342628,BRISTAFLAM 100MG 20/TAB(P1)
343182,343182,VOLTAREN 25MG 5/SUPP(P1)
343605,343605,DG-LONG TOOTH PASTE SENS.CARE 80GM▓#
343946,343946,FLUMOX 250MG (100ML) SUSP
344921,344921,SPIREX 1.5M.I.U. 16/TAB
345531,345531,MERCURIAL SPHYGMOMANOMETER(GERMANY)▓
345795,345795,GASTROCURE 10/CAP
345878,345878,TEMODAL 100MG 5/CAP+ %%(P1)♦
345892,345892,HELI-CURE 14/TAB(P1)●
350573,350573,ESTRADIOL IMPLANT 50MG 1/STRERILE.!!
357114,357114,PROGYNOVA 2MG 20/TAB!!
510016,510016,MEDIJEL 12.5GM GEL+▓
1708038,1708038,JINJA KID.HR ACCESS.2PCS/CMP-711
1808022,1808022,JINJA MEDAL SOFT 1PCS/PM-111
2700994,2700994,AMANDA GEL NAIL COLOR FLAT BRUSH /26#
2704129,2704129,AMANDA MILANO MOIST MATTE LIPSTICK/24#
2705063,2705063,AXE EXCITE DEOD.150M+CLOSE UP 2X25M@#
2708877,2708877,GIFT GLAMYLAB BAG+SUNSHADE (PINK)
3200057,3200057,CEFEPIME 500MG (RPIC) 1/VIAL
3200707,3200707,LIPTOMILK PLUS(2)400GM MILK POWDER+
3201029,3201029,EGYCUSATE 20MG/5ML 100ML SYRUP
3201656,3201656,EFALEX (LEMON&LIME) 120ML LIQUID▓
3202363,3202363,LYROLIN 150MG 30/HARD GEL CAP
3203290,3203290,#ADVOMIKACIN 500MG/2ML IM/IV 1/VIAL
3203504,3203504,QUINOFLOXACHEM 400MG 5/F.C.TAB
3203687,3203687,RAIBYAX 6MG/25MG 30/CAP(P1)
3203867,3203867,MOMS CHOCO CAFE MILK CHOC35GM ESP.BEANS▓
3204071,3204071,UNILOXAM 500MG 10/SCOR.F.C.TAB
3204220,3204220,XANTHIBUX 80MG 20/F.C.TAB
3204255,3204255,ALCAFTAPRO 2.5MG/1ML OPHTHALMIC SOLUTION
3204394,3204394,EREC 100MG 12/TAB+CONTROL 3CONDOMS FREE@
3204718,3204718,COLLAWELL (ORANGE.FLAV.)W/VIT.C 10/SACH▓
3204897,3204897,SALICORTIDERM (0.02%+3%)30GM OINT
3205227,3205227,NITROTECH WHEY GOLD STRAW.(M.T)2.51K+▓
3205977,3205977,VANERY 100GM MASSAGE GEL▓
3206653,3206653,PREFORTEX 30/F.C.TAB▓
3206749,3206749,DAIVOBET (50µ+0.5MG)/G 15GM GEL+
3206947,3206947,CANYON (0.2MG+1+10MG/GM)30GM ORAL GEL▓
3207207,3207207,DERMABNZ SCAR IMPROVING 30GM GEL▓
3208123,3208123,FATROXIM 200MG 10/F.C.TAB
3208259,3208259,TIP TOP (MOISTURIZI.) 50GM GEL▓
3210254,3210254,NOVOGEN CARB+ (WATERMELON FLAV.)2.1KG▓
3211253,3211253,MOODAPEX 100MG 30/F.C.TAB
3211349,3211349,NOW E-400 100/S.G.CAP+▓
3212072,3212072,LACRICARMIN 5MG/ML 10ML OPHTHALMIC SOLU.
3212098,3212098,BRIMOBRINZ (10+2)MG/ML 5ML OPHTHAL.SUSP
3500092,3500092,BENYLIN 4-FLU 24/TAB.!!∞
3500306,3500306,ULTRA MEGA WOMEN(ENERGY&M.)TR 90CAPLET!!
3500683,3500683,OSTEO BI-FLEX(JOINT 1/DAY) 30/C.CAPLET!!
3501121,3501121,TAMBOCOR 100MG 100/TAB!!
3701035,3701035,FLYON VENTILATED LUMBAR SUPP./M/1520▓
3701040,3701040,FLYON ELASTIC KNEE SUPP./M/1702▓
3702333,3702333,SONY ULTRA HEAVY DUTY POWER AAA 4/PC▓
3702452,3702452,HANLL DAILY TAB.DISPENS.FOUR TIMES (EN)▓
3702539,3702539,FUKUDA ECG MACHINE+ACC./FCP-8100▓
3702746,3702746,DISPOGLOVE PROTECT(SOAPY&RECYCLAB.)20PC▓
3702805,3702805,COHESIVE BANDAGE 7.5CMX4.5M (BLACK)▓
3702870,3702870,MEDIZANA OXYGEN CONCENTRATOR OXY LIFE5L▓
5211004,5211004,JINJA HAIR CLIP/HCL-744
30123677,3012367777,CARDURA 4MG 14/TAB(P)
32005117,3200511777,IBANDROCARE 150MG 2/SCOR.F.C.TAB(P)
32018797,3201879777,SAVIBLEED 500MG/5ML(IV/IV-INFU)5/AMP(P)♦
32019167,3201916777,DANTRELAX 25MG 30/CAP(P2)
32026697,3202669777,EFEMYO (0.1%+0.025%) 10ML EYE DROP(P)
32029407,3202940777,PHARMASTIN 0.05% 5ML EYE DROP(P)
32047577,3204757777,NEXIUM 20MG 28/TAB(P)
32089957,3208995777,ZOFATRONE 4MG 5/OR.SOLU.FILM(P)
32187677,3218767777,DAFLON 500MG 30/TAB(P2)
32354477,3235447777,OMNICEF 300MG 10/CAP+(P2)
34044277,3404427777,ZYPREXA 10MG 7/TAB+(P)
34090377,3409037777,CIPROCIN 0.3% 5GM EYE OINT(P)
34147477,3414747777,DENSITIN 30/CAP▓
34350277,3435027777,VIGAMOX 0.5% 5ML EYE DROP+(P2)
99100411,99100411,B.C CEN MOTOR TREADMILL LE950 /7800▓
3012367777,3012367777,CARDURA 4MG 14/TAB(P)
3200511777,3200511777,IBANDROCARE 150MG 2/SCOR.F.C.TAB(P)
3201879777,3201879777,SAVIBLEED 500MG/5ML(IV/IV-INFU)5/AMP(P)♦
3201916777,3201916777,DANTRELAX 25MG 30/CAP(P2)
3202139777,3202139777,ALDARA▼5%(250MG/SACH)12/SACH CREAM+(P)
3202669777,3202669777,EFEMYO (0.1%+0.025%) 10ML EYE DROP(P)
3202940777,3202940777,PHARMASTIN 0.05% 5ML EYE DROP(P)
3204757777,3204757777,NEXIUM 20MG 28/TAB(P)
3207088111,3207088111,ARCOXIA▼120MG 7/F.C.TAB+(P1)
3208023111,3208023111,ORCHACORTIN 1% 10MG/GM 5GM)EYE OINT(P1)
3208902777,3208902777,LETROZOLE PHARMACARE 2.5MG 30/TAB+(P)
3208995777,3208995777,ZOFATRONE 4MG 5/OR.SOLU.FILM(P)
3218767777,3218767777,DAFLON 500MG 30/TAB(P2)
3235447777,3235447777,OMNICEF 300MG 10/CAP+(P2)
3404427777,3404427777,ZYPREXA 10MG 7/TAB+(P)
3409037777,3409037777,CIPROCIN▼0.3% 5GM EYE OINT(P)
3414747777,3414747777,DENSITIN 30/CAP▓
3435027777,3435027777,VIGAMOX 0.5% 5ML EYE DROP+(P2)
196006999996,196006999996,BONITA POWDER PUFF 1PCS /18T\PL#
677443220974,677443220974,MOVE WRIST&THUMB SUPPORT LEFT/XL/MV012▓
677443224729,677443224729,MOVE WRIST SUPPORT LEFT/XL/MV011▓
6223004160073,343605,DG-LONG TOOTH PASTE SENS.CARE 80GM▓#
3212766,3212766,GLAPTIVIA PLUS XR 50/500MG 30/EX.RE.TAB
