72,72,SYRINGE 3ML WOMEN KOREA (24GX1.25)▓
2980,2980,TS BURBERRY BRIT LIMITED ED. F/W EDP100M
5637,5637,TS CAROLINA HERERA CH E.D.T F/W 100ML
5992,5992,TS MOBACO BLACK HORSE 2 EDT F/M 100M
6214,6214,TS FRANCK OLIVIER PASSION F/W EDP 75M
6261,6261,TS BOUCHERON QUATRE EDP F/W 100M
69695,69695,TS ELIE SAAB GIRL.NO.FOREVER EDP F/W 50M
69721,69721,TS ESTIARA BACKPACK EDT F/M 100M
69754,69754,TS ROCCOBAROCCO JEANS EDP F/W 75M
69970,69970,TS MAA ALTHAHAB FRESHY R163 EDP F/M 50M
70028,70028,TS BOURJOIS H.MIX CLEAN&VEGAN FOUND./53W
101357,101357,SPASMOREST 20MG 20/TAB(P1)
102150,102150,COLDAL 120ML.SYRUP
262122,262122,JOHNSON MOISTURISING CREAM 50ML#
263280,263280,CINDERELLA MAXI WINGS PADS 10PCS#
278680,278680,SECRET SHEER DRY ALL TYPE SMALL#STOP#
278789,278789,PALMERS HR FOOD A.DAND.150M
279001,279001,SUGAR MATCH N.C.SWEET.(ASPARTAME)50SACH▓
279210,279210,PANTENE OIL REPLAC. IMP. ALL TYPES 375M#
282586,282586,KRYOLAN BR MAKE UP BRUSH (3500)#
283505,283505,KRYOLAN AQUA COLOR W03 1101 8ML#
284971,284971,GILLETTE FUSION 1BLADE@#
285617,285617,AMANDA LAST&SHINE LIPSTICK /M8#
285998,285998,KRYOLAN HD MICRO FOUND. CR /230#
301434,301434,SINEMET 25MG/250MG 10/TAB●
301441,301441,CARDIKET 5MG 20/TAB
306141,306141,DIFLUCAN 50MG 7/CAP(P1)
320112,320112,#UNOVIT 120ML SYRUP
321128,321128,OFLOXACIN 0.3% 10ML EYE DROP
321227,321227,EPIFENAC 25MG 5/SUPP®
321490,321490,NEXIUM 20MG 7/TAB
322002,322002,SILYMARIN 10/SACH▓●
323467,323467,CLEANO SEPT 200ML VAG. DOUCH▓
323489,323489,NANISB NCB-388-17CM.#▓
323948,323948,PLASTER TAPE TRANSPORE 10CM▓
324549,324549,#NIT CLEAN 500MG 30/TAB
340046,340046,CALCIUM CHLORIDE 10ML 1/AMP.♦
340965,340965,BEBELAC EC 400GM MILK POWD.+
341698,341698,DOLPHIN-K 75MG SR 10/CAP
341878,341878,ADH DRESSING ROLL MEFIX 15CM X 10M▓
341917,341917,NEUROTOP RETARD 600MG 100/TAB.+♦
343177,343177,ECKHASYL 6/SACH
343524,343524,GLIMADEL 3MG 20/TAB♦
344958,344958,AMPICTAM 375MG 12/TAB
345218,345218,RANTAG 150/MG 20/TAB
345980,345980,SUTAPRIM D.S. 10/TAB.
350065,350065,COUMADINE 2MG 20/TAB !!
352368,352368,POSTINOR 0.75MG 2/TAB!!
352412,352412,NEOS NITRO OPT 50GM OINT.!!
370126,370126,MIRACLE CLAVICLE SUPPORT L  (0064)▓
370315,370315,JASPER NEOP.KNEE L (EN005)▓
1025548,1025548,TS FERRARI UOMO F/M E.D.T 100ML
1121020,1121020,FRIGG PACIFIER PACK OF 1 SCARLET
1708027,1708027,JINJA KIDS EARRING ACCESS.2PCS/EAR-701#
2700882,2700882,CE-TUA NOSE STRIPS CARBON 10/STRIPS
2701063,2701063,GIFT NIVEA FAN BALLOON
2702853,2702853,AMANDA POP LAST&SHINE NAIL POLISH/147#
2703713,2703713,SALDENA SK MOISTURIZING CR 40G#
2704150,2704150,AMANDA MILANO LIP AMOUR FLUI.LIPSTICK/2#
2704334,2704334,KERA QOUZ HR SHAM.&COND.FRI.CONTRO.250M#
2706062,2706062,DUREX FETHERLITE ULTRA CONDOM 3PCS35LE@▓
2708763,2708763,INNOX LIGHTEN.CR F/ALL BODY 50GM#
3200545,3200545,FAM 30MG/2ML 5/AMP
3201050,3201050,CIPROFLOXACIN 500MG 10/TAB(ORGANO)(P3)
3201234,3201234,LIDOCAINE HYDROCHLORIDE 50MG/5ML 50/AMP
3201739,3201739,CONCOR 10MG 30/SCOR.F.C.TAB(P1)
3201920,3201920,ADVAGRAF 0.5MG(PROLONG.R)100/HARD CAP+●♦
3202525,3202525,ALFATRAL 5MG SR(SUSTAINED RE.)14/F.C.TAB
3202756,3202756,LYRIBALIN 75MG 10/H.G.CAP©
3202903,3202903,MARNYS CREAMY HON.2P+PUR.R.JELLY10GM+@®▓
3204008,3204008,MARAM SHAHD BEESWAX HONEY 250GM
3204282,3204282,FIBRO JUICI POWDER 42GM 7/SACH▓
3204707,3204707,DECAL B12-N (120ML) SYRUP
3205663,3205663,CALDDOX ORAN.MINT FLAV.(1Y)200ML LIQ.+▓
3206194,3206194,DONAFERON PLUS 30/H.G.CAP
3206266,3206266,CARIVALAN 12.5/5MG 28/F.C.TAB
3206536,3206536,EMAX 50GM MASSAGE CREAM▓
3206583,3206583,UNIVERSAL ULTRA WHEY PRO STR.IC.CR1.02K▓
3206730,3206730,HERBALAND PURE BEAUTY F/AD 60/GUMMY+▓
3206891,3206891,BIOMED-B COMP 30/F.C.TAB▓
3207045,3207045,FLEXEZE MASSAGE 50GM GEL▓
3207643,3207643,CIPRAMALINE 10MG 20/SCOR.F.C.TAB(P1)
3208084,3208084,VONDALOUS 10MG 20/F.C.TAB
3208220,3208220,SYCOCETAM 1000MG 20/SCOR.F.C.TAB(P1)
3208426,3208426,GARCISHAPE 30/H.G.CAP▓
3208493,3208493,MARINE YOUTH 30/H.G.CAP▓
3208615,3208615,KETOFAN 50MG 30/H.G.CAP●
3208934,3208934,NOVOPHANE 60/H.G.CAP+▓
3209155,3209155,CYANOHEPTAN 2ML IM 6/AMP
3209353,3209353,ULTRADIGEST DIGESTION 24/EFF.TAB+▓
3209403,3209403,JOINTMACK(5.186/SAC) LEMON FLA.10/SACH▓
3209825,3209825,SMILEY LISO CHERRY(WARMING)GEL 75GM▓
3210333,3210333,ORIGEN SLIM FIX PLUS 60/CAP+▓
3210386,3210386,CANEPHRON UNO 30/C.TAB+
3211136,3211136,DR OXYGEN LAXOTOPIA 6/SACH
3211183,3211183,PEA 300MG 20/H.G.CAP▓
3211330,3211330,NEOCELL COLLAGEN PEPTID.+VIT C 250/TAB+▓
3211594,3211594,NERHA D3(4000IU)30/S.C.TAB▓
3211666,3211666,QULAPERAFEN708MG/100ML 100ML(+2Y)O.SUSP
3211873,3211873,GRANITRYL 1MG 5/F.C.TAB
3212069,3212069,VACCINE▼0.5ML(VAXNEUVANCE)1/PREF.SYR+®
3212304,3212304,ESSENTIAL DIGESTIVE ENZY.800MG 180/CAP+▓
3212454,3212454,PRUCANETIC 2MG 20/F.C.TAB
3212595,3212595,BISCOVITA SMARTY WAFER▓
3400028,3400028,B POWER BALANCE WHITE SIZ (XL)▓
3500089,3500089,ANUSOL PLUS-HC 12/ SUPP!!
3500180,3500180,LYRICA 300MG 56/CAP©!!
3501158,3501158,ONE A DAY F/HIM(TEEN) 60/GUMMIES!!
3600570,3600570,SILDENAFIL 12/VAG.SUPP ⌂▓#
3701527,3701527,ITA-MED BACK&ABD.SUPP.(XL)/BS221▓
3701628,3701628,CE-TUA HOT PAIN REL.(12X18CM)6/PATCH+▓
3701831,3701831,I-M ELAST.KNEE SUPP.(XXL)/ES701▓
3702074,3702074,I-M SOFT CERVICAL COLLAR OH-0002 (XL)▓
3702210,3702210,ICE BOX (2 GEL PACK) (L)▓
3702449,3702449,GIFT BEPANTHEN 0.05GM/1GM 3.5GMX3P OINT+
3702540,3702540,RIGHTSIGN URINE DRUG TEST(MULTI-DRUG)▓
4640920,4640920,GIBAUD ANKLE  SUPPORT (L) 6487 OR 6583▓
4818660,4818660,GIBAUD SOFT COLLAR C1(4) 6482/6627▓
5357959,4640920,GIBAUD ANKLE  SUPPORT (L) 6487 OR 6583▓
6449267,4818660,GIBAUD SOFT COLLAR C1(4) 6482/6627▓
8889334,8889334,NAHCO3 FILLED CAP
10502111,1050211111,CEFOTAX▼0.5GM 1/VIAL(EPICO)(P3)
10502177,1050217777,CEFOTAX 0.5GM 1/VIAL(EPICO)(P2)
20103777,2010377777,CYCLO-PROGYNOVA 21/TAB+(P2)
30142377,3014237777,ZESTRIL 5MG 10/TAB(P2)●
32009737,3200973777,COVERSYL PLUS 5MG/1.25MG 15/F.C.TAB(P)
32013657,3201365777,DICLONATRIUM 75MG SR 20/F.C.TAB(P)
32014357,3201435777,SYMBICORT 160/4.5µ120/DOSE TURBU.(P)
32021937,3202193777,ADWIFLAM (1%+8%+2%) 50GM EMULGEL(P2)
32027247,3202724777,TRAJENTA 5MG 30/F.C.TAB+(P2)♦
32033237,3203323777,OLANZAPINE-COPAD PH.7.5MG 14/F.C.TAB+(P)
32050137,3205013777,MOXYSEYARO PLUS 5MG/ML 5ML EYE DROP(P)
32062147,3206214777,ANDOGONIUM 100ML SYRUP(P)
32066987,3206698777,LOKELMA 10G 3/POWD.R.SUSP.SACH+(P)
32070957,3207095777,VONACIDAN 10MG 20/F.C.TAB(P)
32086707,3208670777,NERKARDOU 2.5MG 30/O.D.FILM(P)
32091307,3209130777,AMBROPRO 20MG ORANGE FLAV.20/LOZ.TAB(P)
32095637,3209563777,TEMPORAL 1000MG 20/SCOR.TAB(P)
32148777,3214877777,CLARITHRO 500MG 14/TAB(P2)
32520577,3252057777,PANTOPRAZOLE 40MG 14/TAB(P[)
34129877,3412987777,XOLAMOL 5ML EYE DROP+(P2)
34314677,3431467777,PROSTRIDE 5MG 30/CAP(P2)
1050211111,1050211111,CEFOTAX 0.5GM 1/VIAL(EPICO)(P3)
1050217777,1050217777,CEFOTAX 0.5GM 1/VIAL(EPICO)(P2)
2010377777,2010377777,CYCLO-PROGYNOVA 21/TAB+(P2)
3014237777,3014237777,ZESTRIL 5MG 10/TAB(P2)●
3200973777,3200973777,COVERSYL PLUS 5MG/1.25MG 15/F.C.TAB(P)
3201365777,3201365777,DICLONATRIUM 75MG SR 20/F.C.TAB(P)
3201435777,3201435777,SYMBICORT 160/4.5µ120/DOSE TURBU.(P)
3202193777,3202193777,ADWIFLAM (1%+8%+2%) 50GM EMULGEL(P2)
3202724777,3202724777,TRAJENTA 5MG 30/F.C.TAB+(P2)♦
3203323777,3203323777,OLANZAPINE-COPAD PH.7.5MG 14/F.C.TAB+(P)
3205013777,3205013777,MOXYSEYARO PLUS 5MG/ML 5ML EYE DROP(P)
3206214777,3206214777,ANDOGONIUM 100ML SYRUP(P)
3206698777,3206698777,LOKELMA 10G 3/POWD.R.SUSP.SACH+(P)
3207095777,3207095777,VONACIDAN 10MG 20/F.C.TAB(P)
3208670777,3208670777,NERKARDOU 2.5MG 30/O.D.FILM(P)
3209130777,3209130777,AMBROPRO 20MG ORANGE FLAV.20/LOZ.TAB(P)
3209563777,3209563777,TEMPORAL 1000MG 20/SCOR.TAB(P)
3211298777,3211298777,GLUCOSE 5% 500ML IV-INFU.(CAP)GYPTO(P)
3214877777,3214877777,CLARITHRO 500MG 14/TAB(P2)
3252057777,3252057777,PANTOPRAZOLE 40MG 14/TAB(P[)
3412987777,3412987777,XOLAMOL 5ML EYE DROP+(P2)
3431467777,3431467777,PROSTRIDE 5MG 30/CAP(P2)
10181066405,278789,PALMERS HR FOOD A.DAND.150M
16500558194,3501158,ONE A DAY F/HIM(TEEN) 60/GUMMIES!!
196003999733,196003999733,DB READ.GLASS.VIOLET(+1.50)/PC816\PL#
196003999786,196003999786,DB READ.GLASS.ORANGE(+3.00)/LRP2945\PL#
196003999845,196003999845,DB READ.GLASS.BLUE(+3.50)/LRP3271A\PL#
196007699743,196007699743,DELTA OPEN ANKLE SUPPORT (S)\PL▓
677443221906,677443221906,MOVE ARM SLING ADULT/M/MV004▓
869222900537,869222900537,PARROTTY BLUSHING PERFUME SP.F/W 250M#
6223000910689,279001,SUGAR MATCH N.C.SWEET.(ASPARTAME)50SACH▓
3212788,3212788,DIACALDERM(50μ/0.5MG)GM 30GM TOPICAL GEL
