2010,2010,TS MILANI CRYSTAL GLOSS F/LIPS BREATHLES
3080,3080,TS BURBERRY BRIT LIMITED ED. F/M EDT100M
6245,6245,TS P.RABANNE PURE XS  EDT F/M 100M
69705,69705,TS NARCISO RODRIGUEZ FOR HER EDP F/W100M
69914,69914,TS MAYBELLINE LIFTER GLOSS LIP GLOS/008
69983,69983,TS MAYBELLINE SUNKISSER BLUSH/11
70233,70233,TS MAYBELLINE LIFTER LIP GLOSS/29
102134,102134,E-MOXCLAV 312MG (60ML) SUSP(P1)
105012,105012,CEFOTAX 1GM 1/VIAL(EPICO)(P1)
214002,214002,XYLOCAINE 2% 30GM JELLY+
260250,260250,VB (SE) F/DRY HR SHAMP. 200M#
261833,261833,SEKEM LAXATIVE 10/FILTER▓
279524,279524,BIODERMA SEBIUM MOUSSANT GEL 200M
283169,283169,HERO BABY 3 FRUITS 6M 130/125G+
283187,283187,NUK SILICONE SOOTHER ROSE&BLUE
284528,284528,SKIN TECH NUTRIV ACE LIPOIC COMPLEX 50M#
301465,301465,TRITACE COMP 5MG/25MG 7/TAB●
302352,302352,DETRONIN 5MG 20/TAB
310081,310081,SOPROL 10MG 20/TAB.
320420,320420,RAMITAC 2.5MG 8/TAB.●
321333,321333,NO GRAVIDA 100MG 12/VAG. SUPP®
322480,322480,LAROGEN 25MG 30/TAB♦
323573,323573,#$RINGER LACT. 500ML INFU. (ELNASR)$#
324125,324125,DIABETIN 30MG 10/TAB
340264,340264,CEFOPERAZONE 1GM 1/VIAL
340435,340435,THILOMICINE 0.3% 3.5GM EYE OINT.+
343878,343878,CORPRIL 2.5MG 7/CAP
344772,344772,BABETON (GUAVA FLA.) 120ML SYRUP(P1)
345010,345010,LEVAMERC 20/GEL.CAP
346028,346028,LIVAVIT 20/CAP
370018,370018,MIRACLE VERTEBRAL BELT L (0011)▓
370106,370106,MIRACLE SPIRAL KNEE SUPPORT XXL(0025)▓
370285,370285,JASPER ANKLE SUPPORT LYCRA  L (LB006)▓
370331,370331,JASPER OPEN KNEE(4)METAL SPR.L EN005C2▓
370609,370609,PLASTER CURE-AID(HYDROCOLLO.SPOTS)24PCS▓
1151010,1151010,FRIGG PACIFIER PACK OF 1 SOFT LILAC
2701388,2701388,VATIKA SPLASH EFFECT(3)WET LOOK GEL250M#
2701627,2701627,NIVEA SOFT CR 300M 15%@
2702019,2702019,BELLA DIAMOND COLOR LENSES CARIBBE.GREEN
2702749,2702749,AVENE(V.H.P.(50+)CR+THERMALE WATER)50@#
2703698,2703698,FUBEB SKIN MOISTURIZING CR 40G#
2704134,2704134,AMANDA MILANO MOIST MATTE LIPSTICK/29#
2704291,2704291,DOVE INVISIBLE DRY DEO.SP. F/W 150M20%@#
2704992,2704992,RICOLA CRANBERRY(SUGAR FREE)45GM 2BOX@▓
2705519,2705519,NUXE MICEL.FACE FOAM CLEANSER 2X150M@#
2705582,2705582,BOBAI S.SCREEN HYDR.SPF(50+)GEL2X60M@
2705601,2705601,BIORGANIC PUR.COL.HR(MASK500+SHAMP.250@#
2708677,2708677,CARESS EAR STUDS RUBY/5
2708699,2708699,SUPER KIDS(S.SCR.LOT.200+R.ON FRG.F.30)@
3200279,3200279,XALTEC▼120ML SYRUP(P1)
3200561,3200561,ZOCOR 20MG 14/TAB
3200947,3200947,DIGETEX 20/SOFT GEL CAP
3201034,3201034,#$KLACID 500MG IV (POWDER) 1/VIAL+$#●
3201391,3201391,VOTRIENT 400MG 30/F.C.TAB+(P1)●♦
3201548,3201548,BIOGLITA PLUS 15/850MG 20/F.C.TAB♦
3201892,3201892,XORAXON 1GM (IM) 1/VIAL(P3)●
3202149,3202149,ZETRAFENAC 1MG/1ML 5ML EYE DROP
3202501,3202501,ADVOCHOL 10MG 28/SCOR.F.C.TAB●
3202619,3202619,SEROQUEL XR 300MG 30/TAB+
3202682,3202682,SULBACEF 1000MG+500MG IM/IV 1/VIAL(P3)
3202776,3202776,SOFOZAV 400MG 28/F.C.TAB
3202822,3202822,FAMALZYL 4MG/ML (100ML) ORAL SOLUTION
3202857,3202857,RANITAK 150MG GRANULES 10/EFF.SACH
3202996,3202996,CANDEBLOCK-D 16/12.5MG 20/SCOR.TAB(P1)
3203317,3203317,BIOHOSH (SOOTHING) 120ML LOTION
3203362,3203362,DELCET(MOUTH REFRESH.)250ML MOUTH WASH▓
3203740,3203740,MEGABIO 500MG 5/SCOR.F.C.TAB
3204600,3204600,ROYAL PEPPERMINT 50/BAGS▓
3205027,3205027,VITOSEL (LACTOFERRIN) 14/SACH▓
3205052,3205052,ZAFFO 75GM MASSAGE GEL▓
3205588,3205588,DIVITON-D FORTE 10000IU/ML20M DROP(P1)
3205702,3205702,LIMITLESS KIDS CALCIUM M.CHOC.BALL30PC®▓
3205777,3205777,ZETAKARDOVAL 5/320MG 15/F.C.TAB
3205799,3205799,$#D.DEP 1000IU VIT.D3 30/CAP+▓#$
3206246,3206246,MOONFLEX 30/F.C.TAB▓
3206358,3206358,RUMAXIMAP 120MG 10/F.C.TAB
3206439,3206439,ANDORASIROX 500MG 20/TAB ORAL SUSPENSION
3206516,3206516,PREMIER OMEGA 3 1000MG LEMON FLA.14SACH▓
3206754,3206754,CHOLETRIX-D3▼400IU 10ML F/INF.ORAL DROP▓
3207061,3207061,CH.NUTRITION THE PUMP FRUIT PUNCH 261G▓
3207779,3207779,COXINORIN 60MG 30/F.C.TAB
3207890,3207890,ISO ACNETIN 10MG 30/S.G.CAP♦
3208244,3208244,NANYMOM 30/F.C.TAB▓
3208309,3208309,WADILOXTIN 30MG 28/DELAY.RE.CAP
3208392,3208392,PIXE FRESH 60ML MOUTH SPRAY▓
3208406,3208406,LENEX 50GM CREAM▓
3208518,3208518,FONDACLAV 1G 12/F.C.TAB
3208785,3208785,ZZZQUIL NATURA MELAT.BERRY FL.30/GUMMY+▓
3208965,3208965,PANTROGLOB 40MG IV-INFU 1/VIAL
3209496,3209496,VALDE DROB 20ML ORAL DROP▓
3209522,3209522,FENUGREEK SEED (NATURE WAY)100/VEG.CAP+▓
3209908,3209908,RIVAFLOWVA 10MG 20/F.C.TAB♦
3210032,3210032,BLUEKANZA 75ML SPRAY▓
3210490,3210490,SHINOMEZ 90/F.C.TAB▓
3211039,3211039,BIOTICAFLOX 500MG 7/F.C.TAB
3211116,3211116,MOUNJARO KWIKPEN2.5MG(S.C)1PR.FIL.PEN+®♦
3211354,3211354,VITAWELL MAGNESIUM BR.THROUGH 30/CAP▓
3211646,3211646,COMFASE 30/H.G.CAP▓
3211758,3211758,UPADACITINIB-EVAPHARMA45MG 30/EX.RE.TAB♦
3212355,3212355,GABIMEDRA 10MG 10/F.C.TAB
3212405,3212405,COLIFLY 500 30/F.C.TAB▓
3500173,3500173,MESO-ORAL 4/BOTTLES+WU-YI TEA!!
3500810,3500810,GLUCOSAMINE CHOND.+MSM+OMEGA 60SOFTGEL!!
3700580,3700580,MIRACLE PLASTIC FINGER SPLINT(0073)(L)▓
3701363,3701363,ITA-MED KNEE HIGHS (XXL)/H-180(NUDE)▓
3701433,3701433,GABRIALLA ABDOM.SUPP.BINDER(L)/AB309W▓
3702025,3702025,FLAMINGO THIGH SUPPORT(1/PAIR)XL/OC2049▓
3702524,3702524,BIATAIN ADHESIVE(12.5X12.5)10PCS/3420▓
3702678,3702678,MASK FACE MEDICAL KN95 WITH VALVE▓
7783703,7783703,GIBAUD WRIST BRACE LEFT (3) (6448)▓
10902377,1090237777,FARCOLIN 20ML INH. SOLUTION(P2)
32000167,3200016777,L-CARNITINE PLUS 1000MG 20/TAB(P2)
32031787,3203178777,AZGOFLOX 400MG 5/F.C.TAB(P)
32035457,3203545777,SWABIVENT(500µ+2.5MG)/2.5ML 20/AMP(P)
32041537,3204153777,LACOVIMP 50MG 30/F.C.TAB(P)
32044857,3204485777,TECHNOSPIRON (3MG+0.03MG) 21/F.C.TAB(P)
32059367,3205936777,CEFOMERICAN 1GM IV/IM 1/VIAL(P)
32069067,3206906777,STEADYFUTAL 16MG 60/SCOR.TAB(P)
32097567,3209756777,ARDOXIMAG 40MG 14/GASTRO-RESIST.TAB(P)
32179977,3217997777,ATACAND 8MG 14/TAB(P)
34447977,3444797777,ELOCON 0.1% 20GM CREAM(P)
34479477,3447947777,CEFTRIAXONE1GM I.M1/VIAL(SANDOZ)(P2)
34610377,3461037777,CORTIPLEX B6 100U./1ML AD. 3/AMP(P2)
37023617,3702361777,NOVA-T LOOP CU380AG (BAYER)+(P)▓
1090237777,1090237777,FARCOLIN 20ML INH. SOLUTION(P2)
3200016777,3200016777,L-CARNITINE PLUS 1000MG 20/TAB(P2)
3203178777,3203178777,AZGOFLOX 400MG 5/F.C.TAB(P)
3203545777,3203545777,SWABIVENT(500µ+2.5MG)/2.5ML 20/AMP(P)
3204153777,3204153777,LACOVIMP 50MG 30/F.C.TAB(P)
3204485777,3204485777,TECHNOSPIRON (3MG+0.03MG) 21/F.C.TAB(P)
3205266777,3205266777,VACCINE(INFLUVAC)0.5ML 1/PREF.SYR.+®(P)
3205936777,3205936777,CEFOMERICAN 1GM IV/IM 1/VIAL(P)
3206906777,3206906777,STEADYFUTAL 16MG 60/SCOR.TAB(P)
3209756777,3209756777,ARDOXIMAG 40MG 14/GASTRO-RESIST.TAB(P)
3217997777,3217997777,ATACAND 8MG 14/TAB(P)
3444797777,3444797777,ELOCON 0.1% 20GM CREAM(P)
3447947777,3447947777,CEFTRIAXONE1GM I.M1/VIAL(SANDOZ)(P2)
3461037777,3461037777,CORTIPLEX B6 100U./1ML AD. 3/AMP(P2)
3702361777,3702361777,NOVA-T LOOP CU380AG (BAYER)+(P)▓
196003999861,196003999861,DB READ.GLASS.BLUE(+1.50)/LRP3262\PL#
3401578653709,279524,BIODERMA SEBIUM MOUSSANT GEL 200M
4008600067689,283187,NUK SILICONE SOOTHER ROSE&BLUE
4008600067696,283187,NUK SILICONE SOOTHER ROSE&BLUE
6222023899834,370609,PLASTER CURE-AID(HYDROCOLLO.SPOTS)24PCS▓
6223003734039,370609,PLASTER CURE-AID(HYDROCOLLO.SPOTS)24PCS▓
6223012631886,2708699,SUPER KIDS(S.SCR.LOT.200+R.ON FRG.F.30)@
6223012632746,2705582,BOBAI S.SCREEN HYDR.SPF(50+)GEL2X60M@
6224000851699,2701388,VATIKA SPLASH EFFECT(3)WET LOOK GEL250M#
8414606661831,284528,SKIN TECH NUTRIV ACE LIPOIC COMPLEX 50M#
8690504550570,283169,HERO BABY 3 FRUITS 6M 130/125G+
