505,505,FAIR&LOVELY PACKET#
69625,69625,TS ELODE SO LOVELY EDP F/W 100M
69650,69650,TS ARMAF THE WARRIOR EDT F/M 100M
69948,69948,TS MAYBELLINE TATTO.LINER GEL PENCIL/911
70216,70216,TS MAYBELLINE S.RSTAY MATT.FOUND.30H/118
101309,101309,VITAMIN E FORTE 400I.U 20/CAP
102168,102168,TRIACTIN SYRUP●
102205,102205,#STREPTOQUIN 60ML SUSP
109020,109020,VAPOZOL 30ML INH. SOLUTION
128025,128025,FRIGG DAISY PACIFI.WOODCHUCK SIZE 1 0-6M
196006,196006,RENT OXYGEN CYLINDER 6M/DAY
280729,280729,KRYOLAN TV PAINT STICK 26EF
282662,282662,SUPPORT WEAK MUSCLES LE39▓
283117,283117,KRYOLAN BLUSHER 5191 LIGHT RED#
283364,283364,AMANDA LAST&SHINE N.POLISH /400#
284048,284048,LUNA MINI N.POLISH/16#
284400,284400,KRYOLAN BROW PENCIL 1094 BLACK & BROWN#
285649,285649,JOHNSON BABY WITH ALOEVERA OIL 200M#
301220,301220,SECTRAL 20/TAB
301255,301255,VENORUTON FORTE 500MG 10/TAB
306005,306005,NO DEPRINE 50MG 20/TAB
306070,306070,SUPRAX 400MG 5/CAP(P1)●
310015,310015,ANTODINE 40MG 20/TAB.
321279,321279,MEGALASE 3000U 20/TAB.
321316,321316,URSO PLUS 20/CAP(P3)
321860,321860,ZEMADERMIN (1%+10%+5%) 20MG CREAM
322397,322397,LINDO HR SP.250M#
323439,323439,PROTECA 120ML LOTION.
323556,323556,ARTHINEUR 10/CAP(P1)
340003,340003,#CURAM 312.5MG (75ML) SUSP
340735,340735,AMBROXOL 30MG 20/TAB
340740,340740,KESTINE 10MG 10/TAB
341949,341949,RINGER
343129,343129,#RELAX 20/CAP
344797,344797,FRUITAMIN PLUS 10/SACH▓
345031,345031,PEROX 120ML SPRAY
346100,346100,CANDISTAN 50ML SPRAY
350392,350392,GAVISCON DOUBLE ACTION 150ML SUSP !!
351030,351030,DEEP HEAT 100GM CREAM !!
353612,353612,INNOVACE 10MG 28/TAB.!!
355401,355401,KLACID XL 500MG 14/TAB.!!
370163,370163,MIRACLE WRIST BRACE RIGHT 3XL(0041)▓
1708079,1708079,JINJA KID.HR ACCE.COLO.6PCS/HCL-847#
1708116,1708116,JINJA KID.HR ACCE.COLO.4PCS/A-820
1803044,1803044,JINJA WRIS.HAND ACCES.1PCS/DDBR-915
2701581,2701581,GIFT HERO BABY JAR
2701857,2701857,RELAX&SPIN TONE MASSAGER W/5PCS▓
2702737,2702737,BOBAI SPF(80)CR50+STAR VILL.WHITE.CR60@#
2702904,2702904,VASELINE INT.CARE HEAL.MUSK LOT.40020%@
2703987,2703987,TRUE SILICONE TEAT FAST FLOW(6+)M 2PCS#
2704168,2704168,AMANDA MILANO NUDE LOOK LIPSTICK/10#
2704186,2704186,AMANDA DREAM BLUSHER/22#
2704205,2704205,AMANDA M.MILANO BLUSH&BEAUTY/11#
2704270,2704270,CHRISTIAN DIOR GLASSES F/READING BAG/3
2704689,2704689,GIFT DESIO SENSU.BEAUTY LENSES ONE DAY
2705282,2705282,MEDAVITA MALE A.HR LOSS(13X6M+SHAM.250)#
2705413,2705413,G.K B.(SHAMP+COND+BEAST)300M+SERUM+STY.@
2705567,2705567,IVATHERM FOOT CARE CR 2X75M@#
2708652,2708652,VEE ALLURE MOIST.CR 150GM
2708793,2708793,CARESS EAR STUDS RUBY/14
3200207,3200207,VACCINE(SYNFLORIX 0.5ML)1/PRE.SYRINGE+®
3200474,3200474,DIOSMIN 500MG 10/F.C.TAB
3200580,3200580,VECTIBIX 20MG/ML 20ML 1/VIAL+%%®♦
3200962,3200962,VITAMOUNT FOR WOMEN 15/S.G.CAP(P1)
3201068,3201068,INNOVA HERBAL DRINK(F/WT CONTROL)20SACH▓
3201305,3201305,AMITRIPTINE 50MG 30/SCOR.TAB●
3201370,3201370,GEO ORALOG 0.1% 15GM ORAL PASTE▓
3201420,3201420,AZGOCLATENS (2MG+5MG)/1ML 5ML EYE DROP
3201455,3201455,OSCASEEF 200MG 30/SOFT GEL CAP
3201594,3201594,#DELTACLAV 228.5MG (80ML) SUSP
3201789,3201789,VANZAPRO 2GM (IV) 1/VIAL+
3201877,3201877,LATANOSWIX 0.005% 2.5ML EYE DROP®
3201918,3201918,DILATROL 6.25MG 30/TAB(P1)●
3202137,3202137,FIRMAGON 120MG SC 2/VIAL+
3202182,3202182,CHOCO IRON POWDER 10/SACH▓
3202667,3202667,ZINCTRON 30/CAP(P1)▓
3202713,3202713,ESOMEPEX 40MG 14/ENTERIC C.TAB
3202872,3202872,TY&JA(LUBRICANT)100ML GEL 2BOT.+1FREE+@▓
3203332,3203332,ZIMOCEFOX 250MG/5ML (60ML) SUSP
3203387,3203387,CARELYTE 280GM GRANULES
3203761,3203761,SEKEM CINNAMON 25/ENVELOPES▓
3204621,3204621,KONOZ TALQA HONEY F/MEN 300G
3204759,3204759,DOXYCOST 50MG 30/TAB(P1)●
3205002,3205002,MOBINORM 120GM MASSAGE SPRAY▓
3205381,3205381,GIFT GLIPTUS 50MG 30/TAB
3205554,3205554,ONDAMETIC 4MG/2ML 5/AMP
3205693,3205693,MEDIHYALO (0.2%+1%) 30G CREAM(P1)
3205752,3205752,DAPAGLIF 10MG 14/F.C.TAB(P1)♦
3206010,3206010,BIOSERTAZOL 2% 30G CREAM
3206065,3206065,OZEMPIC 1MG (S.C) 1/PREF.PEN+®(P1)♦
3206223,3206223,VISCERALGINE 5MG/2ML 6/AMP(P1)
3206384,3206384,GENUPHIL ADVANCE 30/SACH▓
3206447,3206447,MARNYS PROTECT 125ML LIQUID+▓
3206573,3206573,LIPOCOMB 20MG/10MG 30/H.CAP+(P1)
3206708,3206708,NOW RAW MACA 750MG 90/VEG.CAP+▓
3207080,3207080,CODE GOVITA(BIOTIN)FRUIT FLAV.30/GUMMY▓
3207174,3207174,DEPRAM 40MG 20/F.C.TAB(P1)
3208218,3208218,MAVILOR PLUS (5/12.5)MG 30/F.C.TAB(P1)
3208463,3208463,JARROW F.METHYL FOLATE1000µ100/VEG.CAP+▓
3208805,3208805,PROFIKIDS EX.M.VIT+MEGAN CH.120+60GUMM@▓
3208870,3208870,LOXY JOINT ORANG.FL.(25ML/AMP)20/O.AMP+▓
3209190,3209190,WADIBRADIN 7.5MG 20/F.C.TAB
3209204,3209204,GENUPHIL WOMAN 10/SACH▓
3209572,3209572,COPAD 4000 30/CAP▓
3209895,3209895,VORTOXICALM 10MG 20/F.C.TAB
3210062,3210062,NOVACHECK 50/STRIP/NV-2701▓
3211173,3211173,PENCILONG▼(PENCITARD)1.2M.I.U 1/VIAL
3211308,3211308,GYBENASH 600MG 30/H.G.CAP▓
3211410,3211410,VENOMACK 30/F.C.TAB▓
3211465,3211465,CAVALIFLU (GRAPE FLAV.) 30/O.DIS.FILM
3211623,3211623,MAALOX (FLAV.MINT) 250ML ORAL SUSP
3211784,3211784,LIMITLESS BALANCE SYNBIOTIC 20/H.G.CAP▓
3211883,3211883,LERO GUMMY C PLUS ZINC 60/GUMMY▓
3211964,3211964,BENDOVAXEED PLUS 180/10MG 30/F.C.TAB
3212525,3212525,ULCEBISMO 120MG 56/F.C.TAB
3212550,3212550,RECOXIBRIGHT 60MG 30/F.C.TAB
3500156,3500156,$#PERFECTIL PLUS SKIN 56/CAP.!!#$
3600100,3600100,ALCOHOLIC EAR DROP 15ML ⌂▓
3700297,3700297,I-M CERVICAL COLLAR CHIN OH-003(XL)▓
3702130,3702130,PLASTER PIC AQUABLOC MED.ANTI-BAC.20PCS▓
3702145,3702145,DOUCHE EASY WASH ENEMA W/CANN.200M(PIC)▓
3702578,3702578,MASK FACE N95 3M 8511▓
3702596,3702596,PREGNANCY TEST CUP(ITEST/HANZA MEDIC)▓
7783726,7783726,GIBAUD THUMB WRIST IMMOBIL RIGHT(1)6449▓
9430514,9430514,O.P.I NAIL LACQUER 15M/H42#
9449114,9449114,O.P.I NAIL LACQUER 15M /G41#
9486115,9486115,O.P.I NAIL LACQUER 15M /B78#
19600110,19600110,X-STORE-SPECIAL ORDER-RESTOCKING FEES
30135477,3013547777,ELTROXIN 50Μ 100/TAB(P2)+●
30603877,3060387777,URSOFALK 250MG 20/CAP(P4)
32017757,3201775777,FLAMIFAST 50MG(.DISINTEG.)30/O.D.TAB(P)
32023967,3202396777,NEXIUM 10MG GRANULES O.SUSP 28/SAC+(P2)
32035577,3203557777,ESMORAP 20MG 14/H.G.CAP(P)
32040317,3204031777,GLUCOVANCE 1000/5MG 30/TAB+(P)♦
32042607,3204260777,TARGOFLOXIN 750MG 10/TAB(P2)
32097627,3209762777,JAKARANDA 0.5MG 2/TAB(P)
32247277,3224727777,TARGOCID 200MG 1/VIAL+(P)
34507977,3450797777,SUPER SEAS 30/CAP(P)
80643364,80643364,HALLS ORIGINAL SUGAR FREE 28GM▓
80823629,80823629,BIONIKE A.BLEMISH STICK CONCEALER/01#
96081754,96081754,DOVE MEN CLEAN COMFORT DEOD.STICK 50M#
3013547777,3013547777,ELTROXIN 50Μ 100/TAB(P2)+●
3060387777,3060387777,URSOFALK 250MG 20/CAP(P4)
3201775777,3201775777,FLAMIFAST 50MG(.DISINTEG.)30/O.D.TAB(P)
3202396777,3202396777,NEXIUM 10MG GRANULES O.SUSP 28/SAC+(P2)
3203557777,3203557777,ESMORAP 20MG 14/H.G.CAP(P)
3204031777,3204031777,GLUCOVANCE 1000/5MG 30/TAB+(P)♦
3204260777,3204260777,TARGOFLOXIN 750MG 10/TAB(P2)
3208163777,3208163777,AZITHROMASH 500MG 3/F.C.TAB(P)
3209762777,3209762777,JAKARANDA 0.5MG 2/TAB(P)
3224727777,3224727777,TARGOCID 200MG 1/VIAL+(P)
3450797777,3450797777,SUPER SEAS 30/CAP(P)
10181066962,10181066962,PALMERS HR FOOD FORMULA LIGHT CR 150G#
22796976116,22796976116,OGX ARGAN OIL OF MOROCCO SHAMP.385M
25929130003,25929130003,COLOUR ME SKY BLUE EDP F/W 100M#
25929202960,25929202960,PERFUM.CHOICE VICTOR NO/9 EDT SP.F/M83M#
35051574781,35051574781,PE.RAINBOW HIGH DOLL WINTER RAINBOW/5747
37000983255,37000983255,OLD SPICE KRAKENGARD DEO.STICK F/M 85G!
39571068560,39571068560,VITAL CARE KERAT.VOLUM.TREAT.LEAV.IN300M
50425007191,50425007191,L&B SMUDGEPROOF EYELINER SMOKE /0719#
50425044073,50425044073,L&B SETA EYE SHADOW /4407#
51131000209,51131000209,PLASTER CLOTH TAPE NEXCARE DURABLE2.5CM▓
72239003671,72239003671,DRBROWNS WN NIPPLE LEVEL-4(2P) 9+#
72239305232,72239003671,DRBROWNS WN NIPPLE LEVEL-4(2P) 9+#
74764523600,74764523600,ARDELL BRUSH ON STRIP LASH ADHESIVE 5M#
74764618399,74764618399,ARDELL ADORE LASHES EMMA /240152#
86100016264,86100016264,MAX FACTOR LIP FINITY NO/108#
196003999880,196003999880,DB READ.GLASS.ORANGE(+1.00)/LRB2467\PL#
609332849457,609332849457,ELF SOFT GLAM SATIN FOUND.LIGHT WARM/24!
617561903703,617561903703,L&B LASH GLAMOUR COLLECTION/EL9#
633911811375,633911811375,CHI ALOE VERA CURLS DEF.ENHAN.SHAMP.340M
635292015250,635292015250,BEEROSE PROTE.(SHAMP.+COND.+SYSTEM)120M#
663350063394,663350063394,DISNEY FROZEN METAL BOX EDT 100M
663350072778,663350072778,FCB BARCELONA BOX EDT 100M#
667555961110,667555961110,V.S BELLINI ON THE BREEZE B.MIST 250M!#
667820013049,667820013049,TOPPIK HR BUILD.FIBER.POWD.LT BROWN 55G#
677443224786,677443224786,MOVE HEEL CUP/L/MV054▓
731509541083,731509541083,KISS PREM.I-ENVY EYELASHES /KPE12C#
731509634860,731509634860,KISS TRUE VOLUME LASHE/KTVL02C
731509661668,731509661668,KISS ERGONOMIC SPONGE/MUS04#
731509837957,731509837957,KISS IMPRESS NAILS 30PCS/KIMM09C
731509882940,731509882940,KISS IMPRESS NAILS (S) 30PCS/IMC37C
736658598452,736658598452,WET BRUSH ORIGINAL DETANG./BWR830COZYCB
748927028706,748927028706,WHEY G.STAND(ON)VAN&ICE CREAM2.27KG+▓
748927054798,748927028706,WHEY G.STAND(ON)VAN&ICE CREAM2.27KG+▓
778988269305,778988269305,PE.PAW PATRO.TRU. METAL.ASSORTED/6053257
810912032576,810912032576,SOL DE JANEIRO CHEIR.(62)PERFU.MIST 90M!
846566791774,846566791774,FRESH LOOK C.LENSES DAILIES GRAY 10P
850040759457,850040759457,RUSH BRUSH BLA.X1 PRO STRAIGH./RB-X1PRO#
889714003404,889714003404,CREST 3D W.STRIPS WHIT.KIT 30P(20D+10M)!
3030050098969,3030050098969,BABYLISS LE PRO LIGHT 2000W DRYER/6604E#
3052503300313,3052503300313,BOURJOIS LEVRES CONTOU.EDIT.LIP LINER/03
3141389913011,3141389913011,ARNAUD OLIGOJI35SHOW.SHAMP.HR&B.F/M200M#
3264680004438,3264680004438,NUXE PRODIGIEUSE A.FATIGUE DAY CR 40M#
3264680021978,3264680021978,NUXE BODY REVE DE THE FRE.F.DEO.R.ON50M
3264680034688,3264680034688,NUXE HR PRODIG.PRE-SHAMP.NOUR.MASK125M
3327520002725,3327520002725,ACTIVILONG NOURISH.BRILLANTINE 125M#
3337875677967,3337875677967,VICHY DERCOS D.S.RESTOR.THICKEN.BALM200M
3386461011203,3386461011203,DUPONT ESSENCE PURE EDT F/M 100M
3423478818750,3423478818750,NARCISO RODRIGUEZ FLEUR MUSC EDP F/W100M
3470320300048,3470320300048,CALLIDERM VITAMIN MASK F/ALL SK 150M#
3600522536208,3600522536208,LOREAL INFALIBLE POWDER FOUND./245#
3600522760436,3600522760436,LOREAL COLLE.EXCLUS.LIPSTICK RED/EVAS#
3600530169924,3600530169924,MAYBELLINE D.MATTE MOUSSE SPF15 FOUN/05#
3600530575459,3600530575459,MAYBELLINE COLOR SENSATI. LIP LINER/338#
3600530733842,3600530733842,MAYBELLINE INSTA.AGE ERASER CONCEAL./01
3600531537319,3600531537319,MAYBELLINE FIT ME BLUSH PLUM/45#
3600531543334,3600531543334,MAYBELLINE PLUM FOR ME LIPSTICK/388#
3600531632458,3600531632458,MAYBELLINE SUPER ST.A.WEAR30H FOUND./28#
3600531717193,3600531717193,MAYBELLINE CLO.TOPIA CHEEK&LIP MOUSSE/03
3600541729711,3600541729711,GARNIER MICELLAR CLEAN.WATER ALL SK 400M
3610340461446,3610340461446,LOREAL EXCELLENCE CR/7.7 20%@
3614224843984,3614224843984,BOURJOIS ROUGE EDITION VELVET/36
3614225014260,3614225014260,BOURJOIS BLUR THE LINES PRIMER#
3614225979910,3614225979910,BOURJOIS ROUGE VELVET LIPSTICK/17#
3614225979965,3614225979965,BOURJOIS ROUGE VELVET LIPSTICK/22
3616300771440,3616300771440,BOURJOIS ROUGE VELVET INK LIPSTICK/25
3616303011130,3616303011130,BOURJOIS HEALTHY MIX CLEAN FOUND/002#
3616307110686,3616307110686,ADIDAS DYNAMIC PULSE 48H DEO.SP.F/M150M
3661434002007,3661434002007,URIAGE BARIE SUN XP (SPF50+)W.P.CR 40M#
3700281702491,3700281702491,TOPICREM SOS NUTRITIVE CR 40M#
3700741500094,3700741500094,MATRISKIN HP/R MASK 50M#
3700741500155,3700741500155,MATRISKIN TR/5 CR 50M
3760095251554,3760095251554,ACM DUOLYS.CE INTENS.A.OXIDANT SERUM15M#
3760095254456,3760095251554,ACM DUOLYS.CE INTENS.A.OXIDANT SERUM15M#
3800013566985,3800013566985,AROMA MASSAGING SOAP BAR 90G\EX#
4005900600202,4005900600202,NIVEA SUN KIDS SENSITI.(50+)SUN SP.200M#
4008576003674,4008576003674,TITANIA TWEEZER SOLINGEN/1090/62
4008576370981,4008576370981,TITANIA GIRLS CARE HR BAND 2PCS/7907B#
4008576377157,4008576377157,TITANIA CORN SLICER/3038PHB
4008576379502,4008576379502,TITANIA HR CARE HAIRBAND 5PCS/7824-GIRL
4015000944038,4015000944038,SYOSS REPAIR THERA.DRY&DAM.HR SHAM.500M#
4015400760900,4015400760900,ALWAYS S.SAVING MAXI THICK LONG 28PCS#
4015600834982,4015600834982,PANTENE MOIST.RENEWAL DRY HR SHAMP.200M#
4018674970037,4018674970037,GERATHERM BODY FITNESS LE320▓
4026398035185,4026398035185,MEDI KNEE SUPPORT (SIL) 602 (V)▓
4045787429756,4045787429756,SCH.BONACUR Q10+TIM.REST.CRE.TREA.200ML#
4059729421937,4059729421937,ESSENCE HYDRA KISS LIP OIL/03
4084500635708,4084500635708,HERBAL BEAUTIFUL ENDS COND.360M#
4713411410103,4713411410103,MUSIC ORTHODONTIC NIPPLE /41010
4713411609859,4713411609859,MUSIC ORTHO. SILICONE PACIFIER+6M /60985
4717237022724,4717237022724,BODYFIX MATERNITY BELT(L)/E012▓
4717237077946,4717237077946,BODYFIX THUMB SPLINT(XL)/C001▓
4717237120116,4717237120116,BODYFIX MATERNITY BELT(S)/E012▓
4897110030180,4897110030180,KARSEELL M.P.MASK COLLAGEN F/DRY JAR500M
5013965623011,5013965623011,PANTENE NATURE FUSION COND. 180M#
5045495051958,5045495051958,BURBERRY BRIT RHYTHM FLORAL EDT(90+30)M#
5201314086208,5201314086208,CARROTEN KIDS SUNCARE SPF50 MILK SP.300#
5201314108962,5201314086208,CARROTEN KIDS SUNCARE SPF50 MILK SP.300#
5410076302611,5410076302611,ORAL B 3D WH.LUXE FRESH MINT M.WASH250M#
5410076881215,5013965623011,PANTENE NATURE FUSION COND. 180M#
5621632073962,5621632073962,BICAND HR TONIC LOT.AMPOULES10X5M#
5900717157217,5900717157217,PHARMACERIS H-KERATINEUM STR.SHAMP.250M#
5901350435922,5901350435922,CAMELEO LIQ.KERAT.VOLUM.UP LEAVE IN150M#
5903116729757,5903116729757,ON LINE 3-IN-1 ICE FRE.SHOW.GEL F/M400M#
5903407091037,5903407091037,CANPOL DIGITAL SOOTHER THERMOMETER9-103▓
5903407352213,5903407352213,CANPOL A.COLIC BL.BOTTLE3M+)240M/35-221#
5903407565019,5903407565019,CANPOL NON SPILL CUP(2)(9M+)230M/56-501#
6085010093789,6085010093789,ARMAF ENCHANTEDE VINTAGE B.SP.F/W 200M#
6221039072016,284048,LUNA MINI N.POLISH/16#
6221039078288,6221039078288,LUNA AIR BREATHABLE NAIL LACQUER 10M/2
6221048204173,6221048204173,SUNSILK STUNN.BLACK SHINE SHAMP.700/600#
6221048206627,6221048204173,SUNSILK STUNN.BLACK SHINE SHAMP.700/600#
6221048208799,6221048204173,SUNSILK STUNN.BLACK SHINE SHAMP.700/600#
6221048212192,6221048204173,SUNSILK STUNN.BLACK SHINE SHAMP.700/600#
6221155024558,6221048204173,SUNSILK STUNN.BLACK SHINE SHAMP.700/600#
6221155025388,6221155025388,SUNSILK HAIR FALL SOLUT.SHAMP.180M(NEW)
6221155059192,6221155059192,SUNSILK OIL BLOOMS GIVE ME SMOOTH 250M#
6221155059475,6221155071569,DOVE NOURISH.OIL CARE SHAMP.600M 25%@#
6221155063298,6221155063298,SUNSILK INSTANT RESTORE SHAMP.350M20%@
6221155071569,6221155071569,DOVE NOURISH.OIL CARE SHAMP.600M 25%@#
6221155097958,6221155097958,LIFEBUOY TOTAL(+) HAND WASH 450M#
6221155109071,6221155071569,DOVE NOURISH.OIL CARE SHAMP.600M 25%@#
6221155110404,6221155110404,SUNSILK THICK&LONG SHAMP.600M
6221155135179,6221155135179,DOVE HR.FALL RESC.SHAMP.350M DIS.15LE@
6221155202161,6221155202161,VASELINE NOURISH.MOISTURE B.LOT.400M15%@
6221155210166,6221155210166,REXONA M.CHARC.FRE.72H DEO.R.ON 50M10LE@
6222004100195,6222004100195,MIGOS HAIR BRUSH F/M BLACK REF/195#
6222019600260,6222019600260,INFINITY MYSTIC ROUGE B.SPLASH F/W 250M
6222019600758,6222019600758,TREATO FRIZZ CONTROL SHAMP.250M#
6222019608167,6222019608167,NANO TREAT A.HR LOSS SHAMP.200M#
6222019610016,6222019610016,INFINITY NATURALS JOJOBA OIL 125M#
6222019615936,6222019615936,SKINIFY TREAT PEPTIDES EYE SERUM 30M
6223000655313,6223000655313,JOHNSON MOIST.SHEA BUTTER SOFT CR 100M#
6223001388234,6223001388234,EVA FACIAL CARE EXFOLIAT.HONEY 150M
6223004036507,6223004036507,AREEJ ROSE FLORAL WATER 60M#
6223004114298,6223004114298,EASY SWEET HR REMO.OLIVE OIL 75G+LOT.@#
6223004371608,6223004371608,ALOE EVA OIL REPLAC.NORM.HR250M#
6223004681622,6223004681622,CARE&MORE DARK KISS MOIST.HAND CR 50M
6223005721068,6223005721068,GOLDEN AIR SCENTED AQUATIC BLAC.ICE460M#
6223005990556,6223005990556,NIVEA MEN D.BLACK CAR.W.DE.SP2X150M25%@#
6223006450196,6223006450196,NEXTEEN COLA LIP SCRUB 50G#
6223008330885,6223008330885,DRAKON(R.ON LOLL.50+S.SCRE.GEL CR 60)@#
6223009461090,6223009461090,ERA NAIL POLISH 13M/139
6223009461304,6223009461304,ERA NAIL POLISH 13M/160
6223011110481,6772504641235,PENDULINE BABY B.LOT.N.MOIST.200M
6223012840639,6772304518072,BUBBLES NATURAL BOTTLE WHITE(6)M 280M
6223013970021,6223013970021,DERMACTIVE A.WHITE 2IN1 B.MILK LOT.200M
6224000195212,6224000195212,GERMANY BABY (4)LARGE (8-18K) 40PCS#
6224000437145,6224000437145,NATRY F/ACNE PRONO SK SOAP 100G
6224001085062,6225550070264,NAT HR OIL PREPARAT.F/ALL HR TYPES 120M#
6224001455940,6224001455940,VACATION TRIPLE DIFF.DEO.R.ON F/M50M1+1@
6224002245045,6224002245045,NC 7 OILS&ROSEMARY A.HR FALL SHAMP.475M#
6224002524799,6224002524799,FAVELIN MOROCCAN ARGAN REPAIR SHAMP.300M
6224003004412,6224003004412,NOUVIQUE NOUVIGEN A.DAND.INTENS.LOT.100M
6224003117280,6224003117280,CLEO MOIST.SHEA BUTTER BODY SUPE.CR 125M
6224003882010,6224003882010,ISOHYDRIN H.C.PURIFY.GEL.OILY SK.50M
6224007384732,6224007384732,VERDEX PRIME ALBA WHITE.CR 50M#
6224007384787,6224007384787,VERDEX PRIME HAIR FORTE SHAMP.200M#
6224007394830,6224007394830,BEAUTY&BEYOND CAFA HR CR 50G#
6224007557143,6224007557143,MOLFIX (5)JUNIOR (11-25K)DIAPER 64/58PCS
6224007645659,6224007645659,BREEZE FANTASY LOOFAH WIDE LEAF XXL#
6224008501473,6224008501473,DRAKON WHIT.FRAG.FREE DEO.R.ON 2X50M@
6224008572350,6224008572350,RUNWAY NAIL LACQUER 14ML/70085#
6224008572800,6224008572800,BODYLICIOUS SWEET DREAMS B.MIST F/W217M#
6224008723202,6224008723202,SKINOVA IMAGE WHITE.FR.FREE DEO.R.ON 60M
6224008762331,6224008762331,YOLO N.POLISH 10M/218
6224008835561,6224008835561,GOGREEN(JOJOBA PURE HR OIL120+COND250)@#
6224008838081,6224008838081,TRIX HR LOSS ENERGIZING SHAMP.200M#
6224008838302,6224008838302,CICA LAB REJUVENAT.CR A.MARK 50M
6224008838654,6224008838654,MELATEX(LIGHT.CLEAN.200M+LIGHT.CR 50M)@#
6224009086122,6224009086122,PRESENTTO SKIN EMOLLIENT CR 60GM#
6224009103034,6224009103034,LOTUS ARGAN NATURALS OILS 125M
6224009160679,6224009160679,FOGG(ABSOLUTE PE.SP120+ROLL ON.DEO.50)@#
6224009160716,6224009160716,OSSUM DESIRE120+FOGG ROYAL120+ R.ON50@#
6224009370535,6224009370535,G DOUX SOFT GINGER&CAPSICUM SHAMP.400M
6224009734351,6224009734351,ZAK INTENSE ICON EDP F/M 150M
6224010086111,6224010086111,SHEA BUTTER HAIR POMADE 100 GM
6224010427198,6224010427198,QUALITA BAMBO.DETANG.&STYL.OVAL HR BRUSH
6224011102452,6224011102452,SKINSIDE HYALURONIC A.DAILY MOIST CR 50M
6224011287173,6224011287173,PREMIER PREMDENSE A.HR LOSS LOT.SP.100M#
6224011326131,6224011326131,LIXORA SK AROMAL EMOLLIENT GEL 150M
6224011673211,6224011673211,HAPPINESS KIDS 2IN1 MOIST.SHAMP.400M
6225000623347,6225000623347,SUDKIDS 2X1 SHAMP.&SHOWER 200M#
6225550070264,6225550070264,NAT HR OIL PREPARAT.F/ALL HR TYPES 120M#
6251007109553,6251007109553,HIGEEN HAND SANITIZER 110M+M.WASH 110M@#
6281006405851,6281006405851,VASELINE TOTAL MOIST.COCOA GLOW LO.100M#
6281006444072,8690637069604,SUNSILK SHINE&STRENGTH COND.350M#
6281006476448,6281006476448,LIFEBUOY COOL FRESH H.WASH 200M#
6281006484443,6281006476448,LIFEBUOY COOL FRESH H.WASH 200M#
6291069001099,6291069001099,DABUR AMLA GOLD HR OIL 45/50M10%@#
6294008900590,6294008900590,SAHARA JAWAHER PERFUME SP.200M#
6294008902549,6294008902549,SAJLOR PERFUME SP F/KIDS 125M#
6294008904833,6294008904833,STRW.SH.CAKE PR.SWEET.PER.SP F/GIRL125M#
6295120046418,6295120046418,DETTOL HAND SANITIZER ORGINAL L.EDI.50M#
6332001113224,6332001113224,LUXURY BEAUTY HR REVITALIZ.&COND.200M#
6624000807106,6624000807106,TELOFILL DEF.&NOUR.S.B&COCO.HR MASK300G#
6772304518072,6772304518072,BUBBLES NATURAL BOTTLE WHITE(6)M 280M
6772504641235,6772504641235,PENDULINE BABY B.LOT.N.MOIST.200M
6906819440027,6906819440027,HOME HAIR BRUSH/M4002
6937620252059,6937620252059,LA FRUTTA DIG.BRE.PUMP180M+M.BAGS/25205@
6937620871076,6937620871076,SONATA ADVANC. CARE MAKE UP SPONG/87107#
6971053496499,6971053496499,SHEGLAM MAGIC ELIXI.LIP GLOSS F.FELICIS!
6973072801094,6973072801094,SHEGLAM BROW ON DEMAND 2IN1 PENCI.TAUPE!
7038513909117,7038513909117,JORDAN DEN.STICKS WOOD EXTRA THIN140PCS#
7611711163705,7611711163705,SIGVARIS ULX AD (M) SHORT▓
7611711231602,7611711231602,SIGVARIS ANKLE SUPPORT (V)▓
7612367015110,7612367015110,MEDELA BREAST SHELLS 2PCS
7702018037896,7702018037896,GILLETTE MACH3 SENSITIVE BLADES 4PCS
7702018285587,7702018285587,GILLETTE BLUE II PLUS 10PC+BLUE III 2P@#
7702018380060,7702018380060,GILLETTE MACH3 4BLADES+RAZOR FREE@
8001090384508,8001090384508,H&S A.DAND.CLASSIC CLEAN SHAMP.400M30%@
8001090698483,8001090698483,PAMPERS SPLASHERS3-4(6-12)K SWIM PA.12P#
8002605001217,8002605001217,CLOPI-COUPS 72PCS LE3
8009518073256,8009518073256,DEBORAH COMFOT MAT (SPF15)FOND./04#
8009518152364,8009518152364,DEBORAH ROSS.MILANO RED LIPSTICK /19#
8015675001223,8015675001223,NANNINI COMP.1 READ.GL.FUCHSI.TEMP./+1#
8015675001384,8015675001384,NANNINI COMP.1 READ.GL.YELLOW TEMP./+3#
8015675002381,8015675002381,NANNINI QUICK7.9 READ.GLASS.YELLOW/+2.5#
8022297035802,8022297035802,IL SALONE SEMI PER.STRAI.TREAT.DAMAG.HR
8022297080857,8022297035802,IL SALONE SEMI PER.STRAI.TREAT.DAMAG.HR
8022297172859,8022297035802,IL SALONE SEMI PER.STRAI.TREAT.DAMAG.HR
8025081904797,8025081904797,NEBULIZER MEDEL AER.FAM.BLUE92534&95077▓
8025081925341,8025081904797,NEBULIZER MEDEL AER.FAM.BLUE92534&95077▓
8029041177467,8029041177467,BIONIKE SOFT MAT LIPSTICK/806#
8032636336545,8032636336545,KRISTINA NAIL NIPPERS MATT CHROME 10CM
8034097433399,8034097433399,VB (S)ANAGEN PLUS SHAMP. 200M#
8057017950776,8025081904797,NEBULIZER MEDEL AER.FAM.BLUE92534&95077▓
8058664010431,8058664080984,CHICCO NAT.FEELING BOTTLE 250ML (+2M)
8058664058839,8058664058839,CHICCO AIR SOOTHER SILIC.BLUE(0-6M)2PCS
8058664080984,8058664080984,CHICCO NAT.FEELING BOTTLE 250ML (+2M)
8058664085019,8058664085019,CHICCO NAT.FEELING BOT.BLUE250ML/82521
8412122222383,8412122222383,BETER D.BRUSH F/EYEBROWS&EYELASHE/22238#
8423372030079,8423372030079,GENOVE PILOPEPTAN HR REPAI.SERUM F/W30M#
8423372800153,8423372030079,GENOVE PILOPEPTAN HR REPAI.SERUM F/W30M#
8436562291808,8436562291808,ROOFA HONEY BATH GEL 200M
8437012750173,8437012750173,MEDITOPIC ACNIMED FOAM A.PRONE S.SK.200#
8682340342822,8682340342822,DERMINIX 24K GOLD BEAUTY SERUM 30M
8690637069604,8690637069604,SUNSILK SHINE&STRENGTH COND.350M#
8710103617167,8710103617167,AVENT DIG.BATH&BED.THERMOMETER/SCH550/21
8710103637363,8710103637363,AVENT B.M.STORAG.BAG180Mx25/SAC/SCF60325
8710103679127,8710103679127,PHILIPS COMPACT HR DRYER 1600W/BHD002#
8710103912033,8710103912033,PHILIPS AQUA TOUCH W&D SHAVER/S1121/41#
8710447244647,8710447244647,DOVE INVISIBLE CARE F.TOUC.DEO.SP.250M!#
8712561340427,8712561340427,TRESEMME KERATIN SMOOTH HR SHAMP.500M#
8718885918014,8718885918014,VITILITY SH.SLEEVE ARM WHOLE/70110770▓
8800256112227,8800256112227,MEDICUBE COLLAGEN JELLY CR 50M!
8809668022933,8809668022933,ETUDE DEAR DAR.WATER TINT STRAWBERRY/01!
8809928134857,8809928134857,TIRTIR RED CUSHION MASK FIT F.PORC./15C!
8888021200126,8888021205114,ENERGIZER MAX POWER AA 4PCS
8888021205114,8888021205114,ENERGIZER MAX POWER AA 4PCS
8901248240383,8901248240383,EMAMI KESH KING A.DAND.SHAMP.200M#
9870078995437,9870078995437,REVIVOGEN FINE&THINNING HR COND.60M#
74892702870622300,748927028706,WHEY G.STAND(ON)VAN&ICE CREAM2.27KG+▓
6224008723493,6224008723493,SKINOVA IMAGE ALPHA ARBUTIN SERUM 30M
8889494,8889494,STICKER (PARAFFIN OIL)
8058090003960,3702130,PLASTER PIC AQUABLOC MED.ANTI-BAC.20PCS▓
5017371149943,5017371149943,DIMPLES LEMON FRAG.HR REMOV.FOAM SP.200M
