22,22,SYRINGE 20ML▓
110,110,COTTON MEDICAL 100G
4444,4444,BOTIT DELIVERY
5645,5645,TS MONT BLANC LEGEND INTINSE EDT F/M100M
69793,69793,TS ARMAF CLUB DE NUIT EDP F/W 105M
69894,69894,TS MAYBELLINE F.M.MAT.POWD.+MIRROR/128
70041,70041,TS BOURJOIS ALWAY.FABULOUS CONCEALER/400
101325,101325,RIVO 75MG 30/TAB
101390,101390,IMMULONE 20/TAB
106122,106122,TETRACID 250MG 16/CAP
116026,116026,CALCIUM CID 12/EFF.SACH▓
119023,119023,SORBIT 5GM 20/SACH
206062,206062,SPORANOX 14/CAP+●
210003,210003,MINIRIN 2.5ML (25DOSE) NASAL SPRAY+®●
260718,260718,RAID LIQ MOSQUITO REP.ODOURLESS REF 41M
277314,277314,ISIS HONEY BLACK SEED 350G▓
277444,277444,PAMPERS(3) MIDI(4-9K)64PCS#
278049,278049,KRYOLAN CAKE MAKEUP /N3#
278812,278812,BIGEN HR COLOUR GOLDEN BROWN/26
279460,279460,VASELINE ORIGINAL 60M#
284385,284385,KRYOLAN BRUSH ON CONCEALER (9080)/3#
285438,285438,MAX TOUCH 2PAC WIPES40+24WIPE REFRESH@#
285665,285665,GARNIER(2P H.COL.+FRUC SHAMP.200)N/4.26
285870,285870,BELCLINIC LAST WRINK.ESSE.SERUM 30M#
301110,301110,NATRILIX 2.5MG 30/TAB●
310350,310350,THERMOMETER MICROLIFE DUAL MODE IFR100▓
310400,310400,SLIM-SAFE 120MG 30/CAP.(P1)
312576,312576,PROGRAF 1MG 100/CAP+(P1)♦
320058,320058,ADENO-SED B FORTE 3/AMP(P1)
320137,320137,GLUCOSTAR  50/ STRIP▓
320142,320142,AQUA GRIPE 60ML SYRUP
320708,320708,PREDSOL FORT 15MG/5ML(60ML)SYRUP(P1)
320887,320887,#$SILVER SEAS 550MG 20/CAP.$#
320919,320919,F-CARE ANKLE SUPPORT(XL).#▓
321255,321255,BETAFOS 2ML I.M 1/AMP(P1)●
321534,321534,#ACILOC 300MG 20/TAB
321659,321659,REFRESH TEARS 15ML EYE DROP+
322027,322027,AMINO FORTO 500MG 20/TAB.
322809,322809,WINCEF 500MG 1/VIAL.
323415,323415,DIMRA 10/TAB●
323688,323688,METHOQUICK 10/TAB.
323921,323921,ISOPTIN 240MG SR (RETARD) 20/TAB
327851,327851,ADAPALENE 0.1% 30GM GEL(P1)●
340320,340320,FLUOCAL 120ML  M.WASH▓
341392,341392,#$DEBOCAINE 2% 50ML 1/VIAL$#♦
342021,342021,MYLERAN 2MG 100/TAB.+♦
342168,342168,CALAMINE 120ML LOTION.▓
342267,342267,DIUSEX 40MG/4ML 5/AMP
342645,342645,KETOLGIN 200MG SR 10/CAP
342771,342771,HYPOR DRESS 25X10CM.#▓
344427,344427,#$GONAL-F 75IU 1/VIAL+®$#●
345712,345712,ICE BOX (4 GEL PACK) SIZE(3)▓
354141,354141,PREMARIN .625MG 84/TAB!!
354659,354659,SEVEN SEAS 300ML SYRUP!!
355058,355058,GLUCOPHAGE 1000MG 30/TAB!!
370213,370213,MAXAR BACK SUPPORT(XL)/IBS3000▓
370543,370543,CATHETER FOLEY LATEX 2WAY 16 ORANGE▓
411198,411198,VET-AMS PLATE FOOD STAINLES.STEEL(S)•••
1708055,1708055,JINJA KIDS NECK ACCESS.GOLD 5PCS/NC-27
1808010,1808010,JINJA KIDS SCHOOL HR ACCESS./HCL-306
1905029,1905029,JINJA KID.HR ACCESS.3PCS/BN-979
1960011,1960011,MASK FACE MEDICA AID3LAYERS(RUBBER)\PL▓#
2700979,2700979,AMANDA GEL NAIL COLOR FLAT BRUSH /11#
2702836,2702836,URIAGE HYSEAC(CLE.GEL150+FLUIDE(50+)50@#
2704074,2704074,AMANDA M.MILANO SMART LIPSTICK/29#
2705103,2705103,MUSTELA BABY(2x1CLE.GEL200+SUN LOT100)@#
2706032,2706032,HAPPY SHOWER LUFFA LONG TWO FACE (S)/7
2706946,2706946,KOLAGRA C SK SERUM 30M+S.SCRE.(50+)50M@#
2708706,2708706,SENATOR(SHAMP.200M+SERUM 100M)@#
3200326,3200326,VRONOGABIC 75MG 20/CAP©
3201174,3201174,FINOFIB 300MG 10/HARD GEL CAP
3202203,3202203,LIPICLEAR 5/10MG 14/F.C.TAB
3202786,3202786,QUREVO (12.5/75/50MG)2X28/TAB+4X28/TAB@+
3202966,3202966,ORLY +CHROMAX+(SLIMMER100+50)@▓
3203217,3203217,OROVEX DELICATE 250ML MOUTH WASH▓
3203262,3203262,PYRITRUST 1G/100ML IV INFUS.1/VIAL
3204061,3204061,ZONIVAN 50MG 20/H.G.CAP#
3204128,3204128,HYPOLACT 0.5MG 2/TAB
3204379,3204379,ASTIN 20MG 20/F.C.TAB
3204429,3204429,DIABENOR 2MG 30/SCOR.TAB♦
3204775,3204775,SUPER FITNESS PROTIN BAR STRAW.35G 2+1@▓
3205606,3205606,WINDMILL OMEGA3 1000MG(EPA&DHA)90S.GEL+▓
3206153,3206153,HYALO4 CONTROL 100G CREAM+▓
3206823,3206823,YEAST PEX 60/F.C.TAB▓
3207626,3207626,VEE HAIR 60/CAP▓
3208043,3208043,HERO BABY AR 400GM MILK POWD.+
3208713,3208713,XIMALACT 20/H.G.CAP▓
3209336,3209336,LEZBERG TRIO 40/5/12.5MG 30/F.C.TAB●
3209466,3209466,ADWITINE 60MG 30/D.RE.CAP
3210356,3210356,TONIGATE OMEGA 30/H.G.CAP▓
3211553,3211553,PREGNASTEP (3) 30/H.G.CAP▓
3211816,3211816,FABUCOX 90MG 20/F.C.TAB
3212040,3212040,EPIROVASTIN 10MG 14/SCOR.F.C.TAB
3212224,3212224,VONACIDAN 10MG 28/F.C.TAB
3212493,3212493,ROYAL REGIME TEA MINT 25/BAGS▓
3500288,3500288,ELDOQUIN FORTE 4% 14.18GM CREAM.!!
3500381,3500381,MELATONIN 3MG 100/TAB.!!
3500749,3500749,PRIMACOR 10MG/10ML (IV) 5/AMP!!
3501131,3501131,MOUNJARO12.5MG/0.5ML(S.C)4PR.FILL.PEN!!®
3600630,3600630,SALICYLIC ACID 30% 30GM OINTMENT ⌂▓
3701641,3701641,PRECICHEK AC302 AUTOCODE 50/STRIP▓
3701883,3701883,FLAMINGO KNEE IMMOBILIZER L/OC2035▓
3702460,3702460,MENTHO PATCH COOL PAIN RE.(10X14CM)5PCS▓
3702882,3702882,PILL CARE7DAY2DOSES(AM/PM)(TRAN.BAR)205▓
3702998,3702998,GRACE SILICONE EAR PLUGS KIDS 6/PCS▓
3703049,3703049,FLYON POSTURE SUPPORT/XL/7411▓
3703104,3703104,ONE TOUCH SELECT PLUS FLEX MONIT.+25ST@▓
5210361,5210361,JINJA KIDS SUN GLASSES/5210361#
11900977,1190097777,BIDALKIN▼VAG.POWDER 12/SACH(P)
30144677,3014467777,TAREG 80MG 14/TAB(P2)
32023507,3202350777,ERALONER 50MG 20/F.C.TAB(P)
32042887,3204288777,TRIBATENS 40/5/25MG 30/F.C.TAB(P)
32068047,3206804777,ARIPIPRAZOLE5MG 30/F.C.TAB(INSPIRE)(P)
32080647,3208064777,THYROXINE 100μ 100/TAB(P)
32149777,3214977777,XELODA 500MG 120/TAB+(P)♦
32302877,3230287777,DANSET 8MG/4ML 1/AMP(P)
32346077,3234607777,LOLAWEST 6/SACH(P4)
34004177,3400417777,FAMOTIN 20MG 20/TAB(P)
34078277,3407827777,CRANBERRY 20/CAP(P)
34586077,3458607777,LAMOTRINE 25MG 30/TAB(P)♦
80823605,80823605,BIONIKE LIPSHINE LIPSTICK/202#
89004821,279460,VASELINE ORIGINAL 60M#
1190097777,1190097777,BIDALKIN▼VAG.POWDER 12/SACH(P)
3014467777,3014467777,TAREG 80MG 14/TAB(P2)
3202350777,3202350777,ERALONER 50MG 20/F.C.TAB(P)
3204288777,3204288777,TRIBATENS 40/5/25MG 30/F.C.TAB(P)
3208064777,3208064777,THYROXINE 100μ 100/TAB(P)
3214977777,3214977777,XELODA▼500MG 120/TAB+(P)♦
3230287777,3230287777,DANSET 8MG/4ML 1/AMP(P)
3234607777,3234607777,LOLAWEST 6/SACH(P4)
3400417777,3400417777,FAMOTIN 20MG 20/TAB(P)
3404897777,3404897777,CLEXANE 100MG 2/PREF.SYRINGE+®(P)♦
3407827777,3407827777,CRANBERRY 20/CAP(P)
3458607777,3458607777,LAMOTRINE 25MG 30/TAB(P)♦
3467717777,3467717777,REGCOR 5MG 10/TAB(P)●
6666666240,6666666240,SYRINGE(ORAL) 5ML(1TSP)/DIXY
11313019931,11313019931,IC FANTASIA TREAT.F/DAM.HR SERUM 178M#
25929205268,25929205268,COLOUR ME ABSTRACT ART EDP F/M 90M
26169039026,26169039026,BF SIGNATURE WHITE MUSK B.SP. 236M#
36000183399,36000183399,HUGGIES LITTLE SWIMMERS3-4 (7-15K)12PCS
48526001729,48526001729,NUBY NASAL ASPIRATOR&EAR CLEANING/ID172
48526220007,48526220007,NUBY IMONSTER SNACK KEEPER /22000
50425011525,50425011525,L&B LUMINIZER STICK MOON/1152#
50425012072,50425012072,L&B SOFT TOUCH CONCEALER HONEY /1207#
50425078986,50425078986,L&B 20100 CRAYON LIP STICK /7898#
72239009406,72239009406,DRBROWNS CUP 270M HARD (9+) MIXED COLOR#
72239302132,72239302132,DRBROWNS PREVENT SOOTHER (6-12)M BLUE#
72982002617,72982002617,JUST FOR ME SMOOTHING HR GEL 266M#
74764611376,74764611376,ARDELL GLAMOUR BLACK /137#
74764650634,74764650634,ARDELL INDIVIDUAL COMBO FLARE(S/M/L)BLAC
74764652171,74764652171,ARDELL SOFT TOUCH BLACK /153#
85715806406,85715806406,DUNHILL ICON RACING EDP F/M 100ML
96200200463,96200200463,ORLY NAIL LACQUER INGENUE /20046#
96200209640,96200209640,ORLY BREATHABLE NAIL POLISH 18M/20964#
128569512182,128569512182,GRANZIA RELAXOHAMMER D.H.MASSAG./LY627A▓
196003999756,196003999756,DB READ.GLASS.GREEN(+1.00)/LRP3689\PL#
196004999984,196004999984,DONGDONG NAIL FILE /126\PL#
196007699726,196007699726,DELTA KNEE SUPPORT (M)\PL▓
197575027492,197575027492,VICTORIA SECRET PURE SEDUCT.B.MIST 250M!
381519019241,381519019241,HERBAL ESSEN.HELLO HYDRATION SHAM 355ML#
609332822214,609332822214,ELF GLOW REVIVER LIP OIL BURST BUBBLE!
617561903796,617561903796,L&B LASH WARDROBE COLLECTION/EL18#
618059163104,618059163104,PHYTOCYANE THINNING HR SHAMP. 200M#
633911749364,633911749364,CHI ARGAN OIL PLUS MORINGA OIL 89M
633911778104,633911778104,ESQUIRE THE CONDITIONER 414M#
667556489972,197575027492,VICTORIA SECRET PURE SEDUCT.B.MIST 250M!
722776000373,7640107200472,SPLENDA SWEET MINIS 300TABLETS▓
731509554069,731509554069,KISS PREM.I-ENVY EYELASHES /KPE33#
731509573800,731509573800,KISS NAIL WRAP STRIPS 18PCS /KWN03#
731509814620,731509814620,KISS SALON COLOR NAILS 24PCS/KOCN01G
736658480733,736658480733,WET BRUSH SPEED DRY SEAFOAM/BWR810FGOSF
736658586664,736658586664,WET BRUSH PRO.DETA.PRINCESS/BWPDISNEYSAL
764460726961,128569512182,GRANZIA RELAXOHAMMER D.H.MASSAG./LY627A▓
764460727524,764460727524,BAMBINO BABY DISH W/SPOON BLUE#
793437895607,793437895607,ORANGE DAILY EYE COMPLEX 15M#
819984011618,819984011618,I IMAGE ORMEDIC BALAN.A.OXIDANT SERUM30#
833753000207,833753000207,REVIVOGEN PRO VOLUM. HR MASK 207M#
886074000050,886074000050,COMOTOMO SILICONE TEETHER (3+M) BLUE
3052503155500,3052503155500,BOURJOIS AIR MAT 24H FOUND./05
3052503300603,3052503300603,BOURJOIS LA LAQUE NAIL POLISH /6#
3052503510415,3052503510415,BOURJOIS COLOR BOOST LIPSTICK /04#
3052503753232,3052503753232,BOURJOIS DEPUIS 1863 BLUSHER /32
3052503806129,3052503806129,BOURJOIS QUEEN ATTIT.MASCARA VOLUME /61#
3248140654333,3248140654333,LOVEA VANILLA DELICIOUS SHOWER GEL750M#
3264680005138,3264680005138,NUXE COM.CLEAN.MILK N/DRY/SEN.1ROSE200M#
3264680041938,3264680041938,NUXE ZINC POWER PUR.&SPOT CONT.TONER200M
3273819217038,3273819217038,ALGOTHERM H.TOLER.PROTECTIVE FLUID 50M#
3282779254878,3282779254878,AVENE COLD CREAM LIP CR 15M#
3337871324001,3337871324001,VICHY TREAT.EXCESSIVE PERSP.72H R.ON50M
3337875588560,3337875589239,LA ROCHE ANTHE.ULT.(SPF50+)A.STIN.CR50M#
3337875589239,3337875589239,LA ROCHE ANTHE.ULT.(SPF50+)A.STIN.CR50M#
3337875863377,3337875863377,LA ROCHE INNOV.EFF.DUO(+)M A.MARKS CR40M
3349668543113,3349668543113,P.RABANNE OLYMPEA INTENSE EDP F/W 50M
3386460006965,3386460006965,BURBERRY THE BEAT EDP F/W 75M#
3386460011600,3386460011600,DUPONT PASSENGER EDT F/M 100M
3386460058728,3386460058728,MONT BLANC EMBLEM EDT F/M 100M
3386460101295,3386460101295,DUPONT BE EXCEPTIONAL GOLD EDP F/M 100M
3423474889556,3423474889556,ISSEY MIYAKE LE.MAJEURE DIS.EDT F/M100M#
3574660156324,3574660156324,NEUTROGENA VISIBLY CLEAR GEL 150ML#
3574661172460,3574661172460,JOHNSON PURE PROTECT KIDS BATH&WASH500M#
3574661311586,3574661311586,JOHNSONS F.CARE E.COMP.NIGHT CR 50ML#
3574661435343,3574661435343,JOHNSON COTTON TOUCH 2IN1 WASH 300M
3574661506302,3574661506302,CAREFREEE DUO EFFECT INTIMATE WIPES20PC#
3600541986671,3600541986671,GARNIER MICELLAR CLEAN.WATER ALL SK125M#
3607342333444,3607342333444,RIMMEL SCANDALEYES MASCARA BLACK /001#
3610340013232,3610340013232,LOREAL ELVIVE ARGIN.RESIST(X3)SHAM.700M#
3614225613326,3052503753232,BOURJOIS DEPUIS 1863 BLUSHER /32
3616300771396,3616300771396,BOURJOIS ROUGE VELVET INK LIPSTICK/20
3616305492456,3616305492456,BOURJOIS TWIST UP ULTRA MASC./03
3760095253626,3760095253626,ACM MEDISUN SPF(50+)LIGHT TINTED CR 40M
3800046526109,3800046526109,ASTERA BIO SILVER TOOTH BRUSH MEDIUM\EX#
3831016750057,3831016750057,NEBULIZER BREMED HE.DUTY P.COMP./BD5005▓
3838824391151,3838824391151,PALETTE PERMANENT NATURALS COLOR CR/8.16
3838824426839,3838824426839,GLISS AQUA REVIVE NOR.&DRY HR.SHAMP.400M
4003583184132,4003583184132,FRUTTINI PASSION FRUIT SH.GEL 200M#
4003583190577,4003583190577,SANOSAN BABY CARE CR 75M
4005808189571,4005808189571,NIVEA REFRESHING FACE WASH NORM.SK 150M#
4005808278237,4005808278237,NIVEA MOIST. F/NORM SK B.LOT.125M#
4005808669325,4005808189571,NIVEA REFRESHING FACE WASH NORM.SK 150M#
4005808669646,4005808811700,NIVEA PURIFYING FACIA.WASH OILY SK 150M#
4005808811700,4005808811700,NIVEA PURIFYING FACIA.WASH OILY SK 150M#
4008576106016,4008576106016,TITANIA TWEEZER SOLINGEN/1060/GA
4008576316514,4008576316514,TITANIA BRUSH F/HR /1336#
4008576317139,4008576317139,TITANIA HR BAND 8PCS/8005#
4008576369008,4008576369008,TITANIA GIRLS CARE HR BAND 8PCS/7998#
4008576375108,4008576375108,TITANIA GIRLS CARE HR BAND 3PCS/7986#
4008576383431,4008576383431,TITANIA PANIES GOLD 30PCS/8061/A
4008576384346,4008576384346,TITANIA TWEEZER /1091-75 RGB B#
4008600380085,4008600380085,NUK SIGNATURE SIL.SOOTH.(0-6)(M)1PC/396#
4015000996273,4015000996273,GLISS ULTIMATE OIL ELIXIR HR COND. 400M#
4015100190793,4015100190793,GLISS ULTIMATE REPAIR DRY HR MASK 300M#
4015400499671,4015400499671,ALWAYS MAXI THICK 2*9 LONG 18 PADS#
4015400508465,4015400508465,PAMPERS PREM.CARE(4) L(7-18K)18PCS 10%@#
4046873283320,4046873283320,HOT&COLD PACK(GEL)WAIST/SMART C.(REUS.)▓
4049500349635,4049500349635,MOLIPANTS SOFT LARGE 5PCS#
4059729255655,4059729255655,ESSENCE SHINE LAST&GO NAIL POLISH GEL/60
4059729371669,4059729371669,ESSENCE 8H MATTE LIQ.LIPSTICK/02
4103040114204,4103040114204,SEBA MED(BABY)CHILDRENS SHAMP. 150M#
4211125650537,4211125650537,BEURER WRIST PRES.MONI.+A.D./BC30+THERM▓
4717237010042,4717237010042,BODYFIX A.E.STOCK.T.HIGH(XXL)WHITE/A001▓
4717237079018,4717237079018,BODYFIX WRIST THUMB SPLINT(L)(XL)/C004▓
4717237079209,4717237079209,BODYFIX D.LUMBAR SUP.W/6STAYS(XL)/E003▓
4904530594182,4904530594182,TOSHIBA LITHIUM BATTERY 3V 1/PCS/CR1632▓
5010724527450,5010724527450,BATISTE FRESH DRY SHAMP.F/ALL HR 200M
5012909011969,5012909011969,AVENT WARM BABYS FEEDS IQ REF\26022#
5045411331843,3386460006965,BURBERRY THE BEAT EDP F/W 75M#
5057881277019,5057881277019,ISABELLA 4SIDED NAIL FILE&BUFF./IS27701#
5060173373719,5060173373719,TANGLE TEEZER HR BRUSH/BC-PP-011017#
5060565104952,5060565104952,REVOX PLEX STEP(7)BOND REPAIR.OIL 30M#
5060630041953,5060630041953,TANGLE TEEZER HR BRUSH/CS-MPA-010519#
5601683451377,5601683451377,PROTECHDRY F/MAN WHITE SLIP(XXL)▓
5710811037021,5710811037021,ABENA ABRI-FLEX PREMIUM (S1) 14PCS
5900717147027,5900717147027,PHARMACERIS WHITE.CLEAR TONER 200M#
5901691813106,5903407314068,CANPOL BOWL W/SPOON(9M+)350M/31-406#
5903407314068,5903407314068,CANPOL BOWL W/SPOON(9M+)350M/31-406#
5903407740102,5903407740102,CANPOL MULTI PURPOSE SAFETY LOCK/74-010#
5903416044185,5903416044185,EVELINE RETINOL 0.2% SERUM SHOT 30M
5943076000473,5943076000473,IVATHERM UNA A.AGE FACE CR 50M#
6085010093710,6085010093710,ARMAF FUTURA LA HOMME EDP F/M 100M
6221009001247,6221009001247,SPARKLE VITAL SHAMP&COND 2x1 GREASY 190#
6221039074839,6221039074839,LUNA NAIL POLIS.GEL RED VELVET 14M/1002#
6221039321087,6221039321087,LUNA SUN KIDS SPF(36) SUNSCREEN SP.130M#
6221048100765,6221048100765,FAIR&LOVELY MULTI VIT.CLEAR FAIR SK 40G#
6221048101304,6221048100765,FAIR&LOVELY MULTI VIT.CLEAR FAIR SK 40G#
6221048101908,6221048100765,FAIR&LOVELY MULTI VIT.CLEAR FAIR SK 40G#
6221053210138,6221053210138,NUNU BABY COLOGNE FRAGRANCE 100M#
6221053210176,6221053210138,NUNU BABY COLOGNE FRAGRANCE 100M#
6221105413036,6221105413036,CYBELE SMOOTH N WEAR MONO EYE SHAD./103#
6221105422861,6221105422861,CYBELE COLOR SHOCK LIPSTICK/02
6221125001701,6221125001701,CH.555 LEMON EDC 250M
6221155059505,6221155071545,DOVE INTENSIVE REPAIR SHAMP.600M 25%@#
6221155064424,6221155064424,LUX SOFT TOUCH H.WASH 500M 15%@#
6221155071545,6221155071545,DOVE INTENSIVE REPAIR SHAMP.600M 25%@#
6221155071804,6221155071804,DOVE HAIR FALL RESCUE SHAMP.600M 25%@#
6221155109057,6221155071545,DOVE INTENSIVE REPAIR SHAMP.600M 25%@#
6221155109941,6221155071804,DOVE HAIR FALL RESCUE SHAMP.600M 25%@#
6221155123084,6221155123084,AXE BLACK NIGHT 48H DEO SP.F/M150M@#
6221155135155,6221155135155,DOVE NOURISH.OIL CARE SHAMP.350M
6221155152589,6221155152589,LIFEBUOY COOL FRESH SOAP 165G
6221155155207,6221155155207,REXONA BAMBOO&ALOE 72H DEO SP.F/W 150M@#
6222004100386,6222004100386,MIGOS HR BRUSH REF/386
6222004102519,6222004102519,MIGOS HR CLAMPS 2PCS/HCL-08566
6222012006687,6222012006687,RELAXO ELBOW SUPP./M/RE0043\PL▓
6222012006908,6222012006908,RELAXO WRIST BRACE (R)/L/RE0041\PL▓
6222012007943,6222012007943,RELAXO VAR.STOCKING LYCRA AF CCL2 (XL)
6222014508356,6222014508356,MINK HAIR OIL W/MINK&COCONUT OIL 100M#
6222017079709,6222017079709,LOREAL EXCELLENCE CR /3+SHAMP.200M@
6222019612539,6222019612539,BOBANA BLACK GARLIC OIL LEAVE IN CR200M#
6222019612768,6222019612768,TWIST&GO ANTI-HR LOSS AMPOULES 10X7M#
6223001343769,260718,RAID LIQ MOSQUITO REP.ODOURLESS REF 41M
6223001346098,6223001346098,RAID LIQ.MOSQUITO REP.EUCALYPTUS37NIGHT#
6223001348139,260718,RAID LIQ MOSQUITO REP.ODOURLESS REF 41M
6223002055579,6223002055579,SHAVECODE BALM SENSITIV.SK AF.SHAVE140M#
6223002234486,6223002234486,PARACHUTE DAMAGE REPA.(OIL100+CR80)20%@
6223002823956,6223002823956,STARKY HERBA.HR DYE SHAMP.BLOND250M/B50#
6223002824885,6223002824885,STARKY NOUR&REPAI.W/ARGA.OIL SHAMP.400M#
6223004370793,6223004370793,EVA ADV.CARE GROWTH PERFECTOR SAHMP.230M
6223009461236,6223009461236,ERA NAIL POLISH 13M /153#
6223009600239,6223009600239,DITTO VICTORIOUS PERFUME SP.F/M 200M#
6223011110795,6223011110795,PENDULINE C.(SHAMP+COND)300+CR150+BRU.@#
6223012630254,6223012630254,SUPER KIDS(HR CR.200M+APPL.SHAMP.300M)@
6223012631473,6223012630254,SUPER KIDS(HR CR.200M+APPL.SHAMP.300M)@
6223012844682,6223012844682,BUBBLES GLASSY NAT.FEED.BOT.BLUE(1)M150M
6223013970175,6223013970175,DERMACTIVE A.S.SPF(50+)MEL.CR L.TINED50M
6223013970229,6223013970229,DERMACTIVE REFRESHING DEO.R.ON F/W 60M
6223014460354,6223014460354,OH ENCHANT HR.ACTIVE SERUM 30M
6224000076931,6224000076931,EASY CARE SWEET ROSE H.REM.PASTE90G 3PCS
6224000851064,6224000851064,DABUR AMLA JASMINE HR OIL 180M10%@#
6224000851859,6224000851859,DABUR VATIKA ALMOND HR CR 125M10%@#
6224001763212,6224001763212,G.K P.BAL.(SHAMP+COND.+COCO BEAST)300M@#
6224001763243,6224001763212,G.K P.BAL.(SHAMP+COND.+COCO BEAST)300M@#
6224001972249,6224001972249,SEE-LIT HYALURONI.VIT.B&PUL.SERUM2X30M@#
6224002220110,6224002220110,MINIME DETANGLING SP.150M#
6224002949073,6224002949073,BINOTRUST SH.GEL COOLINO 350M#
6224003890169,6224003890169,HAYAH UVEPRO BB SPF(20)CR 30M
6224007840511,6224007840511,YOLO N.POLISH 10M/151
6224007939048,6224007939048,DABUR AMLA SNAKE OIL CR SHAMP.200M#
6224008572640,6224008572640,ZAK ENERGY PERFUME SP.F/M 175M#
6224008573197,6224008573197,RUNWAY NAIL LACQUER 14ML /70020#
6224008573265,6224008573265,RUNWAY NAIL LACQUER 14ML /70027#
6224008762171,6224008762171,YOLO N.POLISH 10M/203
6224008762621,6224008762621,YOLO N.POLISH 10M/242
6224009160655,6224009160655,FOGG(VICTOR PER.SP120+ROLL ON.DEOD.50)@#
6224009734757,6224009734757,BODYLICIOUS ROYAL OUD B.MIST F/W 100M#
6224009989171,6224009989171,ELLE NAIL POLISH 14M/903
6224010114500,6224010114500,MAA ALTHAHAB SWEETY N164 B.MIST F/W200M#
6224010148260,6224010148260,COSMO APPE S.SCREEN SPF(50+)L.TIN.CR 60M
6224010162273,6224010162273,4 MY HAIR CURLY A.FRIZZ SERUM 120M
6224010497344,6224010497344,ALEJON WHITENING CLEAN.FOAM F/SK 200M
6224010643673,6224010643673,LUCENTE LUMINI BODY LOT.100M#
6224011102933,6224011102933,DERMATIQUE 4X1MICELLAR WATER SENS.SK150M
6224011148207,3212493,ROYAL REGIME TEA MINT 25/BAGS▓
6224011181051,6224011181051,LITTLE STAR BOT.&NIPPL.ENZYM.CLEAN.400M@
6224011300032,6224011300032,VITABALM A.OXIDANT SK MOIST.200M
6224011326421,6224011326421,LIXORA SK COLL.FACE&NECK A.WRI.SERUM40M#
6224011673648,6224011673648,TETRA GLOW CRAZ.LOVE DEO.R.ON F/50M1+1@#
6225000080263,6225000080263,AEGYPTIACA BODY SCRUBBER LUFFA ONE FACE#
6225000504585,6225000504585,KOLAGRA WHI.A.PERS.3IN1 R.ON 2X60M@
6229810620787,6229810620787,UNI MOIST SOOTH.&MOISTURIZ.SK CR 100GM#
6281006442900,6281006442900,DOVE NOURSH.OIL CARE OIL REPLAC.300M
6281006453081,6281006442900,DOVE NOURSH.OIL CARE OIL REPLAC.300M
6281006612907,6281006612907,SUNSILK BYE BYE HR FALL SHAMP.350M#
6281031266410,6281031266410,FA HAWAII LOVE PINEAPPLE DEOD.SPRAY150M#
6287015129740,6287015129740,LE BONHEUR BOIS DE NUIT INTE.F/M EDP105M
6291105776721,6291105776721,PRITTY STRIP EYELASHES BLACK/NZ044
6291105779135,6291105779135,NOVELL NAIL FASH.STICKER 16PCS/XTWM03-4B
6291105779180,6291105779180,NOVELL NAIL FASHION STICKER 16PCS/41
6294018806806,6294018806806,FINE BABY D&L(6)JUNIOR(+16 K)DIAP.48PCS
6300020155969,6300020155969,GALAXY PLUS LEATHER AFRICAN SP.F/M 200M#
6300020181173,6300020181173,GRANDEUR ELITE CAVALIER E.D.P F/M 100M#
6773543323670,6773543323670,JOICE DAILY HAND CLEAN.GEL A.BACTER.100#
6805699955099,6805699955099,SENSODYNE AD.COMPLETE PR.T.BRUSH MEDIUM
6832132154962,6832132154962,LADY DIANA GLAM NIGHT SERUM 50M#
6906819450033,6906819450033,HOME HAIR BRUSH/S5003
6906819460070,6906819460070,HOME HAIR BRUSH/T6007
6937620226524,6937620226524,LA FRUTTA BOOTLE&TEAT BRUSH/22652
6942138919493,6942138919493,MICKEY MOUSE INFLATABLE SWIM RING/91004#
6942138983111,6942138983111,INFLATAB.SUNNY SICILY ISLAND FLOAT/43391
6972421575266,6972421575266,SHEGLAM LOCK&GO CUSHION FOUND.W.VANILLA!
6976272421086,6976272421086,SHEGLAM TWILIGHT IMM.LIP TINT BITTEN!
6978707970329,6978707970329,DISAAR VIT.C WHITE.CLEAN.MOUSSE 150M
7350104242480,7350104242480,BIONNEX ORGANICA COND.F/A.HR TYPE 300M
7611711101332,7611711101332,SIGVARIS 503 AF (M) SHORT▓
7611711464789,7611711464789,SIGVARIS TFS AD (S) PLUS LONG▓
7613427014647,3703104,ONE TOUCH SELECT PLUS FLEX MONIT.+25ST@▓
7640107200472,7640107200472,SPLENDA SWEET MINIS 300TABLETS▓
7702018085514,7702018085514,GILLETTE FUSION5 PROGLIDE BLADES 4PCS
7702018580064,7702018580064,GILLETTE VENUS3 COMFORT GL.BREEZE 4BLADE
7702018877591,7702018877591,GILLETTE FUSION5 POWER BLADES 4PCS#
7891024124826,7891024124826,COLGATE OPTIC WHITE SPARKLIN.T.PASTE 75#
8003510001217,8003510001217,MALIZIA UOMO VETYVER DEO SP F/M 150M#
8004395111749,8004395111749,MARVIS AMARELLI LICORICE T.PASTE 85M!
8009518114782,8009518114782,DEBORAH AGE RESET CONCEALER ROSE /02#
8009518222166,8009518222166,DEBORAH 8ORE.H.LONG LAST.LIPSTICK/03#
8009518230727,8009518230727,DEBORAH BLUSHER HYPOALLERGENIC/62#
8009518276985,8009518276985,DEBORAH FLUID VELVET MAT LIPSTICK /10#
8029041169141,8029041169141,BIONIKE SHINE ON MED.HR DYES COLOU./7.4#
8029041178525,8029041178525,BIONIKE LIP DESIGN LIPLINER/202#
8029241105093,8029241105093,VITALCARE KERATIN OIL SHAMP.500M#
8032859200050,8032859200050,ADORE CRYSTAL COLOR LENSES BLUE/24#
8051564604113,8051564604113,VERDEX ATOPICA CR 100M#
8054314690428,8051564604113,VERDEX ATOPICA CR 100M#
8058664086085,8058664086085,CHICCO W.B POP FRIEND BOT.SILC.150M(+0M#
8412497095704,8412497095704,DISNEY NO.9570 POOH LUNCH BOX
8431082070780,8431082070780,LUGA CORN PADS SILICONE UNISIZE (003)▓
8436562290030,8436562290030,ROOFA BLUNT TIP TWEEZER /003BC#
8436562290085,8436562290085,ROOFA DELUXE SLANT TWEEZER+CASE /008BC#
8436562291723,8436562291723,ROOFA MASSAGE OIL 100M
8682139495210,8682139495210,BAMBINO COTTON WOOL 50G
8682340342631,8682340342631,DERMINIX MOIST.&PURIFY.PEELING SERUM 30M
8690797107949,8690797107949,WEE BABY OR.W.NE.TEAT LOW FLOW(0-6)/794#
8696630137654,8696630137654,FAWARIS ENCHANTED PERFUM.SP.F/W150M#
8699216343548,8699216343548,FRANO DIAMOND EGOIST B.MIST F/W 110M#
8699943242022,8699943242022,BABY TIME CLEAN.SET F/BOTTLE&TEAT/BT202
8710103498261,8710103498261,AVENT SOOTHER TRANSPAR.2PCS(6:18M)/17062
8710103498629,8710103498629,AVENT SOOTHER SILICONE 2PCS(0-6M)/17863
8710103658788,8710103658788,AVENT SOOTHER SILIC.2PC(0-6M)/SCF17250#
8710103748694,8710103748694,PHILIPS ESSENTIAL CARE STRAIGHTE/HP8323#
8710103868316,8710103868316,AVENT AN.COLIC BOTT.BLUE(0M+)125ML/81217
8710103888444,8710103888444,PHILIPS STRAIGHT CARE ESSENTIAL/BHS377
8718951414426,8718951414426,COLGATE WHITE&PROT.CHARCOAL M.WASH 500M!
8718951610521,8718951610521,COLGATE MAX WHITE BYE STAINS T.PASTE75M!
8809447251363,8809447251363,DR.ALTHEA 147 BARRIER CR 50M!
8809598457058,8809598457058,COSRX ADVA.SNAIL MUC.GLASS GLOW MASK34G!
8809799060033,8809799060033,BB TAPE (KINESIOLOGY) 5CMX5M(YELLOW)▓
9502930975294,9502930975294,PARODONTAX TOOTH PAST FLUORIDE 75ML#
6221039003433,6221039003433,LUNA SOLAR GEL NAIL POLISH 10M/1035
6221039005642,6221039005642,LUNA E.F.NAIL POLISH REMOV.ACET.FREE100M
6221039080014,6221039080014,LUNA SOLAR GEL NAIL POLISH 10M/1028
3574661887197,3574661887197,JOHNSON KIDS CURL DEFINING COND.500M
6224004110525,6224004110525,DEAR LIGH.CR.A.DARK SPOTS FACE&NECK 60G@
