61,61,SYRINGE 1ML KOREA INSU40/100IU(29GХ1/2)▓
5707,5707,TS MOBACO ROYAL LAUALRY E.D.P F/W 100M
6290,6290,TS CHANCES GORODAN D'OR EDP F/W 50M
6346,6346,TS DUNHILL ICON RACING EDP F/M 100M
70037,70037,TS BOURJOIS ALWAYS AIR MAT 24H FOUND./02
119015,119015,ENTOCID COMP. 15/SACH
200319,200319,PANTEX HAIR CREAM 2IN1 ANTIDANDRUFF40G#
261013,261013,HAIR BACK PLUS 2% SCALP SPRAY(P1)
270749,270749,PEARL COTTON 100 BALLS#
276057,276057,DOVE CREAM WASH F/HAND&SK 450M#
277656,277656,FLITOL GELLO ANT.BAC HAND CLEANSER 120M#
280885,280885,EASY CARE REFRESH 24WIPE#
281954,281954,EVA B-WHITE CREAM WHITING F/GREASY SKIN#
282502,282502,ORTHOPRIM SILICON HEEL CUP P440(S)▓
282609,282609,NIVEA CR 150M
284373,284373,VEET WAX STRIPS NORM.SK SHEA BUT.20PCS#
284720,284720,KRYOLAN TV PAINT STICK ART (5047) NB01#
285536,285536,EVA SKIN CREAM 2HONEY+1GLYCERIN 55G@
285833,285833,LOREAL MAKEUP REMOV. EYE&LIP 125M#
285987,285987,KRYOLAN HD MICRO MATIFY. FOUND. /300#
301153,301153,TENORMIN 100MG 14/TAB
310313,310313,PULMICORT 0.5MG/2ML 20/AMP+(P3)●
311026,311026,LOTRIDERM 15GM CREAM
320101,320101,SILYMARIN▼PLUS 20/CAP(P1)●
321137,321137,CATAFLY 2MG (100ML) SUSP
321766,321766,EN CARE 220ML VAG. DOUCHE▓
322086,322086,SIFROL 0.7MG(1MG) 30/TAB.+●
323957,323957,DRUG DISCPENCER(7X2) (SHERY).▓
340028,340028,FARCORELAXIN 1ML 3/AMP
340495,340495,EPREX 2000IU 6/PREF.SYRINGE+®●
341504,341504,WELEVON 10/CAP
341687,341687,#$CODAPHEN-N 120ML SYRUP©$#
341867,341867,NEOMAINT 250ML IV INFU (CAP)OTSU.(P1)
342057,342057,METHYLPREDNISOLONE 1GM IV 1/VIAL+
343656,343656,AMOFLAM 100MG 10/TAB.
344749,344749,SULBIN 1.5GM 1/VIAL(P3)
345207,345207,LOSAR 50MG 7/TAB
345557,345557,LASIX 20MG 3/AMP(P1)
346673,346673,EXTREME 10/CHEW.PIECES▓●
370148,370148,MIRACLE WRIST THUMB SUPP RIGHT M (0045)▓
370225,370225,ITA-MED ABDOMINAL BINDER 9CM(XL)(AB309)▓
370250,370250,MAXAR ANKLE SUPPORT COTTON(XL)/BAN301▓
2700631,2700631,VITAL CARE EXTREME HOLD SPORT GEL 300M@
2700806,2700806,DABUR VATIKA CACTUS HR OIL 180M
2701052,2701052,NIVEA ROLL ON ACTION JASMINE F/W50M25%@#
2702435,2702435,NIVEA FRESH NATURAL DEO.SP.F/W 150M20%@#
2702440,2702440,NIVEA FRESH NATURAL DEO.R.ON F/W50M20%@#
2702862,2702862,HAWAIIAN SOLA.SUN BLOCK(SPF50)LOT.200ML#
2703722,2703722,VIOLET CLEAN.&WH.INTIM.FEM.WASH2X250M@#
2704024,2704024,AMANDA SUPER LONG WEAR MATT LIPSTICK/06#
2706879,2706879,BOBAI SUNSCREEN SPF(80)TI.CR.60GM1+50%@#
2708169,2708169,STARVILLE RED BERRY DEO.R.ON F/W 2X60M@
2708639,2708639,GIFT GARNIER FAST BRIGHT 1/SACH
2708752,2708752,VICHY NORMADERM PHYTOS.D.CLEAN.GEL400M@%
3200372,3200372,WHEY FUEL(TWINLAB)D.CHOCO.(NEW)2.27KG+▓
3200398,3200398,#VIREAD 300MG 30/TAB+
3200909,3200909,ROSUVAST 20MG 14/F.C.TAB(P1)
3201124,3201124,ARIPIPREX 1MG/ML (100ML) ORAL SOLUTION
3201753,3201753,ALLERZONE 0.1% 20ML LOTION
3202738,3202738,SWEET&SLIM N.C.S.(1SAC=2TSP)100G 100SAC▓
3202819,3202819,PHENTOLEPT 250MG/5ML 5/AMP
3202932,3202932,MOMSONE 0.1% 20GM CREAM
3203221,3203221,SWEETAL ZERO CALORIE SWEETENER 50/TAB▓
3203359,3203359,#BROMOFLAM 0.09% 5ML EYE DROP
3204017,3204017,ALFABONID 1µ/0.5ML IV 10/AMP®●
3204206,3204206,LACTAGYN 2G 10/VAG.OVULE+▓
3204291,3204291,VILAPHORIA 20MG 30/F.C.TAB
3204783,3204783,ZOLIDOCYRL 200MG 6/F.C.TAB
3205069,3205069,SILDENAFIL 100MG 4/TAB(MYLAN)+
3205652,3205652,FUSAMIC 10MG/G (5G) VISCOUS EYE  DROP
3205739,3205739,DANASETRON 8MG/4ML IM/IV-INFU 5/AMP
3206110,3206110,SUGARBEARHAIR HR VITAMINS 60/GUMMY+▓
3206165,3206165,XICLAV 625G 10/F.C.TAB●
3206208,3206208,MEGALASE 3000CEIPU 30/TAB(P1)
3206499,3206499,NEXIROZOVA 10MG 14/F.C.TAB
3206558,3206558,NATROL COLLAGEN SKIN RENEWAL 120/TAB+▓
3206684,3206684,JNCIVO 50G CREAM▓
3206815,3206815,NERVITOGAM 30/H.G.CAP▓
3206860,3206860,MERAGAR (1.5G/SAC) 10/SACH▓
3207672,3207672,FERAMIX 30/CHEW.PCS▓
3207698,3207698,KELATOP (SOOTHING) 50GM CREAM▓
3208000,3208000,VITACARE GARCINIA CAMBOGIA 1600 20/CAP+▓
3208075,3208075,CLATEX 75MG 30/F.C.TAB
3208448,3208448,ESMORAP 10MG GRANU.D.RE.SUSP.7/SACH(P1)
3208725,3208725,IMYGIN 50GM CREAM▓
3208750,3208750,CHARTOREG PLUS 80MG/25MG 28/TAB
3209362,3209362,VITALOX 50+ 30/TAB+▓
3209388,3209388,WOUNCURE 20GM TOPICAL POWDER
3209432,3209432,KEMAGEL▼AMORPHOUS STERIL.HEAL.30GM GEL+▓
3209519,3209519,IVABRAGIN 5MG 30/F.C.TAB
3210009,3210009,BLENDERA-MF (VANILLA FLAV.) 400GM+▓
3210302,3210302,ASTROHEAM 10/H.G.CAP▓
3211099,3211099,BALOXDOT 10MG 2/TAB
3211158,3211158,URGINAFECT 10MG 20/F.C.TAB
3211284,3211284,APROVEL 150MG 28/F.C.TAB+
3211510,3211510,RED REX CREAM OF RICE UNFLAV. 900G▓
3211565,3211565,SAFETRIUM WOMEN 30/F.C.TAB▓
3211608,3211608,LIMITLESS DIGEST NOW ORIGINAL30/F.C.TAB▓
3211842,3211842,NANOCARE MULTI COLLAGEN 10/SACH▓
3212003,3212003,MASH-VIMTO 100GM SKIN MASSAGE GEL▓
3212274,3212274,DATRINI 30/F.C.TAB▓
3212380,3212380,RESTASIS 0.05%(0.4MLX30EA)OPH.EMULSION+®
3500654,3500654,L-CARNITINE 330MG 60/VEG.CAP!!
3600220,3600220,CASTELLANI PAINT 30ML ⌂▓
3700249,3700249,BLADES HOLDER SIZE 3▓
3701066,3701066,FLYON COMP.KNEE SUPP.W/SPRINGS/L/6739▓
3701934,3701934,FLAMINGO CUFF&COLLAR SLING ALL/OC2128▓
3702423,3702423,BIONIME (GS720) 50/STRIP▓
3702856,3702856,FLYON ELASTIC BACK SUPP./L/XL/F502▓
3703154,3703154,PHARMACOLL EXTRA THIN DRES.20X20CM 5PCS▓
10200677,1020067777,WATER SOLVENT 50ML(P)
31201277,3120127777,IRUXOL 15GM OINT(P)
31600177,3160017777,URALYT-U▼280GM GRANULES(P)
32002787,3200278777,BRUFEN 150ML SYRUP(P4)
32009337,3200933777,GYNOTRAZONAGEN 600MG 3VAG.OVU.+APP.(P2)
32018937,3201893777,#$XORAXON 500MG (IM) 1/VIAL(P)$#
32021487,3202148777,SAVIBLEED 500MG 20/F.C.TAB(P2)
32024097,3202409777,VASTAFLAM 50MG 20/TAB(P2)
32025007,3202500777,ESLIZEPINE 800MG 20/SCOR.TAB(P)
32026187,3202618777,INSUMAN BASAL100IU/ML 3ML5/PENFILL+®(P)♦
32055897,3205589777,DIVITON-D 200IU 10ML DROPS(P2)
32057767,3205776777,MIXDERM 30G CREAM(P)
32078917,3207891777,SETRONOMET 4MG 4/O.D.TAB(P)
32084011,3208401111,CRESTOR 10MG 28/TAB(P2)
32084077,3208407777,CRESTOR 10MG 28/TAB(P3)
32160977,3216097777,ANOXICAM 20MG 20/TAB(P)
32277877,3227787777,RENAL-S 12/EFF.SACH(P)●
32299877,3229987777,NITAZODE 100MG (60ML) SUSP(P2)
32307011,3230701111,CO-DIOVAN 160/25 15/TAB(P1)
32307077,3230707777,CO-DIOVAN 160/25 15/TAB(P)
32331977,3233197777,APEXIDONE 0.5MG 30/TAB(P)
32397177,3239717777,LIPITOR 10MG 28/TAB(P2)●
34272177,3427217777,DEXATROL 5ML EYE/EAR DROP SUSP(P5)
34363077,3436307777,DOLPHIN 50MG 5/SUPP(P)
34437877,3443787777,INNOHEP 20.000U 0.7ML 2/PREF.SYR.+®(P)♦
34665577,3466557777,SINA WET 120ML SYRUP(P)
1020067777,1020067777,WATER SOLVENT 50ML(P)
3120127777,3120127777,IRUXOL 15GM OINT(P)
3160017777,3160017777,URALYT-U▼280GM GRANULES(P)
3200278777,3200278777,BRUFEN 150ML SYRUP(P4)
3200933777,3200933777,GYNOTRAZONAGEN 600MG 3VAG.OVU.+APP.(P2)
3201893777,3201893777,#$XORAXON 500MG (IM) 1/VIAL(P)$#
3202148777,3202148777,SAVIBLEED 500MG 20/F.C.TAB(P2)
3202409777,3202409777,VASTAFLAM 50MG 20/TAB(P2)
3202500777,3202500777,ESLIZEPINE 800MG 20/SCOR.TAB(P)
3202618777,3202618777,INSUMAN BASAL100IU/ML 3ML5/PENFILL+®(P)♦
3205589777,3205589777,DIVITON-D 200IU 10ML DROPS(P2)
3205776777,3205776777,MIXDERM 30G CREAM(P)
3207790111,3207790111,AMBROPRO 20MG MINT FLAV.10/TAB(P1)
3207891777,3207891777,SETRONOMET 4MG 4/O.D.TAB(P)
3208401111,3208401111,CRESTOR 10MG 28/TAB(P2)
3208407777,3208407777,CRESTOR 10MG 28/TAB(P3)
3208519777,3208519777,HYDRATEARS1.5MG/ML10ML)OPHTHAL.SOLU.(P)
3208964777,3208964777,EDICIN 500MG IV 1/VIAL(P)
3212354777,3212354777,GABIMEDRA 5GM 20/F.C.TAB(P)
3216097777,3216097777,ANOXICAM 20MG 20/TAB(P)
3227787777,3227787777,RENAL-S 12/EFF.SACH(P)●
3229987777,3229987777,NITAZODE 100MG (60ML) SUSP(P2)
3230701111,3230701111,CO-DIOVAN 160/25 15/TAB(P1)
3230707777,3230707777,CO-DIOVAN 160/25 15/TAB(P)
3233197777,3233197777,APEXIDONE 0.5MG 30/TAB(P)
3239717777,3239717777,LIPITOR 10MG 28/TAB(P2)●
3427217777,3427217777,DEXATROL▼5ML EYE/EAR DROP SUSP(P5)
3436307777,3436307777,DOLPHIN 50MG 5/SUPP(P)
3443787777,3443787777,INNOHEP 20.000U 0.7ML 2/PREF.SYR.+®(P)♦
3466557777,3466557777,SINA WET 120ML SYRUP(P)
196003999702,196003999702,DB READ.GLASS.BLACK(+1.00)/LRP4086\PL#
196007699772,196007699772,DELTA ELBOW SUPPORT (3XL)\PL▓
196007699798,196007699798,DELTA ELASTIC BANDAGE 12CM\PL▓
4005808166190,282609,NIVEA CR 150M
5000146055853,284373,VEET WAX STRIPS NORM.SK SHEA BUT.20PCS#
