18,18,SYRINGE 1ML BD INSU 100IU 8M▓
6232,6232,TS LOMANI BELLA F/W EDP 100M
69646,69646,TS BU PASSION BE YOU EDT F/W 50M
69772,69772,TS ARMAF PARATY EDP F/W 100M
70204,70204,TS MAYBELLINE LIFTER PLUMP LIP GLOSS/001
106118,106118,FARCODOXIN 100MG 10/CAP
111011,111011,BABY GUARD 20GM CREAM
122501,122501,FRIGG PACIFIER PACK OF 1 BLUSH NIGHT#
123007,123007,GYNORYL 150MG 3/VAG. SUPP
200360,200360,BIOPOINT BLEACHING POWDER 50G#
206058,206058,SLEEP SUPPORT 30/CAP+
262148,262148,LIZA ANTI-DANDRAUFF HR CR 150GM#
262225,262225,NIVEA DRY COMFORT DEOD. F/W 150M#
279126,279126,(ETTOO)BRUSH FOR COLOUR1PIC LARGE#
284782,284782,THREE TOURISTS TREASURES TRAVEL SET#
301236,301236,CARDURA 4MG 14/TAB(P1)
301412,301412,BEZALIP RETARD 10/TAB.
302310,302310,TOP-SIX 10/CAP
320178,320178,MIX-TREAT 20/CAP
321371,321371,ACC 600MG 10/EFF. TAB
321421,321421,RELAX 50GM GEL▓
321876,321876,DAFLON 500MG 30/TAB(P3)
322068,322068,OPPO RIB BELT WOMEN (4074)▓
323531,323531,DIABENOR 3MG 20/TAB♦
323544,323544,OMNICEF 300MG 10/CAP+(P1)
325692,325692,DIAROL 1MG 20/TAB
340442,340442,ZYPREXA 10MG 7/TAB.+
340903,340903,CIPROCIN 0.3% 5GM EYE OINT
341474,341474,#$DENSITIN 30/CAP$#
343241,343241,FRESUBIN BLACK-CURRANT SYR.+▓
343502,343502,VIGAMOX 0.5% 5ML EYE DROP+(P1)
344730,344730,MARIAGON 140MG 30/CAP▓●
345045,345045,ROXICIN 300MG 5/TAB
346116,346116,BERBERIL N 10ML EYE DROP
350753,350753,GINKGO BILOBA 120MG 60/CAP!!
370157,370157,MIRACLE WRIST BRACE LEFT XXL(0041)▓
370373,370373,JASPER THIGH SUPPORT M (ET004)▓
1708104,1708104,JINJA KID.HR ACCESS.2PCS/HCL-283
2704194,2704194,AMANDA DREAM BLUSHER/147#
2704266,2704266,CHRISTIAN DIOR GLASSES F/READING BAG/1
2704312,2704312,OPPY HR NOURISHING OIL W/CAFFEINE 120#
2704536,2704536,STARVILLE WHIT.CR 60G+SOAP W.CARE100G@#
2704583,2704583,CONTROL ADAPTA INTENSE FRUIT 3CONDOMS▓
2705290,2705290,AMANDA LAST&SHINE NAIL POLISH/94#
2705643,2705643,HALIBUT BABY GENTLE CLEAN.SH.GEL 200M
2706008,2706008,AZHA WHITENING SPF(20+) CR 75G#
2706365,2706365,DOVE HR FALL R.(SHAM.400+COND.350 60%)@#
2708640,2708640,BIONIKE AKNET SUN(50+)FLUID 2X50M@#
2708749,2708749,VICHY DERCOS ENERG.HR LOSS SHAMP.200M@%
3200369,3200369,NATARIA 50GM CREAM▓
3200387,3200387,SATE 50GM CREAM
3200523,3200523,DEXTROSE 5% 500ML INFU.(ELNIL)♦
3200695,3200695,AFINITOR 10MG (30/TAB+3X10/TAB)/OFFER●♦
3200970,3200970,FOLIC ACID 5MG 50/TAB(AMOUN)
3201436,3201436,THERAGRAN-M 28/TAB▓
3201483,3201483,#RINGER LACT. 500ML IV-INFU(CAP)/ATECO
3201991,3201991,#ALKOR PLUS 10/40MG 14/TAB
3202543,3202543,CO-DILATROL 25/12.5MG 30/TAB
3202727,3202727,SMOFLIPID 20% 100ML IV-INFU.+
3202860,3202860,GRATISOVIR 400MG+DAKTAVIRA 60MG 28/TAB@
3202929,3202929,ULTRACAINE 20MG/ML (50ML) 1/VIAL
3203258,3203258,ESTERO-MAP 20MG 20/TAB
3203320,3203320,COSENTYX150MG/ML 1PREF.SENSOR.PEN+®(P1)♦
3203715,3203715,OMNICEF 125MG/5ML (80ML) SUSP+(P1)
3204655,3204655,PAROXETINE 25MG 30/EN.RE.F.C.TAB(P1)●
3205010,3205010,PEANO BALM 30GM SEMI SOLID WAX▓
3205649,3205649,MIRAGE 1GM IV 1/VIAL+(P3)
3205740,3205740,SUNNYCARDIO 12.5MG/50ML IV-INFU 1/VIAL
3206006,3206006,MEMONTIX 60/CAP▓●
3206217,3206217,RONKIN▼20/S.G.CAP(P2)●
3206547,3206547,REBOTON  0.25%W/W 30G GEL▓●
3206781,3206781,BENEGAST STRW.FLAV.4X10/SACH@▓
3207023,3207023,ORATRYPSIN (ORA) 30/H.G.CAP▓
3207096,3207096,VONACIDAN 20MG 20/F.C.TAB
3207395,3207395,OROVEX(STRAWBERRY)120ML M.WASH▓
3207669,3207669,FASTVIT 30/SUS.RE.TAB▓
3208673,3208673,LINATRAJE▼5MG 21/F.C.TAB♦
3208866,3208866,VITALOX COMPLETE A-Z+LUTEIN&Q10 30/TAB+▓
3208912,3208912,NO-MIGRAIN 30/F.C.TAB(P1)
3209133,3209133,COLONXIR 10/TAB▓
3209186,3209186,NUZAVEN 20/H.G.CAP▓
3209379,3209379,MAPOVYNEX STRAW.FLAV.120ML SYRUP▓
3209429,3209429,XYRKUX 60MG 20/F.C.TAB●
3209560,3209560,MAZORA CELL CELLULITE 40/CAP+▓
3209843,3209843,WINZOXIB 60MG 30/F.C.TAB
3210070,3210070,COXORIZET 90MG 30/F.C.TAB
3210319,3210319,RESPIDEP 20/TAB▓
3211406,3211406,SOFI LIFE SPARKLE PLUS 100/TAB+▓
3212322,3212322,DAPAGLOZNAL 5MG 28/F.C.TAB
3212472,3212472,ROSUVAMIB 20/10 30/F.C.TAB
3212546,3212546,NATMAG 60/F.C.TAB▓
3500845,3500845,SUPER COLLAGEN+C(TYPE 1&3) 250/TAB!!
3701088,3701088,COOLING GEL DR.KOOOL(ADULT)MINT 6SHEET▓
3701321,3701321,FIRST AID KIT(EMPTY)(L)/METAL▓
3701404,3701404,ITA-MED THIGH HIGHS(SIL/L)/H-306(O)BEIG▓
3701471,3701471,GE100 50/STRIP▓
3701862,3701862,DUODERM SIGNAL 14X14CM 5/UNIT▓
3702126,3702126,PLASTER PIC CLASSIC MED.ANTI-BAC.20PCS▓
3702193,3702193,DIABETIC SHOES SPORT MOVE(ORTHOMED.)(44▓
3702584,3702584,UNI-T INFRARED THERMOMETER W/DUAL LASER▓
10121277,1012127777,ZYMOGEN FORT 20/TAB(P)●
11303577,1130357777,NEO-POL 10ML EYE DROP(P)
19600106,19600106,X-STORE-SPECIAL ORDER-SERVICE FEES
31202377,3120237777,GARAMYCIN▼0.1% 15GM OINT(P4)
32006457,3200645777,CIPRODIAZOLE 20/F.C.TAB(P2)
32013147,3201314777,ESOMELODAN 20MG 20/EN.C.TAB(P)
32018627,3201862777,ZANOGLIDE 30/2MG 30/TAB(P)♦
32021227,3202122777,XALATREX 0.005% 2.5ML EYE DROP®(P)●
32021577,3202157777,PRAZOLOSAB 20MG 20/TAB(P)
32026077,3202607777,COLD FREE 20/TAB(P2)∞
32042651,3204265111,DOWNOPRAZOL (20MG/1680MG)6GM 7/SAC(P2)
32046857,3204685777,ESLIZEPINE 400MG 20/TAB(P2)
32053907,3205390777,SAXENDA 6MG/ML(SC)3ML 1/PREF.PEN+®(P)♦
32071037,3207103777,ARTIXIBAN 2.5MG 30/TAB 2PACK+1FREE@(P)♦
32076397,3207639777,TIAPRIDE-CLAVIT.PH.137.9MG30ML)O.SOL(NE
32077677,3207767777,ALPHAGAN P 5ML EYE DROP+(P)●
32088147,3208814777,CONVENTIN XR 600MG 30/F.C.TAB(P)🏴
32098847,3209884777,OMNITAXIME 1G IM/IV-INFU 1/VIAL(P)
32110277,3211027777,MODAZAR 100MG/25MG 8/TAB(P)
32267577,3226757777,BLOCK ALPHA 0.4MG MR 30/CAP(P)
32300177,3230017777,VESICARE 5MG 30/TAB+(P)
32377777,3237777777,LORNOXICAM 8MG 20/TAB(P4)
34135177,3413517777,H-FORMULA 6/SUPP(P)
34185277,3418527777,FUSIDERM 2% 15GM CREAM(P4)
34486877,3448687777,MONTEL 600MG 10/CAP(P)
34523277,3452327777,CERVITAM 20/CAP(P2)
1012127777,1012127777,ZYMOGEN FORT 20/TAB(P)●
1130357777,1130357777,NEO-POL 10ML EYE DROP(P)
3120237777,3120237777,GARAMYCIN▼0.1% 15GM OINT(P4)
3200645777,3200645777,CIPRODIAZOLE 20/F.C.TAB(P2)
3201314777,3201314777,ESOMELODAN 20MG 20/EN.C.TAB(P)
3201862777,3201862777,ZANOGLIDE 30/2MG 30/TAB(P)♦
3202122777,3202122777,XALATREX 0.005% 2.5ML EYE DROP®(P)●
3202157777,3202157777,PRAZOLOSAB 20MG 20/TAB(P)
3202607777,3202607777,COLD FREE 20/TAB(P2)∞
3204265111,3204265111,DOWNOPRAZOL (20MG/1680MG)6GM 7/SAC(P2)
3204685777,3204685777,ESLIZEPINE 400MG 20/TAB(P2)
3205390777,3205390777,SAXENDA 6MG/ML(SC)3ML 1/PREF.PEN+®(P)♦
3207103777,3207103777,ARTIXIBAN 2.5MG 30/TAB 2PACK+1FREE@(P)♦
3207639777,3207639777,TIAPRIDE-CLAVIT.PH.137.9MG30ML)O.SOL(NE
3207767777,3207767777,ALPHAGAN P 5ML EYE DROP+(P)●
3208814777,3208814777,CONVENTIN XR 600MG 30/F.C.TAB(P)⛒
3209884777,3209884777,OMNITAXIME 1G IM/IV-INFU 1/VIAL(P)
3211027777,3211027777,MODAZAR 100MG/25MG 8/TAB(P)
3226757777,3226757777,BLOCK ALPHA 0.4MG MR 30/CAP(P)
3230017777,3230017777,VESICARE 5MG 30/TAB+(P)
3237777777,3237777777,LORNOXICAM 8MG 20/TAB(P4)
3413517777,3413517777,H-FORMULA 6/SUPP(P)
3418527777,3418527777,FUSIDERM 2% 15GM CREAM(P4)
3448687777,3448687777,MONTEL 600MG 10/CAP(P)
3452327777,3452327777,CERVITAM 20/CAP(P2)
196003999719,196003999719,DB READ.GLASS.GREEN(+3.50)/LRP4090\PL#
196003999823,196003999823,DB READ.GLASS.ROSE(+2.50)/LRP3665\PL#
196003999896,196003999896,DB READ.GLASS.PINK(+2.00)/LRB3414\PL#
196007699769,196007699769,DELTA ELBOW SUPPORT (L)\PL▓
196007699787,196007699787,DELTA SOFT COLLAR (L)\PL▓
677443224794,677443224794,MOVE ARCH FLAT FOOT SILI.PEBD./L/MV052▓
952114895511,952114895511,BIOBLAS(A.DAND.SHAMP.200+STYLING CR150@#
4005808816033,262225,NIVEA DRY COMFORT DEOD. F/W 150M#
6221039072038,6221039072038,LUNA MINI NAIL POLISH NO/44#
6222001400311,262148,LIZA ANTI-DANDRAUFF HR CR 150GM#
6224010520066,2706008,AZHA WHITENING SPF(20+) CR 75G#
