1280,1280,TS BURBERRY SPORT E.D.T F/M 75ML
6230,6230,TS LOMANI FANTASTIC F/W EDP 100M
69644,69644,TS STR8 AHEAD EDT F/M 100M
69770,69770,TS ARMAF TRES ALTIN EDP F/W 100M
70206,70206,TS MAYBELLINE LIFTER PLUMP LIP GLOSS/003
102039,102039,FLUVER 30ML SUSP
102196,102196,VEGASKINE 120ML SYRUP
109034,109034,CITROLIN-F 120ML  M. WASH▓
111013,111013,DERMAZIN 30GM CREAM
122503,122503,FRIGG PACIFIER PACK OF 1CROISSA.NIGHT/03
261806,261806,ISIS TILIA 20/PACKETS▓
263888,263888,PERT PLUS HONEY EX.REGULAR SHAM200/190M#
278646,278646,KRYOLAN CAKE MAKE UP EF26
284348,284348,SOOTHING FULL CUSHION (HEAT+MASSAGE)▓
301281,301281,NEUROVIT 20/TAB(P1)
302312,302312,MEFENAM 500MG 10/CAP
306064,306064,INTETRIX 20/CAP
306110,306110,PEPON 30/CAP(P1)
310328,310328,SULFOZINC 10MG/5ML (80ML) SUSP(P1)
320477,320477,LOCARTEN 10GM CREAM
321298,321298,AZATHIOPRINE 50MG 56/TAB.+♦
321306,321306,CARBO-BLAST SUPER PINEAPPLE 1.70KG
321423,321423,SOFT CLEANSER 175ML VAG. DOUCH▓
321579,321579,MAXITOP 60GM CREAM
321874,321874,SILDEN 25MG 10/TAB
322332,322332,DECLOPHEN 12.5MG 5/SUPP®
323249,323249,TRIACOR 5MG 10/TAB+(P1)●
323546,323546,CIPROXIL 1GM 5/TAB
324024,324024,CLEROVATE 0.05% 25GM OINT
325001,325001,TOTY GRAND 120ML SYRUP
340358,340358,ADH DRESSING MEPOR 9X15CM▓
340440,340440,ZYPREXA 5MG 14/TAB.+
340901,340901,#HAEMA-CAPS 14CAP
341230,341230,BONAPEX 5MG 30/TAB.
341403,341403,FASTOFEN 120MG 30/SCOR.F.C.TAB
341476,341476,AMPIFLUX 500MG 12/CAP
341519,341519,URO PLEX 20/CAP
341708,341708,RELESTAT 0.5MG/ML 5ML EYE DROP+
342688,342688,DERMAZAD 20GM CREAM
343236,343236,SALOFALK 500MG 10/TAB♦
344732,344732,SERLIFT 100MG 10/TAB(P1)●
345933,345933,#$FERRO-6 24/S.G.CAP$#
346114,346114,HI-CALM 15ML ORAL DROPS
346705,346705,DOSIN 4MG 20/TAB(P1)
350001,350001,ASPIRIN ADULT 30/TAB !!
350265,350265,SYNTHROID 0.75MG 100/TAB !!
350690,350690,CENTRUM 30/TAB.!!
351024,351024,LOPRESOR 50MG 40/TAB.!!
370155,370155,MIRACLE WRIST BRACE LEFT L  (0041)▓
370371,370371,JASPER KNEE SUPPORT MAGNETIC XL (A401C)▓
411209,411209,VET-FRONTLINE SPRAY F/BEATS 250ML•••
600025,600025,PHARMACEUTICAL PREPARATION (25) ⌂▓
1708098,1708098,JINJA KID.HR ACCESS.1PCS/A-817
1708106,1708106,JINJA KID.HR ACCE.COLLAR VONEKE/HDB-373#
2701612,2701612,NIVEA INVISIBLE B&W DEO.R.ON F/W50M15%@#
2702125,2702125,DOVE HAIR FALL RESCUE SHAMP.2x200M+BAG@
2704039,2704039,AMANDA NUDE LOOK NAIL POLISH/7#
2704196,2704196,AMANDA M.MILANO BLUSH&BEAUTY/02#
2704264,2704264,EASY CLEAN HAND SANITIZER GEL 30ML#
2704310,2704310,ACETODEL REMOV.NIL GEL120M+TALA CR30GM@#
2704534,2704534,TRESEMME EXPERT KERATIN 5*1SHA.500M20%@#
2704581,2704581,CONTROL ADAPTA FINISSIMO 3CONDOMS▓
2705292,2705292,AMANDA LAST&SHINE NAIL POLISH/91#
2705641,2705641,VERDEX(ATOPICA CR 100M+ALBA SERUM 50M)@#
2706367,2706367,STRONG VILLE F/M(LOTION 100+SHAMP.220)@#
2708642,2708642,GENOVE FLUIDBASE K A.DARK CIRC.CR20M20%@
3200385,3200385,MUPIROCIN SAJA 2% 20GM OINTMENT
3200521,3200521,PEPTIC CARE 14/EN.C.TAB(P1)
3200594,3200594,HOSTACORTINE-H 5MG 30/TAB
3200697,3200697,NORMESAR 20MG 30/F.C.TAB
3201096,3201096,#$MYCAMINE 50MG IV 1/VIAL+$#
3201139,3201139,FORTICARE CAPPUCCINO 125ML LIQUID+▓
3201210,3201210,SOD.CHLORIDE 0.9% 500ML IV-INFU/ATECO
3201434,3201434,SERETIDE 25/125µ 120/M.DOS.EVOHA.+(P1)
3201481,3201481,MANNITOL 10% 500ML IV-INFU/ATECO
3201768,3201768,#LYROLIN 50MG 30/HARD GEL CAP
3201993,3201993,FASLODEX 250MG/5ML IM 2/PREF.SYRINGE+®
3202192,3202192,CONJYCLEAR FORT 0.2% 5ML EYE DROP
3202725,3202725,SYCOCETAM 500MG 20/SCOR.F.C.TAB(P1)
3202862,3202862,DELILITE LIGHT.SENS.SK50ML CR/BENOSTAN+▓
3203717,3203717,SIMVA EZE 20/10MG 7/SCOR.TAB
3204657,3204657,PREPAWEST 4/POUCHES 2A+2B /SACH(P1)
3205012,3205012,EMAITOPRIDE 50MG 30/TAB
3205742,3205742,SUNNYPIVACAINE 20MG/4ML 1/AMP
3206004,3206004,BABY STEPS(3)300GM GOTA TODDLE.MK POWD+#
3206215,3206215,ANDOVIT IMMUNE VIT C1000MG 20EXT.RE.TAB▓
3206545,3206545,ANABOLIC MUSCLE STRW.SHAKE 1589G+▓
3206699,3206699,ERTAPENEM PHARCO B INT.1G IM/IV-INF1VIAL
3206783,3206783,SELESTOC 30/F.C.TAB▓
3207021,3207021,RINVOQ 15MG(PROLONGED RE.)30/TAB+(P1)♦
3207094,3207094,VACCINE (MENACTRA) IM 1/VIAL+®(P1)
3207685,3207685,SANSO B COMPLEX (3 STRIP)30/CAP▓
3208293,3208293,CALCIUM 3 20/F.C.TAB▓
3208455,3208455,SERVI LIGHT 60/H.G.CAP▓
3208864,3208864,TRESOLYSE ORANGE FLAV.120ML SYRUP▓
3208910,3208910,UTOPIACOLD(COLD&COUGH)ORANGE&MINT 6/SACH
3209184,3209184,CHARCLONE ADVANCE 30/H.G.CAP▓
3209395,3209395,BAVENCIO 200MG/10ML INFU 1/VIAL+®♦
3209562,3209562,KARTITO PINEAPPLE FLAV. 10/SACH▓
3210072,3210072,COXORIZET 60MG 20/F.C.TAB
3211145,3211145,RASTIGLO 10MG 20/F.C.TAB
3211299,3211299,SENSOTECT 50GM T.PASTE GEL▓
3211383,3211383,FASTMOVE 7% COOLING 200ML SPRAY▓
3211404,3211404,SOFI LIFE KIDS VIT MULTIV.100/CHEW.TAB+▓
3211615,3211615,DAVALINDI 200000IU/IML IM 2/AMP
3212038,3212038,PREGNACARE PLUS (OMEGA-3) 56/TAB/CAP▓
3212269,3212269,MELATOSOVA 30/FAST DISS.TAB▓
3212320,3212320,DAPAGLOZNAL 10M 28/F.C.TAB
3212470,3212470,ROSUVAMIB 10/10 30/F.C.TAB
3212544,3212544,TRIPLIXAM 10MG/2.5MG/10MG 30/F.C.TAB
3500146,3500146,PANTOVIGAR 150/CAP!!
3600280,3600280,ZINC IN OLIVE OIL 30% ⌂▓
3701279,3701279,SMART SHAKE BOT.(WHITE BODY&BLUE CAP)▓
3701323,3701323,FIRST AID CABINET/METAL▓
3701406,3701406,ITA-MED THIGH HIGHS(SIL/XXL)/H-306(O)BE▓
3701473,3701473,MERCURIAL SPHYGMOMANOMETER RIESTER/1002▓
3701598,3701598,P.BIDET(SHATTAF)600ML D.BLUE/SMART BUZZ▓
3701860,3701860,AQUACEL AG FOAM(N/ADH)20X20CM 5/UNIT▓
3701929,3701929,W.H.P.M.URINE DRUG TEST DIP CARD/M.DRUG▓
3702124,3702124,PLASTER PIC CLASSIC MIX ANTI-BAC.20PCS▓
3702191,3702191,DIABETIC SHOES SPORT MOVE(ORTHOMED.)(42▓
3702418,3702418,HEALTH PLAST CORN PLASTERS 6/PCS▓
3702586,3702586,PROTECTIVE COVERALL (3M)/4530▓
3703149,3703149,GIFT SEKOUN PAIN RELIEF PERIOD PATCHE▓
10304377,1030437777,MINOPHYLLINE 125MG INF. 5/SUPP(P)●
19600104,19600104,X-STORE-LAYAWAY-RESTOCKING FEES
32015187,3201518777,FEBURIC 120MG 10/F.C.TAB(P2)●
32016407,3201640777,SWIXOLATE 10MG/ML 10ML EYE DROP(P)
32020077,3202007777,VICTOZA 6MG/ML(SC)3ML 2/PREF.PEN+®(P)♦
32024587,3202458777,HEPATO-FORTE 30/CAP(P)
32030977,3203097777,SAIZEN 6MG(5.83MG/ML)1.03M1/PENFILL+®(P)
32031567,3203156777,JUSTECHOL 20MG 28/F.C.TAB(P)
32034627,3203462777,BIOGLITA PLUS 15/850MG 30/F.C.TAB(P)♦
32036067,3203606777,ERASTAPEX CO 40MG/10MG 30/F.C.TAB(P)●
32038537,3203853777,IBRANCE 125MG 21/TAB+(P)●♦
32054027,3205402777,DAPAVELDACTIN PLUS 5MG/850MG 28/TAB(P)♦
32058777,3205877777,CONTROLOC 20MG 14/TAB+(P2)
32069737,3206973777,ETORICOX-HEXAL 60MG 30/F.C.TAB+(P)
32072337,3207233777,ACTI-FOLIC 1MG 30/TAB(P)
32088141,3208814111,CONVENTIN XR 600MG 30/F.C.TAB(P1)🏴
32099587,3209958777,OLANVEXA 5MG 30/O.DISINT.TAB(P)
32213077,3221307777,DIABETONORM 45MG 15/TAB(P)
32266077,3226607777,EXAMIDE 20MG 20/TAB(P2)●
32294977,3229497777,TORSERETIC 20MG 30/TAB(P2)
32333577,3233357777,SPASMOFREE 50MG 20/TAB(P2)
32382177,3238217777,MAALOX PLUS 40/CHEW.TAB+(P)
34212177,3421217777,DALACIN▼C 600MG/4ML 1/AMP+(P2)
34419277,3441927777,ZOMETA 4MG 1/VIAL+(P)♦
34426077,3442607777,PANTOLOC 20MG 14/TAB(P)
1030437777,1030437777,MINOPHYLLINE 125MG INF. 5/SUPP(P)●
3201518777,3201518777,FEBURIC 120MG 10/F.C.TAB(P2)●
3201640777,3201640777,SWIXOLATE 10MG/ML 10ML EYE DROP(P)
3201862111,3201862111,ZANOGLIDE 30/2MG 30/TAB(P2)♦
3202007777,3202007777,VICTOZA 6MG/ML(SC)3ML 2/PREF.PEN+®(P)♦
3202458777,3202458777,HEPATO-FORTE 30/CAP(P)
3203097777,3203097777,SAIZEN 6MG(5.83MG/ML)1.03M1/PENFILL+®(P)
3203156777,3203156777,JUSTECHOL 20MG 28/F.C.TAB(P)
3203462777,3203462777,BIOGLITA PLUS 15/850MG 30/F.C.TAB(P)♦
3203606777,3203606777,ERASTAPEX CO 40MG/10MG 30/F.C.TAB(P)●
3203853777,3203853777,IBRANCE 125MG 21/TAB+(P)●♦
3205390111,3205390111,SAXENDA 6MG/ML(SC)3ML 1/PREF.PEN+®(P1)♦
3205402777,3205402777,DAPAVELDACTIN PLUS 5MG/850MG 28/TAB(P)♦
3205877777,3205877777,CONTROLOC 20MG 14/TAB+(P2)
3206973777,3206973777,ETORICOX-HEXAL 60MG 30/F.C.TAB+(P)
3207233777,3207233777,ACTI-FOLIC 1MG 30/TAB(P)
3208814111,3208814111,CONVENTIN▼XR 600MG 30/F.C.TAB(P1)⛒
3209958777,3209958777,OLANVEXA 5MG 30/O.DISINT.TAB(P)
3221307777,3221307777,DIABETONORM 45MG 15/TAB(P)
3226607777,3226607777,EXAMIDE 20MG 20/TAB(P2)●
3229497777,3229497777,TORSERETIC 20MG 30/TAB(P2)
3233357777,3233357777,SPASMOFREE 50MG 20/TAB(P2)
3238217777,3238217777,MAALOX PLUS 40/CHEW.TAB+(P)
3421217777,3421217777,DALACIN▼C 600MG/4ML 1/AMP+(P2)
3441927777,3441927777,ZOMETA 4MG 1/VIAL+(P)♦
3442607777,3442607777,PANTOLOC 20MG 14/TAB(P)
196003999821,196003999821,DB READ.GLASS.ROSE(+3.50)/LRP3665\PL#
196003999894,196003999894,DB READ.GLASS.PINK(+3.00)/LRB3414\PL#
196007699785,196007699785,DELTA SOFT COLLAR (S)\PL▓
677443224796,677443224796,MOVE TOE SEPARATOR/S/MV055▓
5013965575488,263888,PERT PLUS HONEY EX.REGULAR SHAM200/190M#
6281031262061,263888,PERT PLUS HONEY EX.REGULAR SHAM200/190M#
8889264,8889264,STICKER (POTASSIUM CHLORIDE SYRUP) (OLD)
