6250,6250,TS BOSS HUGO MAVIE INTENSE EDP F/W 75M
22809,22809,FRIGG DAISY SILI.PACIF.BABY PINK 6-18 M#
69710,69710,TS C.HERRERA212VIP B.P.EXTRA EDP F/M100M
69927,69927,TS MAYBELLINE SUPER STAY MATTE INK/180
101313,101313,LAXIN 10MG 20/TAB
200346,200346,ALOE EVA HR CR W/ALOE VERA 100/85G
201169,201169,COZAAR 50MG 14/TAB.+
280733,280733,KRYOLAN TV PAINT STICK 10N#
283196,283196,AMANDA MASCARA DOUBLE BLACK#
283202,283202,TRI TECT ANTI SPTIC SOAP 100G#
283318,283318,HERO BABY MIXED FRUITS JUICE 6M 130ML+#
283541,283541,IM IN LOVE LIP EYE BLUSH NO/19#
284588,284588,AMANDA LIP LINER SOFT /4
284940,284940,VENUS CONTRO CREAM LIFTING EFFETTO 50ML#
301470,301470,ZOCOR 20MG 7/TAB
302336,302336,CARVID 6.25MG 20/TAB(P1)
306084,306084,AMOXIL 500MG 12/CAP
310094,310094,TRADOCAN FORTE 8MG 20/LOZENGE▓
312562,312562,VEXOL 1% 5ML EYE DROP.+
321263,321263,DONHIMER 5MG 30/TAB
321397,321397,HYPOL 1000MG 20/GEL.CAP
323423,323423,RAMIXOLE 0.25MG 10/TAB
340015,340015,CEFORAN 500MG 1/VIAL
340198,340198,HAEMOKION 10MG/1ML 3/AMP
340420,340420,RILUTEK▼50MG 56/TAB.+
340921,340921,INFANT CARE MULTI VIT. DROPS+
340954,340954,APTAMIL PRONUTRA 2 400GM MILK POWDER+#
341250,341250,ROBO VIT 20/TAB
343560,343560,SURGICAL BLADES (CHINA)▓
344789,344789,CONVATEC SUR-FIT FLEX 38MM 5P▓
346088,346088,MEDI MIX 8/SACH▓
346527,346527,RAPIDUS 50MG 20/TAB+(P1)
350704,350704,FLAGYL 500MG 14/TAB.!!
350771,350771,TRANDATE 100MG 56/TAB !!
351417,351417,PRIADEL 400MG 100/TAB!!
354263,354263,CRESTOR 10MG 28/TAB.!!
370290,370290,JASPER OPEN ANKLE SUPPORT  L (1006)▓
370324,370324,JASPER KNEE WITH 2SP  XL (N005J)▓
370351,370351,JASPER SOFT KNEE SUPPORT M (ET005)▓
1708063,1708063,JINJA KID.HR ACCES.GLITER 1PCS/HCL-289
1803038,1803038,JINJA CARIZ.HAND ACCES.1PCS/DBR-921
2702105,2702105,SUNSILK HR FALL SOLU.SHAMP.400M+OIL75@
2702978,2702978,ULTRA MIX CR F/ACNE PRONE SKIN 60GM#
2703999,2703999,CONTENTO ANTI HAIR LOSS SHAMPOO 150M#
2704107,2704107,AMANDA LAST&SHINE NOIR NAIL POLISH/168#
2704284,2704284,DESIO SENSU.BEAUTY LENSES JUNGLE FEVER#
2705405,2705405,G.K SHAM+TH.STYLER+SERUM+D.COND.+BRUSH@#
2705579,2705579,GIFT NEUTROGENA MUG#
2705661,2705661,DUREX PLEASURE ME CONDOMS 12+3PCS@▓
2708666,2708666,MAA ALTHAHAB FRUITY N135 B.SP.F/W 150M#
2708712,2708712,INNOX HR SP.F/A.HR TYPES100M#
2708785,2708785,NEBULA S.SCREEN GEL SPF(50) 75M#
3200219,3200219,CONA-ADION 10MG 100/CHEW.TAB
3200286,3200286,LUNA STREPS SUGAR FREE PEPPERMINT 12LOZ▓
3200332,3200332,CLOPIDOGREL 75MG 10/TAB
3200408,3200408,ORION 50ML LENSES SOLUTION+#
3200501,3200501,SWEET N LOW SWEETENER 300/TAB+▓
3200574,3200574,CANCIDAS 70MG IV 1/VIAL+®#
3201007,3201007,ALFACARENO 2µ/ML(10ML)ORAL DROP®(P1)
3201270,3201270,COLOVATIL (25MG/100MG) 30/F.C.TAB(P1)
3201793,3201793,SMECTA 20% (CARAMEL FLAV.) 120ML SUSP
3201869,3201869,CRESTATIN 10MG 10/F.C.TAB
3201977,3201977,GLOBAZURE 300MG 20/H.G.CAP©
3202129,3202129,FIBRO(DIETARY FIBERS)ORANGE FLAV.26/SACH
3202514,3202514,KEMIRICA 50MG 30/CAP©
3202561,3202561,#$TRAVERIA 200MG 10/F.C.TAB$#●
3202679,3202679,AMIGRAINE (1+100+300)MG 30/F.C.TAB(P3)
3202705,3202705,TREATO-ULC(20MG+1100MG) 14/CAP(P3)
3202792,3202792,TAV-DU (40µ/ML+5MG/ML) 2.5ML EYE DROP
3202846,3202846,KEVORK 500MG 5/F.C.TAB
3202972,3202972,SWISSLAC 1 400GM MILK POW/TAHYA MISR+#
3203306,3203306,#$ULSOREST 100MG 20/F.C.TAB)$#
3203399,3203399,FLUIRES (2Y+) 65ML NASAL SPRAY+▓
3204743,3204743,FERROFORT 24/CHEW.TAB
3205036,3205036,ZEELORAS 300MG 30/F.C.TAB
3205528,3205528,PHENADONE 100ML SYRUP(P3)
3205612,3205612,CONJU 10/SAC
3205685,3205685,LIPOFUNDIN MCT/LCT 20% 500ML IV-INFU+®
3205766,3205766,PIVASTALO 2MG 28/F.C.TAB
3206091,3206091,BABY ZINC OLIVE 60ML LOTION
3206235,3206235,ROSCOGEN 10/SACH▓
3206459,3206459,SMART COUGH 120ML SYRUP▓
3206565,3206565,ADWISTADINE 7.5MG 30/F.C.TAB
3206767,3206767,ANGIOFOX 20MG 20/SCOR.TAB (P1)
3207001,3207001,LEPTOPRENOL 500MG(CONTROLL.RE)20/F.C.TAB
3207074,3207074,VOFIN 60G MASSAGE CREAM▓
3207108,3207108,VIGORAMA 100MG 4/SCOR.F.C.TAB
3207632,3207632,ALGANOVO 50GM MASSAGE GEL▓
3207719,3207719,L.C PLUS DROPS 5ML O.DROP SUSP▓
3207786,3207786,SWEET&SLIM STEVIA NO CAL.SWEETENER 250G▓
3208369,3208369,DYMATIZE ISO 100 COCOA PEBBLES 2.3KG+▓
3208475,3208475,SUNSEIZ 500MG 30/SCOR.F.C.TAB
3208624,3208624,BIOTIN 10000µ 60/F.C.TAB (SIGMA TAU)▓
3208790,3208790,VONALEI INTIMATE CLEANSING FOAM 40ML+▓
3208884,3208884,SOFTMINA8001UNDER KNEE CCL2AD(L)BEIGE▓
3208970,3208970,NAPIZOLE 40MG (DELAY RE.) 14/H.G.CAP
3209164,3209164,DAPILART 10MG 14/F.C.TAB♦
3209278,3209278,ROSYOK 30/F.C.TAB▓
3209322,3209322,MACLAVEX 625MG 12/F.C.TAB
3209472,3209472,VIGOTON PLUS 20/S.G.CAP▓
3209546,3209546,ALIVE MENS 50/TAB+▓
3209814,3209814,TOFAXA 5MG 60/F.C.TAB♦
3210056,3210056,S-26 GOLD (3) 2-FL 400GM MILK POWD.+
3210342,3210342,CALFOOD D3 30/F.C.TAB▓
3211059,3211059,STOPADOL XR JOINT 650MG 30/BI-LAYER TAB
3211165,3211165,SMILEY FOX KIDS M.VIT.STRAW.120/GUMMIES▓
3211635,3211635,DOZOVA ASHWAGANDHA(KSM66)30H.G.CAP▓
3211802,3211802,OSIMERTINIB-EVAPHARMA 80MG 30/F.C.TAB♦
3211895,3211895,DICLOPRO K(2G/SAC)50MG GRANULES 30/SACH
3211918,3211918,MYOCTA PLUS 30/F.C.TAB▓
3212340,3212340,VENTASTHMA 10MG 14/F.C.TAB
3212410,3212410,VILATRIPLO 200/625/25μ 60/INH.DOSE+
3601018,3601018,POVIDONE IODINE 10% 30GM OINT⌂▓
3700289,3700289,SOFT CARE FULL L.SILIC.INSOLE(44)SI500D▓
3701497,3701497,MAXAR WRIST SPLINT+THUMB(M)L/WRS203▓
3701563,3701563,COOLING GEL COOL DOWN(CHILD/AD.)4/SHEET▓
3702030,3702030,FLAMINGO KNEE CAP (1/PAIR)S/OC2013▓
3702517,3702517,BIATAIN IBU NON-ADHESIVE(15X15)5PC/4115▓
30238777,3023877777,ISOTRETINOIN 10MG 10/CAP(P)♦
30309477,3030947777,MICARDIS PLUS 80MG/12.50MG 28/TAB+(P)
32031077,3203107777,TRYPTIZOL 10MG 100/TAB (5STRIPS)(P)●
32036577,3203657777,PRESSVAL PLUS 160/12.5MG 30/F.C.TAB(P)
32043357,3204335777,DIAMICRON 60MR 30/SCOR.TAB(P2)●♦
32054267,3205426777,NASHILIV 10MG 20/F.C.TAB(P)
32058137,3205813777,RECORMON▼4000IU/0.3ML 6/PRE.SYR.+®(P2)
32069977,3206997777,PLENDIL▼5MG 30/TAB(3STRIPS)(P)
32371977,3237197777,RAMIXOLE 0.25MG 30/TAB(P)
34372277,3437227777,CRESTOR 10MG 7/TAB(P)
81113355,81113355,TS HUGO BOSS F/M E.D.T 150ML
3023877777,3023877777,ISOTRETINOIN 10MG 10/CAP(P)♦
3030947777,3030947777,MICARDIS PLUS 80MG/12.50MG 28/TAB+(P)
3203107777,3203107777,TRYPTIZOL 10MG 100/TAB (5STRIPS)(P)●
3203657777,3203657777,PRESSVAL PLUS 160/12.5MG 30/F.C.TAB(P)
3204335777,3204335777,DIAMICRON 60MR 30/SCOR.TAB(P2)●♦
3205426777,3205426777,NASHILIV 10MG 20/F.C.TAB(P)
3205813777,3205813777,RECORMON▼4000IU/0.3ML 6/PRE.SYR.+®(P2)
3206997777,3206997777,PLENDIL▼5MG 30/TAB(3STRIPS)(P)
3237197777,3237197777,RAMIXOLE▼0.25MG 30/TAB(P)
3437227777,3437227777,CRESTOR 10MG 7/TAB(P)
196002899999,196002899999,COTTON SWABS H.QUALIT.BABY45PCS/1001\PL#
196003999742,196003999742,DB READ.GLASS.BLUE(+3.00)/PC816\PL#
196003999801,196003999801,DB READ.GLASS.RED(+1.50)/LRP3926\PL#
196003999874,196003999874,DB READ.GLASS.BLACK(+1.00)/LRP3941\PL#
196003999908,196003999908,DB READ.GLASS.BLUE(+2.00)/LRB3414\PL#
196007699732,196007699732,DELTA OPEN KNEE SUPPORT (M)\PL▓
196009250997,196009250997,MARKETING GIFT BAG
677443221858,677443221858,MOVE ANKLE BRACE/S▓
6223001386469,200346,ALOE EVA HR CR W/ALOE VERA 100/85G
