7,7,TS BEVERLY HILLS P.C.CLASSIC EDT F/M100M
810,810,BAG LE24.5#
69604,69604,TS K.S.MARTIN PERFUM D'OR EDT F/M 100M
104011,104011,#$FOLONE 5MG/1ML  5/AMP$#
200465,200465,LUNA H2O2 10 VOL.100ML#
260258,260258,CLORETS GUM 2PCS▓
281718,281718,ALWAYS FRESH ULTRA SUPER WINGS PAD2X7PC#
282016,282016,CLORETS GUM ALL TYPE 100PCS▓
282746,282746,GRACEFULL SPORT SHORT LE125▓
284454,284454,SOMANG KERATIN SILK PROT.HR MILK.ES500M#
284520,284520,KRYOLAN BRUSH MAKEUP /3810#
285343,285343,PALETTE INTENSIVE COLOR NO/1.0+GLISS @
301274,301274,TRIOVLAR TAB
301340,301340,AMRASE 30/TAB
302042,302042,DUPHALAC 120ML SYRUP
303038,303038,GLYCERIN AD. 5/SUPP PHARCO(P1)
310034,310034,LETS COMPOUND(BOOK).
310089,310089,VENOSAN 102 COTTON  AF CCL2 3XL▓
320323,320323,STERILUX 7.5CMX7.5CM.#▓
320428,320428,URSODIOL 250MG 20/CAP
322417,322417,AMILO MIX 7/SACH
322462,322462,NEEDLE BURNER&SYRINGE DESTROYER.#▓
322783,322783,KEMAGRA 75MG 2gift+2TAB
322963,322963,ZADEMA 20GM GEL.
340130,340130,GENTAMYTREX 0.3% 5ML EYE DROP
340660,340660,MAJESTIC EXTRA VIT 20/CAP+
340875,340875,APIGENT 0.3% EYE/EAR DROP
342473,342473,ALPHAGAN 0.2% 5ML EYE DROP+●
342587,342587,VIRACURE 200MG 12/CAP
344017,344017,MIXDERM 15GM CREAM(P3)
344062,344062,METOGRAINE 20/TAB
344088,344088,MAGNESIUM SULFATE 1GM 50/AMP (EPICO)♦
345173,345173,BABYRHINO 100ML SYRUP
346154,346154,INDOLOL 40MG 50/TAB
347005,347005,CARE SOFT COLLAR (XXL)▓
350351,350351,ALKERAN 50MG 1VIAL 10ML!!
350719,350719,PREPARATION H 12/SUPP !!
358632,358632,ISOPTIN SR 240MG 20/TAB.!!
370010,370010,MIRACLE RIB BELT FEMALE S (0015)▓
370339,370339,JASPER KNEE BRACE XXL (1005C)▓
370384,370384,JASPER LUMBAR SUPP DOUB 2SP XXL (JL008)▓
370601,370601,OXYGEN MASK NASAL CHILD▓
1803025,1803025,JINJA KIDS SUN GLASSES/J5186-2
2701191,2701191,GIFT AVENT
2701537,2701537,GIFT ADORE LENSES SOLU.100M
2702741,2702741,PURE ULTRA NOSE ON ROSE 10PCS*3@
2703427,2703427,CREDO HR CARE HR TONING CR 100G#
2703690,2703690,TRUE HAND SANITIZER GEL STRAWBERRIES75M#
2704224,2704224,BABYGO MOSQUITO REPELLENT CLIP 1PC/BG018
2705609,2705609,MILO BABY(LOT.250M+DIAPER RASH CR 60G)@
2706338,2706338,TOLA HAIR OIL REPLACEMENT 2X100M 1+50%@#
2706626,2706626,BIONIKE JONICAP A.HR LO.F/W 12X6M1+50%@#
2708691,2708691,NEBULA HR SERUM A.FRIZZ 100M
3200271,3200271,ALKAPRESS▼PLUS 5/160MG 14/TAB(P1)●
3200415,3200415,ALBA 50GM CREAM
3200569,3200569,LIFE ANTIOXIDANT 25/SACH▓
3200622,3200622,#LETROZOLE 2.5MG 10/TAB.+
3200657,3200657,ROYAL CHAMOMILE 20/BAGS▓
3200846,3200846,ANGIOSARTAN PLUS 20/12.5MG 14/F.C.TAB
3201324,3201324,CO-VASOTEC 160/12.5MG 14/F.C.TAB
3201399,3201399,GENAROSE ELITE INTIMATE FEM.WASH 200ML▓
3201540,3201540,ALLEAR2.5MG/5ML 120ML ORAL SOLUT.(P1)
3202400,3202400,WET LIGHT(LUBRICANT) 100GM LIQ.+▓
3202509,3202509,#PANTOPI 40MG 14/E.C.TAB
3202611,3202611,AUGISPOV400+OLYSIO150(28+28)F.C.TAB+CAP@
3203076,3203076,COLIXIN 1M.I.U. 10ML 1/VIAL+%%
3203748,3203748,SUGARLO 50MG 10/TAB●
3203902,3203902,NOREPEZIL 10MG 30/F.C.TAB
3203977,3203977,NEXICURE 40MG 20/F.C.TAB(P3)
3204503,3204503,ERRIRA (3GM/SACH) 10/SACH▓
3204608,3204608,STOMOPRAL 20MG 14/CAP
3204697,3204697,#$BUTACID 10MG 20/SUGAR C.TAB$#
3204936,3204936,SYLTAG (ORANGE FLAV.) 5GM 30/SACH▓
3205166,3205166,C ZINC 30/H.G.CAP▓
3205337,3205337,MINNA OMEGA 3 F/KIDS 120/GUMMY▓
3205342,3205342,STOPADOL 500MG 20/CAPLET
3205535,3205535,IMMUFERRIN 30/H.G.CAP▓
3205580,3205580,ROYAFLOXACIN 500MG 10/SCOR.F.C.TAB
3205791,3205791,FPI-ZINC 50MG 30/H.G.CAP▓
3205896,3205896,MOVELEX 50GM MASSAGE CREAM▓
3206044,3206044,GENEFAT BURNER 60/TAB▓
3206350,3206350,CERELAC F.S.5CE.QU.BAN.R.&PRUNE(6+)250G#
3206431,3206431,LIMITLESS ALLZYME MAX 20/E.C.TAB▓
3207069,3207069,ELBALURAN 120MG 30/F.C.TAB
3207115,3207115,PURITANS P.E-268MG(400IU)100/R.R.S.GEL+▓
3207322,3207322,CARBIDOPA/LEVODOPA-EVA.25MG/250MG 20/TAB
3207357,3207357,STAVROMINE 60/H.G.CAP▓
3207771,3207771,GLAPTIVIA 100MG 30/F.C.TAB♦
3207872,3207872,ZEMYLAISE MANDARIN FLA.120ML SYRUP▓
3207898,3207898,REVIVODERM (1%+0.2%)60GM CREAM(P1)
3208510,3208510,FERONOZAM▼30/H.G.CAP▓
3208639,3208639,COSIMPREL 5MG/10MG 15/F.C.TAB
3208684,3208684,TUNO▼Q 10 30/H.G.CAP▓
3208824,3208824,TROPIRESTEN 5MG/5ML IV-INFU 5/AMP
3208899,3208899,TEMPGEL COLOR CHANG.FEVER(CHILD/AD)4/PC▓
3209012,3209012,STAMIGEN▼30/CAP+▓
3209179,3209179,PHARMAVILDAMIN 50MG/850MG 30/F.C.TAB♦
3209265,3209265,TRYPSALIN PLUS 20/E.C.TAB▓●
3209809,3209809,ZOFRAN▼8MG/4ML IV/IM/IV-INFU 8/AMP+
3209900,3209900,REXOZOLEX 2MG 20/F.C.TAB
3210146,3210146,STRIACLEAR▼30ML ANTI STRETCH MARKS OIL▓
3210472,3210472,SUREPAL 15 (OMNITROP PEN) 1/PEN+
3210498,3210498,NEXICURE 2.5MG 28/SACH
3210616,3210616,PROPOLIS C 25ML ORAL SPRAY▓
3211444,3211444,CONJYCLEAR 0.7% 2.5ML EYE DROP SOLUTION
3211750,3211750,PREFECT MOVE 30/F.C.TAB▓
3211905,3211905,ANGIGUARD 500MG 60/EX.RE.F.C.TAB
3212504,3212504,MULTICARE VIT B-COMPLEX 30/O.D.FILM▓
3500818,3500818,SPEAK+D PURE OIL(L.LEMON) 90ML LIQUID!!
3500973,3500973,VITAMIN C +ZINC(1000MG+15MG)20/EFF.TAB!!
3501233,3501233,NOW EVE SUPER.WOMENS MULTI 120/VEG.CAP!!
3601005,3601005,PODOPHYLLINE 25%IN TINC.BENZOIN10ML⌂▓
3700306,3700306,I-M CLAVICLE SUPPORT OH-115 (S)▓
3700588,3700588,PHARMA FINGER SPLINT (XL)▓
3702164,3702164,DIABETIC SHOES MOVE(ORTHOMED.)(37)▓
3702670,3702670,SAFETY FACE SHIELD W\GLASSES\EX▓
26087477,2608747777,COLLOMAK 10ML SOLUTION(P2)
30502577,3050257777,CLAFORAN 0.5GM 1/VIAL(P)
32001487,3200148777,NASONEX 0.05% NASAL SPRAY+(P2)
32004307,3200430777,LELIPEL 4MG 14/SACH.(P2)
32018247,3201824777,NOVOMIX30 100U/ML 3ML X5FLEXPEN+®(P2)♦
32020587,3202058777,CYANARO 1% 2.5ML EYE DROP(P2)
32021647,3202164777,FUCICORT (20MG+1MG)/1GM 20GM CREAM(P2)
32024907,3202490777,GLIPTUS PLUS 50/850MG 30/F.C.TAB(P2)♦
32026347,3202634777,NERVAGAB 75MG 30/H.G.CAP©(P)
32049177,3204917777,ULCEZOLE 60MG 20/DE.RE.H.G.CAP(P)
32051477,3205147777,TUDASIDONE 80MG 20/F.C.TAB(P)
32057237,3205723777,AUGRAM 228.5MG/5ML(60ML)SUSP(P2)
32071457,3207145777,BRIVAFUTAL 50MG 30/F.C.TAB(P)
32218977,3221897777,CARBOTINOL150MG(CARBOPLATIN)1/VIAL+®(P)♦
32226077,3222607777,MESTINON 60MG 150/TAB+(P2)
32271877,3227187777,GAPTIN 400MG 30/CAP(P2)🏴
32294577,3229457777,FASTEL 180MG 10/TAB(P)
32310677,3231067777,RINGERS 500ML INFU.(ALMOTTAH)(P2)
32333977,3233397777,FLEXPRO EXTRA 20/TAB(P)
32987477,3298747777,T4-THYRO▼100µ 100/TAB(P)
34431877,3443187777,NONOO WATER 120ML SYRUP(P2)
34515577,3451557777,CLOPIXOL DEPOT 200MG 10/AMP+(P)
99999147,99999147,BARAVAN FOR EXAMINATION BED W/PLASTIC▓
2608747777,2608747777,COLLOMAK 10ML SOLUTION(P2)
3050257777,3050257777,CLAFORAN 0.5GM 1/VIAL(P)
3200148777,3200148777,NASONEX 0.05% NASAL SPRAY+(P2)
3200430777,3200430777,LELIPEL 4MG 14/SACH.(P2)
3201824777,3201824777,NOVOMIX30 100U/ML 3ML X5FLEXPEN+®(P2)♦
3202058777,3202058777,CYANARO 1% 2.5ML EYE DROP(P2)
3202164777,3202164777,FUCICORT (20MG+1MG)/1GM 20GM CREAM(P2)
3202490777,3202490777,GLIPTUS PLUS 50/850MG 30/F.C.TAB(P2)♦
3202634777,3202634777,NERVAGAB 75MG 30/H.G.CAP©(P)
3204917777,3204917777,ULCEZOLE 60MG 20/DE.RE.H.G.CAP(P)
3205147777,3205147777,TUDASIDONE 80MG 20/F.C.TAB(P)
3205723777,3205723777,AUGRAM 228.5MG/5ML(60ML)SUSP(P2)
3207145777,3207145777,BRIVAFUTAL 50MG 30/F.C.TAB(P)
3221897777,3221897777,CARBOTINOL150MG(CARBOPLATIN)1/VIAL+®(P)♦
3222607777,3222607777,MESTINON 60MG 150/TAB+(P2)
3227187777,3227187777,GAPTIN 400MG 30/CAP(P2)⛒
3229457777,3229457777,FASTEL 180MG 10/TAB(P)
3231067777,3231067777,RINGERS 500ML INFU.(ALMOTTAH)(P2)
3233397777,3233397777,FLEXPRO EXTRA 20/TAB(P)
3298747777,3298747777,T4-THYRO▼100µ 100/TAB(P)
3443187777,3443187777,NONOO WATER 120ML SYRUP(P2)
3451557777,3451557777,CLOPIXOL DEPOT 200MG 10/AMP+(P)
196003999869,196003999869,DB READ.GLASS.BLACK(+3.50)/LRP3941\PL#
196003999915,196003999915,DB READ.GLASS.GREEN(+1.50)/PC815\PL#
196007699907,196007699907,COMFY FOAM SHORTS(L)\PL▓#
196007699998,196007699998,RELAXO SITTING RING\PL▓
677443221135,677443221135,MOVE ABDOMINAL BELT/3XL/MV020▓
733739037985,3501233,NOW EVE SUPER.WOMENS MULTI 120/VEG.CAP!!
737052549942,737052549942,HUGO BOSS NUIT EDP F/W 75M
737052549972,737052549942,HUGO BOSS NUIT EDP F/W 75M
6224002842046,2708691,NEBULA HR SERUM A.FRIZZ 100M
6224008808220,3208899,TEMPGEL COLOR CHANG.FEVER(CHILD/AD)4/PC▓
