1111,1111,SOFT BALL MASSAGE LE5.5▓
6235,6235,TS LOMANI NEW TOWN CASUAL F/M EDT 100M
6288,6288,TS CHANCES GORODAN ROUGE EDP F/W 50M
69641,69641,TS FERRAGAMO AMO FLOWERFUL EDT F/W 100M
69775,69775,TS ARMAF LA ROSA EDP F/W 100M
69959,69959,TS MAA ALTHAHAB SPICY R179 EDP F/M 50M
70203,70203,TS MAYBELLINE LIFTER PLUMP LIP GLOSS/008
105057,105057,CEFAZONE 1GM 1/VIAL(P1)
109031,109031,RHEUMA REST 50ML SOLUTION
201096,201096,YOMESAN 0.5GM 4/TAB
282677,282677,KRYOLAN  ULTRA FLUID FOUND W03 (9130)#
284738,284738,MEDAVITA ORGANICO SHAMP. 250M#
284925,284925,BEURER MECHANICAL BATHROOM SCALE/MS01B#▓
285023,285023,LUNNER CREAM UNIQUE F\SKIN LIGHTEN 50GM
301231,301231,CARBIMAZOL 50/TAB(P3)
301284,301284,SOFENACIN 10MG 20/TAB(P1)●
310071,310071,ALLEVO 5MG 20/TAB.
321303,321303,CLINSO 125ML VAG. DOUCHE▓
321376,321376,EPHEDRINE 25MG/1ML(SC/IM/IV)1/AMP(MISR)
321426,321426,PSYCHODAL 1MG 30/TAB
321453,321453,KAST 10MG 14/TAB
322337,322337,GENMYCIN 0.3% 15GM OINT
323536,323536,BECLO 200 DOSE NASAL SPRAY
323543,323543,OMNICEF 125MG (40ML) SUSP+(P1)
340030,340030,TENSOLOL 100MG 20/TAB
340229,340229,MAGNESIUM SULFATE 25ML 1/AMP (OTSUKA)
340445,340445,GEMZAR 200MG 1/VIAL+(P1)♦
340751,340751,ORIPLEX 30/TAB
341235,341235,ALDACTONE 100MG 20/TAB●
341406,341406,AVALOX 400MG 5/TAB+
342542,342542,FAMOTIN 40MG 20/TAB(P3)
343233,343233,CARE UMBILICAL HERNIA BELT(XL)CHILD▓
346559,346559,KLARIMIX 500MG 14/TAB
346700,346700,PEDIASURE CHOCO.400GM MILK POWD.+
350754,350754,NIGHT NURSE 10/CAP!!
351021,351021,BEPANTHENE 100MG 60/TAB!!
370150,370150,MIRACLE WRIST THUMB SUPP RIGHT XL(0045)▓
370248,370248,MAXAR ANKLE SUPPORT COTTON(M)/BAN301▓
370374,370374,JASPER THIGH SUPPORT L (ET004)▓
370518,370518,CATHETER NELTON 6  INFANT LIGHT GREEN▓
600020,600020,PHARMACEUTICAL PREPARATION (20) ⌂▓
1708103,1708103,JINJA KID.HR ACCES.BEI.2PCS/HCL-282
2702120,2702120,GIFT RUNWAY
2703927,2703927,DOVE INTENSI.RESC.SHAM.400+CR SHOW.250@
2704179,2704179,AMANDA EXTRA VOLUME LIPGLOSS/12#
2704193,2704193,AMANDA DREAM BLUSHER/144#
2704261,2704261,GIFT BOURJOIS MAKEUP BAG
2704315,2704315,DESIO ATTITUDE ONE DAY C.C.LENS ROM.BLUE
2704531,2704531,G.K BALANCING (SHAMP.+CONDITIONER)300M@#
2704584,2704584,CONTROL ADAPTA FORTE 3CONDOMS▓
2705297,2705297,AMANDA LAST&SHINE NAIL POLISH/95#
2705420,2705420,GIFT PARKVILL SCRATCH & WIN CARD#
2706362,2706362,GIFT GARNIER JADE ROLLER
2708647,2708647,DEAR LIGH.A.D.SPOTS F/FACE CR 60G1+1@#
3200524,3200524,CARNIVITA 500MG 30/CHEW.TAB
3200591,3200591,CAZET 10/10MG 10/F.C.TAB
3200977,3200977,SOFI FLAX 50GM CREAM▓
3201079,3201079,DOWNOPRAZOL 40MG/1100MG 14/H.G.CAP(P3)
3201093,3201093,ISIS HIBISCUS 12/SACH▓
3201361,3201361,BIOGLITA PLUS 15/500MG 10/F.C.TAB♦
3201431,3201431,ENRICH PLUS 14/SOFT GELATIN CAP
3201484,3201484,RINGER 500ML IV INFU(CAP)O.ATECO(P1)
3201909,3201909,FLAMOGEN (90+48+100)MG 30/E.C.TAB(P1)
3201996,3201996,STRONGVILLE(F/ALL TYPES)120GM HR CREAM#
3202197,3202197,CYMBATEX 30MG 30/DE.RE.H.G.CAP(P1)
3202258,3202258,GROWTH FORMULA(WG)STRAW.F/UNDERW.10SACH▓
3202544,3202544,EGYGASTREAZ 100MG/5ML (50ML) SUSP
3202720,3202720,SMOFKABIVEN PER.800KCAL IV-INFU 1206ML+
3202867,3202867,ECTOREL ADULT1%W/MINT20ML THROAT SPRAY+▓
3203327,3203327,COLGY (ORANGE.FLAV.)W/VIT.C 10/SACH▓
3203712,3203712,MIRVA CLEAN INTIMATE FEM. WASH 200ML▓
3204652,3204652,PALMEFER (100MG/SACH) 15/SACH▓
3205017,3205017,GRALIPENTIN XR 600MG 30/F.C.TAB(P1)⛒
3205747,3205747,VITIDE 5GM 25/SACH▓
3206001,3206001,SIMILAC INFANT FORMULA(1)350GM MK POWD+#
3206108,3206108,GENUPHIL ADVANCE 10/SACH▓
3206210,3206210,HYDROBLEND 1.6MG/0.5ML EYE DROP 10/UNIT
3206540,3206540,AZITHROTREAT 2GM/78ML ORAL SUSP
3206719,3206719,XXX
3206786,3206786,MELANTHENOL 5% 40GM CREAM▓
3206878,3206878,SUNNYDETOX 500MG/ML(10ML) IV-INFU 1/AMP
3207024,3207024,METHYL FOLATE (ORA) 30/H.G.CAP▓
3207091,3207091,RUTIN VASC C 30/TAB▓
3207392,3207392,SPIRULINA 20/H.G.CAP▓
3207680,3207680,PURITANS P.SPIRULINA 500MG 100/VEG.TAB+▓
3208018,3208018,TINIFLOXACIN(500MG+600MG)20/TAB
3208209,3208209,FAST FREEZE(MAGNESIUM)150ML MASSAGE SP+▓
3208296,3208296,SULFAX MAGNESIUM 120G CREAM▓
3208450,3208450,PRIMA DAR 30/H.G.CAP▓
3208674,3208674,MROCAN (8G/SAC) ORANGE FLAV.10/SACH▓
3208748,3208748,CHARTOREG 80MG 28/TAB(P1)
3208915,3208915,ATLACARE 20/F.C.TAB▓
3209134,3209134,PUMPIZAN 20MG 20/F.C.TAB
3209390,3209390,YESVT PLEX 120ML (ORANGE FLAV.) SYRUP▓
3209844,3209844,WINZOXIB 90MG 30/F.C.TAB
3211140,3211140,DR OXYGEN IMMUNITY KIDS 120ML SYRUP▓
3211319,3211319,ROTAMOVE 30/F.C.TAB▓
3211386,3211386,KIDI MARCAL(ORANG&PEPPE.) 120ML SYRUP▓
3211508,3211508,RED REX STOMP MANGO 455GM▓
3211610,3211610,SWEETAL STEVIA ZERO CAL.SWEET.25STICKS▓
3212325,3212325,AVASTIN G 100MG/4ML 1/VIAL®
3212398,3212398,CRESTOLIP PLUS 10/20MG 30/F.C.TAB
3212475,3212475,COPADAVON 20MG 20/F.C.TAB
3500842,3500842,DEXAMETHASONE 6MG 100/TAB!!
3501302,3501302,PANADOL ULTRA 20/S.G.CAP!!
3600700,3600700,GLYCERYL TRINITRATE 0.2% 30GM OINT⌂▓
3701353,3701353,ITA-MED KNEE HIGHS (XXL)/H-180(BEIGE)▓
3701403,3701403,ITA-MED THIGH HIGHS(SIL/M)/H-306(O)BEIG▓
3702055,3702055,NEBULIZER MASK F/ALL OMRON U101P▓
3702121,3702121,NEBULIZER MEDEL FAMILY BLUE+B&R.THERM.@▓
3702194,3702194,DIABETIC SHOES SPORT MOVE(ORTHOMED.)(45▓
3702569,3702569,SQUARE BACK SUPPORT CUSHION▓
3702583,3702583,MASK FACE DELTA PLUS N99 FFP3▓
9461815,9461815,O.P.I NAIL LACQUER 15M /G23#
9463619,9463619,O.P.I NAIL LACQUER 15M /G24#
19600101,19600101,X-STORE-LAYAWAY DEPOSIT
30175587,30175587,MAYBELLINE S.ST.F.COV.U.EYE CONCEAL./30#
31002677,3100267777,CYMBALTA 30MG 28/CAP+(P2)
31259077,3125907777,FLAMOTAL 800MG 10/TAB(P)
32023987,3202398777,PENTASA 500MG 100/TAB+(P2)♦
32031117,3203111777,SPASMOPINAVER 100MG 30/F.C.TAB(P)
32035597,3203559777,SHATOO 50MG+200MG 7/RE.F.C.TAB(P)
32043527,3204352777,TRIAMERICAN 500MG I.M 1/VIAL(P)●
32058057,3205805777,POLYMART 50GM GEL(P)
32522077,3252207777,THIOTEX FORTE 600MG 20/CAP(P)
34500277,3450027777,DIAX 200MG 12/CAP(P2)
42300151,42300151,NIVEA COCOA BUTTER BODY CR DRY SK 50M#
50884483,50884483,MAX FACTOR PAN STIK RICH CREAMY FOU./25#
3100267777,3100267777,CYMBALTA 30MG 28/CAP+(P2)
3125907777,3125907777,FLAMOTAL 800MG 10/TAB(P)
3130161111,3130161111,OTRIVIN 0.1%ADULT15ML NASAL DROP(P3)
3202398777,3202398777,PENTASA 500MG 100/TAB+(P2)♦
3203111777,3203111777,SPASMOPINAVER 100MG 30/F.C.TAB(P)
3203559777,3203559777,SHATOO 50MG+200MG 7/RE.F.C.TAB(P)
3204352777,3204352777,TRIAMERICAN 500MG I.M 1/VIAL(P)●
3205805777,3205805777,POLYMART 50GM GEL(P)
3252207777,3252207777,THIOTEX FORTE 600MG 20/CAP(P)
3450027777,3450027777,DIAX 200MG 12/CAP(P2)
25929201185,25929201185,COLOUR ME RAFEL Nْ6 EDT F/M 83M#
37000123439,37000123439,SECRET POWDER FRESH DEO.STICK 68/73G!
50425088039,50425088039,L&B KNCELIR STIC BIG /03#
73010479050,73010479050,TAMPAX PEARL TAMPONS SUPER PLUS 18PCS
75020006554,75020006554,AVENT SILICONE TEAT FREE FLOW(0:6)/18023
196003999824,196003999824,DB READ.GLASS.ROSE(+2.00)/LRP3665\PL#
196003999891,196003999891,DB READ.GLASS.PURPLE(+1.50)/LRB2467\PL#
196007699780,196007699780,DELTA COMF.ARM SLING W.OUT IMMOB.(M)\PL▓
227766566391,227766566391,MIRAMI HAIR MIST HARMONY 150M#
633911749265,633911749265,CHI ARGAN OIL PLUS MOR.OIL SHAMP355/340M
642337994739,642337994739,NATURIA ORGANIC LEAVE-IN COND.180M\EX
659048889414,659048889414,NOVO HAIR CURL&SHINE SHAMP.450M
663350089011,663350089011,DISNEY LOVE YOU MOM GREEN EDT 50M
667526907833,667526907833,V.S NEW PURE SEDUCTION B.MIST 250M!#
667534419625,667526907833,V.S NEW PURE SEDUCTION B.MIST 250M!#
667538086151,667526907833,V.S NEW PURE SEDUCTION B.MIST 250M!#
667538086267,667538086267,V.S NEW ROMANTIC B.MIST 250M#
667548099141,667526907833,V.S NEW PURE SEDUCTION B.MIST 250M!#
677443224793,677443224793,MOVE ARCH FLAT FOOT SILI.PEBD./M/MV052▓
730870174623,730870174623,GUCCI GUILTY EAU EDT F/W 75M#
731509814729,731509814729,KISS GLITTER NAILS 24PCS/KOGN02
736658988918,736658988918,WET BRUSH PRO SELECT/B830WM-AZ#
737052766744,737052766744,BOSS HUGO BOTTLED UNLIMITED EDT F/M 50M#
748927028713,748927028713,WHEY G.STAND(ON)DOUBLE RICH CHOC4.54KG+▓
764460727050,5254229691210,AEROCHAMBER GRANZIA VENTO-2/ORANGE▓
764460727241,764460727241,GRANZIA H.PAD SH.WARM.SHOULD.55/HBNP210▓
764460727425,764460727425,BAMBINO CLASSIC BOTTLE BLUE (0M+)100M#
764460727616,764460727616,BAMBINO TEETHER GRAPES#
796554841519,796554841519,BAMBINO CLASSIC BOTTLE ROSE (1M+)150M#
810912034730,810912034730,SOL DE JANEIRO BOM DIA BRI.JET SET RED@!
3014260257194,3014260257194,ORAL B CROSS ACTION 40 MEDIUM#
3014260313272,3014260313272,GILLETTE BLUE 2 EXCEL 4PCS#
3052503824208,3052503824208,BOURJOIS EYE PENCIL CLUBBING W.P. /42
3141389910492,3141389910492,ARNAUD ECLAT A.AGING FIRM.SERUM5VIALx1M#
3327520004224,3327520004224,ACTIVILONG ACTILISS SMOOT.CARE MASK200M#
3337871322502,3337871322502,VICHY LIFTACTIV NIGHT A.WRINK.CR 50M
3337872412042,3337872412042,LA ROCHE TOLER.TEINT(SPF25)COMP.POWD/11#
3337875522786,3337875522786,VICHY DERCOS ALAMINEXIL CLIN.5 F/W 21X6M
3337875607261,3337875607261,GIFT VICHY GOLLAGEN SPECIALIST 15M
3574660280906,3574660280906,JOHNSON BODY LOTION HONEY EXTRACT 250ML#
3574661250533,3574661250533,CAREFREE FLEXICOMFORT ALOE P.LIN.40PCS#
3574661400853,3574661400853,NEUTROGENA FAIRNESS BOOST T.ILL.MASK30M#
3574661465210,3574661465210,L.P.MARSEILLAIS S.ALMOND MILK SH.CR250M#
3587925316227,3587925316227,EST.PASSION BLUE LAGOON B.MIST F/W 250M#
3600522195115,3600522195115,LOREAL EXCELLENCE MOUSSE PURE BLACK /2#
3610340011252,3610340011252,GARNIER LIGHT&RADIANT FAIRNESS DAY CR40#
3610340656071,3610340656071,GARNIER FAST BRIGHT VIT.C SCRUB 50M#
3610340667299,3610340667299,GARNIER FAST CLEAR AC.PRONE SK SERUM 15M
3614224851439,3614224851439,BOURJOIS ROUGE VELVET LIPSTICK/15
3614224898304,3614224898304,BOURJOIS HEALTHY MIX A.FATI.VIT.POW./04#
3614227180345,3614227180345,BOURJOIS ROUGE VELVET LIPSTICK/24
3661434002724,3661434002724,URIAGE ISOLISS NORM/COMB. FLUID 40M#
3700839900010,3700839900010,LCA F/BROWN SPOTS DEPIGMENT. CR 40M#
3800013537794,3800013537794,HAPPY BABY MOIST.BODY MILK 250M\EX#
4003583103003,4003583103003,DIPLONA FIBER GUM EX.STRONG HOLD CR200M#
4003583213443,4003583213443,SANOSAN BABY CHAMOMILE SHAMP.200M
4003583222384,4003583213443,SANOSAN BABY CHAMOMILE SHAMP.200M
4008576010207,4008576010207,TITANIA 4 MANICURE-PEDICURE INSTRUMENTS#
4008576019293,4008576019293,TITANIA MAKE UP SPONGE/1929B
4008576030205,4008576030205,TITANIA LIMA PEDICURA DOBLE/3020
4008576368582,4008576368582,TITANIA GIRLS CARE HR BAND 9PCS/7804#
4008576372336,4008576372336,TITANIA HR CARE HAIRBAND 3PCS/7856B#
4008576385213,4008576385213,TITANIA HR CARE HR BAND 6PCS/7917/WM1
4008600281597,4008600281597,NUK R&B SOOTHER SIL.BLUE(0-6M)CAP/730054
4015400011576,4015400011576,PAMPERS BABY FRESH CONT 72 (STOP)
4015600851255,4015600851255,H&S A.DAND. MOIST. OIL REPLAC. 200M
4015600874377,4015600874377,H&S A.DAND.CLASSIC CLEAN OIL REPLAC.375M
4018838486787,4018838486787,BELSANA CLASSIC COTT.AD CCL2(II/S)LONG▓
4038033438497,4038033438497,MARKWINS COLOUR CELEBRATION/4384900#
4103040167347,4103040167347,SEBA MED(BABY)DIAPER RASH CR 100M#
4717237077953,4717237077953,BODYFIX THUMB SPLINT(XXL)/C001▓
5000174718058,5000174718058,FIXODENT PLUS DENTURE ADH.CR 40G!
5017371146881,5017371146881,CALYPSO DEEP TAN BRONZ.OIL SPF(6)SP.250#
5055443626039,5055443626039,BOUTIQUE NECT.BLOSS.&GRAPEFR.B.SOAK500M#
5057566479257,5057566479257,REVOLUTION DUO BLUSH&H.LIG.BLUS.DAYDREAM
5201314085980,5201314085980,CARROTEN SUPER DRY SPF10 OIL SP.125M
5254229691210,5254229691210,AEROCHAMBER GRANZIA VENTO-2/ORANGE▓
5281018712740,5281018712740,BEESLINE SERUM DEOD.DELAYS SHAV.SP.150M#
5285001501151,5285001501151,SILASTIQUE(2)ADULT DIAP.(80-115CM)12PCS#
5414932894005,5414932894005,ET CARS THESTADIUM MODELLING NO.89400
5901643175108,5901643175108,DERMEDIC MELUMIN A.DARK SPOT NIGHT CR55#
5903407021058,5903407021058,CANPOL CUTLERY SET NO/2/105
5903407118109,5903407118109,CANPOL B.BOTTLE SILICON(12+)250M/11-810#
5903407122038,5903407122038,CANPOL BABIES EASY STA.BREAST PUMP12/203
6085010091327,6085010091327,ARMAF LE FEMME B.MIST F/W 250M
6221039002221,6221039002221,LUNA LIP MOIST.CHOCO LATTE 3.5GM
6221039079087,6221039079087,LUNA NAIL SPA RIDGE FILLER 10M
6221048208706,6221048208706,SUNSILK NOURISH.SOFT&SMOO.SHAMP.400/360#
6221048212147,6221048208706,SUNSILK NOURISH.SOFT&SMOO.SHAMP.400/360#
6221048409332,6221048409332,SIGNAL CAVITY FIGHTER T.PASTE50M+BRUSH@#
6221053214174,6221053214174,NUNU BABY COLOGNE DEW 300M#
6221155024503,6221048208706,SUNSILK NOURISH.SOFT&SMOO.SHAMP.400/360#
6221155060648,6221155060648,CLEAR WOMEN SOFT&SHINY SHAMP.600MSAVE13@
6221155067661,6221048409332,SIGNAL CAVITY FIGHTER T.PASTE50M+BRUSH@#
6221155072733,6221155072733,SIGNAL C.FIGHTER 120M+CLOSE UP RED 25M@#
6221155110367,6221155110367,SUNSILK THICK&LONG SHAMP.180M#
6221155130488,6221155130488,REXONA MEN XTRA COOL 48H DEO.R.ON 20M#
6221155210173,6221155210173,REXONA M.CED.&MINT 72H DEO.R.ON.50M10LE@
6221155215642,6221155215642,LUX REVIT.GRAPEFRUIT 2X FRES.B.WASH 500M
6222012007684,6222012007684,RELAXO CERVICAL SOFT COLLAR/S/RE0076\PL▓
6222012028085,6222012028085,COMFY BUNION PROTECTOR SMALL FINGER\PL▓
6222017009720,6222017009720,LOREAL EXCELLENCE CR /4+SHAMP.90M@
6222017020015,6222017009720,LOREAL EXCELLENCE CR /4+SHAMP.90M@
6222019604770,6222019604770,INFINITY FLARE A.AGING&DEP.THER.SERU40M#
6222019613833,6222019613833,BOBANA TROPICAL FRUITS MOIST.HANDCR 50M#
6222019614304,6222019614304,INFINITY TOP HR LOT.PLUS A.HR LOSS120M
6222019614595,6222019614595,INFINITY OCEAN BREEZE DEO.R.ON 1+1@
6222048701624,6222048701624,DETTOL A.BACT.ORIGINAL WIPES 2X40PC20%@#
6223000531198,6223000531198,INGRAM COLOGNE AF.SHAV.FLUID 100M#
6223000655320,6223000655320,JOHNSON MOIST.SHEA BUTTER SOFT CR 300M#
6223001380016,6223001380016,EVA S.C.A.AGE.1.5%HYALU.ACID F.SERUM 30M
6223001389477,6223001389477,EVA RECIPE MARSH.SCEN.F/DULL SHAMP.350M
6223002052332,6223002052332,SHAVECODE SHAVING CR NORM SK 90M
6223002630028,3202258,GROWTH FORMULA(WG)STRAW.F/UNDERW.10SACH▓
6223004035548,6223004035548,AREEJ CLEAN SPACE MOOD SP. 250M#
6223004036224,6223004036224,AREEJ EUCALYPTUS OIL PURE NOTES 15M#
6223004038686,6223004035548,AREEJ CLEAN SPACE MOOD SP. 250M#
6223004111112,6223004111112,EASY WAX HR REMOV.JOJOBA OIL 17STRIPS#
6223004112423,6223004112423,EASY CARE GARDENIA SCENT 40/WIPES
6223004245688,3600522195115,LOREAL EXCELLENCE MOUSSE PURE BLACK /2#
6223004373961,6223004373961,SENSODYNE DEEP CLEAN T.PASTE GEL 100M
6223004377525,6223004377525,EVA CLINIC BEBE (0-12M) SHAMP.200M#
6223004378164,6223004378164,EVA HR CLINIC GOLD AGRAN HEAT GUARD 200M
6223004683183,6223004683183,TRIO FRESH PRO DEO ROLL ON F/M 50M#
6223004792564,6223004792564,BABYJOY(5)JUNIOR(14-25)KG58P+SOFY(L)8P@#
6223005878410,6223005878410,DETTOL DIS.MORNINGE DEW SU.SP.2+1 450M@#
6223005878601,6223005878601,DETTOL D.CR.BREEZE SURFACE SP.2X450M25%@
6223005879288,6223005878601,DETTOL D.CR.BREEZE SURFACE SP.2X450M25%@
6223007903080,6223007903080,MOOD KHALIJI HAND CR 50G#
6223007903592,6223007903592,MOOD SWEET BLOOM PREMIUM SOAP 115G
6223008160444,6223008160444,SOFICO HR &B.MIST BRONZED COCONUT200M
6223009460727,6223009460727,ERA NAIL POLISH 13M/102
6223012632739,6223012632739,STARVILLE FEMM.INTI.CLEAN.WASH HYDR.200M
6223012633354,6223012633354,BOBAI CRY.CLEAR S.SCREEN SPF(50+)GEL 50G
6223013970052,6223013970052,DERMACTIVE A.WHITE EYE CONT.CR GEL15M
6224000303761,6224000303761,ROLLS ABSORBENT MEDICAL COTTON 1000G
6224000788728,6224000788728,PURE ACETONE BLOOM FREE SMELL SP.70M\PL
6224001416019,6224001416019,BG AC.NET SK TONER 200M#
6224001455704,6224001455704,SORALONE CICA NANO SK SOOTH.SP.100M
6224001763274,2704531,G.K BALANCING (SHAMP.+CONDITIONER)300M@#
6224002213549,6224002213549,BIOTHERM EYE CONT.A.AGING SERUM 15M
6224002245021,6224002245021,NC 7 OILS&ROSEMARY A.HR FALL MASK475M#
6224007974209,6224007974209,MOLFIX DAY&NIGHT (3)MIDI (4-9KG) 46PCS#
6224008041245,6224008041245,GO HAND ORIGINAL SANITIZER GEL 500M#
6224008041429,6224008041429,AVUVA CHERRY BLO.(B.SPLASH+SH.GEL)253M@#
6224008059936,6224008059936,STRONG VILLE HR CARE TONIC SP.220M
6224008501619,6224008501619,DRAKON WH.FAC.WASH W/BRUSH OILY SK 175M#
6224008572275,6224008572275,RUNWAY BREATHE NAIL LACQUER 11ML /30035#
6224008572763,6224008572763,BODYLICIOUS TAJ MAHAL B.MIST F/W 217M#
6224008573456,6224008573456,RUNWAY NAIL LACQUER 14ML /70046#
6224008843566,6224008843566,MOIST-1 HY.ACID SERUM A.ANG.FACE&NECK30M
6224009087242,6224009087242,COLGATE MAXIMUM CAVITY PROTECT.120M10%@#
6224009506354,6224009506354,U-SAFE INSTA.DAY SOAP E.CLEAN H.GEL70ML#
6224009604357,6224009604357,CLEO YOUTH A.AGING NIGHT CR 50M#
6224010148369,6224010148369,COSMO APPE S.SCREEN SPF(50+)LOT.SP.150M#
6224010337039,6224010337039,SUPER KIDS 2IN1 SHAMP.COND.BLUEBER.500M
6224011673532,6224011673532,TETRA GLOW OXYGEN BUBBLES DEO.R.ON 50M#
6225000383616,6225000383616,ZI FLOSS PICKS SACH 30PCS
6281006534704,6281006534704,TRESEMME BOTANIX NOURISH&REP.SHAMP.200M#
6281056500476,6281056598701,J.CASANOVA BLUE CASSI.ROSE B.SPLASH235M#
6281056598701,6281056598701,J.CASANOVA BLUE CASSI.ROSE B.SPLASH235M#
6291107453873,6291107453873,VURV DESTINY SHEER EDP F/W 100M#
6291109121862,3501302,PANADOL ULTRA 20/S.G.CAP!!
6294008904116,6294008904116,SPACE TOON FULLA LOVELY KIDS SPRAY120ML#
6295120046074,6295120046074,DETTOL A.BACT.HONY&SHEA BUT.H.WASH 400M#
6300020152388,6300020152388,GALAXY PLUS DARL.ABSOLUTE SP.F/W 200M#
6772304518690,6772304518690,BUBBLES BABY CUP W/HAND GREEN#
6931588224424,6931588224424,TRUE SILICO.SOOT.AUT.FLIP(0-6M)/2022442
6931611315358,6931611315358,SHEGLAM  P.SHINE.LIP PLUMPER GOLD RUSH!
6937620891128,6937620891128,SONATA ADV.CARE CLIPPER NAIL 2PCS/89112#
6970801980846,6970801980846,SHEGLAM GLOW.BOUNCY HIGHLIGH.CH.BLOSSOM!
6977382912372,6977382912372,SHEGLAM GOOD GRIP HYDRATING PRIMER 15M!
7350117050034,7350117050034,KLINT FREEZE MINT 4 NICOTINE 11.2MG+▓
7610700607046,7610700607046,RICOLA LEMON MINT▓
7612367027571,7612367027571,MEDELA NIPPLE FORMER 2PCS
8001090542205,8001090542205,ALWAYS COMFORT NORM.P.LINER 20P#
8003350541010,8003350541010,COTONEVE A.LIFE MAKEUP REMO.PADS80+20P@#
8003510017140,8003510017140,MALIZIA PURPLE SED.PERFUM SP.F/W150M#
8005610329048,8005610329048,BOSS HUGO THE SCENT INTENSE EDP F/M100M#
8005610477374,8005610477374,GIFT LACOSTE WOMEN BAG
8005809001212,8005809001212,TRICOVEL ENERGY STR.STYLIN.GEL F/MEN150M
8005809003575,8005809003575,TRICOVEL NUTRI COLOR+CR V.LIGH.BLONDE/9#
8006540726372,8006540726372,PAMPERS PREMIUM EX.CARE (3) (6-10)62PCS
8009518276800,8009518276800,DEBORAH FLUID VELVET MAT LIPSTICK /01#
8015675001001,8015675001001,NANNINI SHAKE READ.GLSS.YELLOW/+1#
8022297095882,8022297095882,SEMI DI LINO SCALP REP REBALAN.DAND.150M
8029041113113,8029041113113,BIONIKE DEFENCE EYE A.PUFFINESS GEL 15M#
8029041113120,8029041113113,BIONIKE DEFENCE EYE A.PUFFINESS GEL 15M#
8058664029495,8058664029495,CHICCO MRS GIRAFFE STROL.ROPE/43318
8300961534005,8300961534005,RELAX MATERNITY SUPPORT (XL)
8414135869708,8414135869708,NIKE AROMATIC ADDICTION DEO.SP.F/M 200M#
8414135873668,8414135873668,NIKE ULTRA BLUE DEO.SP.F/M 200M#
8436562290863,8436562290863,ROOFA GRIP NAIL SCISSOR /003BG#
8436562291778,8436562291778,ROOFA GOOD NIGHT BODY LOT.200M
8437000945970,8437000945970,BABE OIL SOAP DRY&ATOPIC SK 500M#
8690555512114,8690555512114,BANAT T.BRUSH ACROBAT MEDIUM#
8690742310677,8690742310677,CANPED ADULT PANTS (L) (110-150CM) 8PCS#
8710103515258,8710103515258,"AVENT F.BOTTLES SET(2X125M,260M) /27160#"
8710103558767,8710103558767,AVENT MICROWAVE STEAM STERILISER/281/03#
8710103781165,8710103781165,PHILIPS HOME CLIPPER 3000S/HC3100/15/13#
8710103785019,8710103781165,PHILIPS HOME CLIPPER 3000S/HC3100/15/13#
8712561224406,8712561224406,REXONA BAMBOO DRY DEOD. SP. F/W 150M#
8712561292542,8712561292542,DOVE INVISIBLE DRY DEOD.R.ON F/W 50M#
8801038613437,8801038613437,DORCO EVE 4 PORTABLE F/W 1PC
8809913830313,8809913830313,CENTELLA SKIN1004 P.CICA BAK.EYE CR 20M!
8850217110021,8850217110021,TRUE FEEDING BOTTL.F.FLOW BLUE(6+)M250M#
8992500113101,8992500113101,SIMPLEX SUPER SAFE 3PCS▓
9876543242022,9876543242022,PALMOLIVE FEEL T.MASSAGE SH.GEL500M25%@#
6223015201338,6223015201338,NUT SHELL X DARA ICE CREAM B.GEL OIL250M
6224010497894,6224010497894,ALEJON CICA CLEAN. F/ALL SK TYPE.200M
