1035,1035,PANNINI MONACO LE 28.00
5578,5578,TS ADIDAS TEAM FORCE E.D.T F/M 100ML
69619,69619,TS J.BOGART SILVER SCENT MIDNIGHT EDT100
70121,70121,TS REVOLUTION SA.KISS LIPLINER CHAUFFEUR
122101,122101,FRIGG PACIFIER PACK OF 1 BAKED CLAY/10
200012,200012,SEKEM BABY CALM HERBALS 15/PACKETS
263161,263161,PLASTER URGO MULTI EXTENSIBLE 30/PCS▓
270073,270073,LIZA HAIR CREAM COCONUT OIL 150GM#
278561,278561,GILLETTE VENUS F/W +2BLADE#
281604,281604,T DAYS COSMETIC SET (3*1)#
282007,282007,SUPER MILLIONE HR DARK BROWN /2#
283156,283156,CALIFORNIA BEAUTY SLIM LIFT (XL)▓
300433,300433,DISNEY BARBIE BATINAGE LE210
301320,301320,EFFOX 40MG 20/TAB●
301355,301355,ELTROXIN 100Μ 100/TAB+(P3)●
309012,309012,BETADINE SKIN CLEANSER 200ML SOLUTION▓●
320354,320354,FENOPROFEN 600MG 30/CAP
321021,321021,FEMROSE 30/CAP▓
322217,322217,FUCI-TOP 2% 15GM OINT
322473,322473,VERNOVA 120ML VAG. DOUCHE
322914,322914,LAVA 120ML VAG. DOUCHE▓
323131,323131,#VEGASKINE-D 20/TAB
323661,323661,ORASAN 125ML M.WASH▓
324871,324871,ORION 120ML LENSES SOLUTION+#
325366,325366,JASPER CALF(SHIN) SUPPORT (ET007)▓
341001,341001,IRBEDRIN 75MG 14/TAB
343810,343810,FRANCE LAIT 1 400GM MILK POWDER+
344073,344073,LOZAPRESS-H 14/TAB
345104,345104,FRUITS-UP 6/SACH
346149,346149,LENS CASE#
347256,347256,RHINOPRONT 20/CAP
353594,353594,ORAL BALANCE 42GM GEL.!!
353882,353882,WELLMAN ORIGINAL 30/TAB!!
356881,356881,COPAXONE 20MG/ML 28/AMP!!®
370005,370005,MIRACLE RIB BELT MALE S (0015)▓
370070,370070,MIRACLE HERNIA BELTS LEFT M (0050)▓
370399,370399,JASPER CALF(SHIN) SUPPORT  XL (ET007)▓
411171,411171,VET-PET BEAUTY SPEC.NAIL CLIPPER SET•••
2700518,2700518,AMANDA MOIST MATT LIPSTICK /13#
2702026,2702026,BELLA NATURAL COLOR LENSES VIOLA GRAY
2702215,2702215,DISNEY TRON LEGACY EDT 50M#
2703685,2703685,F.GOOD SCALA TE.HR SERUM DRY&DAM.HR120M#
2704239,2704239,AMANDA MATTE STUDIO EYE SHADOW OCEAN#
2705276,2705276,BABYGO MOSQ.REPELLENT CLIP 2X1PC/BG018@
2705526,2705526,COSMO APPE RENEWAL A.WRINKLE FACE CR50M#
2705760,2705760,AVENT CLASSIC BOT(330+260+125)M+SOOTHER@
2705812,2705812,GIFT AVENE MICELL.MAKEUP CLEANS.LOT.100M
2706264,2706264,FLOSLEK ELESTABION(T)DAN.SHAM.150M1+50%@
2706358,2706358,ANIVAGENE REPAIRING HR MASK 125M+TOWEL@#
2706408,2706408,STARVILLE ORIENT PEARL DEO.R.ON 2X60M@
2706493,2706493,RHEA DERMAGING A.AGING COLLAGEN CR 60GM#
2706637,2706637,ALPHASCIENCE SURFACE (CR) 30M15%@#
2708077,2708077,CLARY (SHAMP.300M+MASK300M)@
3200152,3200152,ALZMENDA 10MG ORAL DROPS 20ML(P1)
3200633,3200633,SANKOM BOOK FREE▓
3200857,3200857,MUCOTEC 300MG 20/CAP(P1)●
3200996,3200996,COLISTIN 1.5MIU 20/TAB
3201339,3201339,UNOCRON 60MG MR 30/TAB♦
3201469,3201469,THALMOTOBRIN 3MG/ML 5ML EYE DROP
3201520,3201520,LYRICA 300MG 10/H.CAP©
3201836,3201836,CONCOR 10MG PLUS 30/SCOR.F.C.TAB(P1)
3202042,3202042,TOBRACOID (0.3%+0.1%) 5ML EYE DROP
3202176,3202176,MELOBOY HERBAL TEA GRANULES 8/SACH
3202415,3202415,SUPER MIX 7/SACH▓
3202460,3202460,MARK-FAST (250MG+200MG) 30/CAP(P1)
3202626,3202626,#QUITAPEX 400MG XR 30/F.C.TAB
3202886,3202886,TRESIBA100U/ML3ML FLEXT.1/PRE.PEN+®(P1)♦
3203067,3203067,NACTALIA 1 400GM MILK POW/TAHYA MISR+#
3203728,3203728,#$BETAPRONATE PLUS 0.5MG+10MG/G)30G CR$#
3203913,3203913,IBRANCE 100MG 21/CAP+♦
3203988,3203988,ESMORAP 40MG 28/H.G.CAP
3204574,3204574,AIADOXIME 100MG/5ML (60ML) SUSP
3204668,3204668,DURAFOS 2ML IM/INT.ARTICULAR 1/AMP
3204927,3204927,ORGA COLLAGEN&CALCIUM 12GM 10/SACH▓
3204992,3204992,CORDO60M+OROVEX250+TRI TECT100+MONDO50@▓
3205177,3205177,PAROXEDEP CR 37.5MG 10/ENTERIC.F.C.TAB
3205353,3205353,MECLIZIGO 25MG 20/O.D.FILM(P1)
3205595,3205595,APIXATRACK 5MG 30/F.C.TAB♦
3205832,3205832,ORANGE-C 1000MG 12/EFF.TAB▓
3205887,3205887,#$GEMIFLOXACTIVE 320MG 5/F.C.TAB$#
3206059,3206059,OMEGADDOX COMPLEX 1000MG 30/CAP+▓
3206330,3206330,NOUVONASE 5MG 30/F.C.TAB
3206345,3206345,ETORICOX-HEXAL 30MG 10/F.C.TAB+
3206406,3206406,ATCORELIVO (4G/SAC) 10/SACH(P1)
3207333,3207333,EPICOPRED 20MG 20/O.DISP.TAB
3207452,3207452,DAFLON 1000MG 30/F.C.TAB(P1)
3207746,3207746,MELASNOZ (STRAWBERRY FLAV.) 60ML SYRUP▓
3207863,3207863,FORTADA 20MG 4/F.C.TAB
3207984,3207984,SANTANERVA 10/H.G.CAP▓
3208336,3208336,IMUTREXATE▼5MG 10/TAB(P1)♦
3208505,3208505,LASCAR SILICONE(SCARS) 2X60GM GEL(1+1)@▓
3208570,3208570,CERVETOLKA 500MG 20/H.G.CAP▓
3208699,3208699,NARKLEEN 30/S.G.CAP▓
3208839,3208839,ACECZEMA 1MG/GM 15G TOPICAL CREAM
3209003,3209003,DIGLIFLOZ PLUS 5MG/850MG 30/F.C.TAB♦
3209098,3209098,VEE ORTHO 30/CAP▓
3209586,3209586,LADENES 30/E.C.TAB▓
3209612,3209612,GLIPTUS PLUS 50/500 MG 30/F.C.TAB●♦
3209915,3209915,JOULIANA INTIMATE FEMININE WASH 250ML▓
3209960,3209960,LENTRA PLUS 10/H.G.CAP▓
3210096,3210096,ISIS POMEGRANATE 20/PACKETS▓
3210463,3210463,CARGO MAG 30/H.G.CAP▓
3210584,3210584,IMPIREDEL (ORANGE FLAV.) 120ML SYRUP▓
3210852,3210852,VONOGASTRIC 20MG 20/O.DISINTEGRAT.TAB
3211006,3211006,FORTICARE ADVANCED C.BERRY 125ML LIQ.+▓
3211459,3211459,RELAXOSPASM▼XR 15MG EX.RE.20/CAP
3211730,3211730,COVERAM 5/10MG 30/TAB
3211745,3211745,CITOVILA MIND 20/H.G.CAP▓
3212519,3212519,FLABU 400MG 20/F.C.TAB
3500261,3500261,WELLWOMAN PLUS(OMEGA 3.6.9)56/TAB+CAP.!!
3500904,3500904,VITAMIN K 100µ 100/TAB!!
3501244,3501244,NOW SPIRULINA 500MG DOU.STREN.100/TAB!!
3600040,3600040,LUGOL'S IODINE 15ML ⌂▓
3702179,3702179,DIABETIC SANDAL MOVE (ORTHOMED.)(41)▓
3702610,3702610,OVERHEAD▓
3702665,3702665,FIT THERAPY UNIVERSAL 6/PATCH/FIT001+▓
3702971,3702971,RITEX PLEASURE MIX CONDOMS 8/PCS@▓
9999962,9999962,SOLUSET▓
10137577,1013757777,ANTOX 30/TAB(P2)
10505877,1050587777,ZINOL 1GM 1/VIAL(P)●
11101977,1110197777,TINEA-CURE 20GM CREAM(P)
20109977,2010997777,ORAP FORTE 4MG 20/TAB+(P)
30116277,3011627777,CAPOTEN 50MG 10/TAB(P)
30254177,3025417777,UR-AID 12/EFF.SACH(P)
31032277,3103227777,LOHYDRAN 10/SACH(P2)
32011167,3201116777,GLYBOFEN 5MG/1000MG 30/F.C.TAB(P2)♦
32011897,3201189777,RYTMONORM 150MG 30/F.C.TAB(P)♦
32043487,3204348777,SENNA▼LAX 12MG 30/F.C.TAB(P2)
32044187,3204418777,NERHASILDA 50MG 16/O.D.FILM(P)
34035277,3403527777,DOLPHIN-K 1.5% 15ML ORAL DROP(P)
34149677,3414967777,FARCOVIT-B12 30/CAP(P)
34222077,3422207777,PLAQUENIL 200MG 60/TAB(P2)♦
34324977,3432497777,STELLASIL 5MG 30/TAB(P)
34584577,3458457777,HISTAZINE-1 100ML SYRUP(P2)
34800277,3480027777,BETADERM 15GM OINT(P2)●
236985471,236985471,BIO BALANCE SUN PROTECT.F.(50+)CR2X40M@#
1013757777,1013757777,ANTOX 30/TAB(P2)
1050587777,1050587777,ZINOL 1GM 1/VIAL(P)●
1110197777,1110197777,TINEA-CURE 20GM CREAM(P)
2010997777,2010997777,ORAP FORTE 4MG 20/TAB+(P)
3011627777,3011627777,CAPOTEN 50MG 10/TAB(P)
3025417777,3025417777,UR-AID 12/EFF.SACH(P)
3103227777,3103227777,LOHYDRAN 10/SACH(P2)
3201116777,3201116777,GLYBOFEN 5MG/1000MG 30/F.C.TAB(P2)♦
3201189777,3201189777,RYTMONORM 150MG 30/F.C.TAB(P)♦
3204348777,3204348777,SENNA▼LAX 12MG 30/F.C.TAB(P2)
3204418777,3204418777,NERHASILDA 50MG 16/O.D.FILM(P)
3208032777,3208032777,NAPHCOZOLE(0.25+3)MG/ML10ML EYE DROP(P)
3215737777,3215737777,ARCALION FORTE 400MG 30/TAB(P)
3403527777,3403527777,DOLPHIN-K 1.5% 15ML ORAL DROP(P)
3414967777,3414967777,FARCOVIT-B12 30/CAP(P)
3422207777,3422207777,PLAQUENIL 200MG 60/TAB(P2)♦
3432497777,3432497777,STELLASIL 5MG 30/TAB(P)
3458457777,3458457777,HISTAZINE-1 100ML SYRUP(P2)
3480027777,3480027777,BETADERM 15GM OINT(P2)●
6830000000,6830000000,CHICCO FIRST CUTLERY 12M+ GREEN
196007699646,196007699646,COMFY UPGRADED MEMORY FOAM PILLOW\PL▓
452634895904,452634895904,REVIVOGEN(GOLD FINE&TH.SP.60+SHAM.118)@
733739026965,3501244,NOW SPIRULINA 500MG DOU.STREN.100/TAB!!
3014260262693,278561,GILLETTE VENUS F/W +2BLADE#
3014260285425,278561,GILLETTE VENUS F/W +2BLADE#
6224010337626,2708077,CLARY (SHAMP.300M+MASK300M)@
8800032166434,8800032166434,DAHAB DAILY S.C.LENSES NATURAL BLUE/31
