511,511,LORD FRESH 3 BLADES 1 RAZOR#
2090,2090,MUSIC BABY RUBBER NIPPLE 72PCS NO/30413
3673,3673,Gift-Ezaby App Vichy Hand Bag
69631,69631,TS FOGG ESSENCE PERFUME SP.F/W 120M
69929,69929,TS MAYBELLINE SUPER STAY MATTE INK/70
69994,69994,TS ZAK WILDER EDT F/M 175M
70224,70224,TS MAYBELLINE LIFTER LIP LINER/08
104002,104002,ETHANOLAMINE OLEATE 5% 1/AMP
111044,111044,CANDISTAN 2% 20GM VAG. CREAM
200348,200348,EVA FOOT POWDER ALOE VERA 50G
200476,200476,TONOSCALPINE LOTION 190ML#
201167,201167,CALCI-MAX 600 30/TAB
260265,260265,VB (SL) EASY STRAIGHT SHAMP.200M#
263264,263264,IMTENAN WALNUTS CONSERVED 250GM▓
276590,276590,BIGEN HR COLOUR MEDIUM CHESTNUT/47
277214,277214,VITAL CARE EXTREME HOLD SPORT GEL 1135G#
279151,279151,KRYOLAN CAKE MAKE UP EF28
281725,281725,PANTENE SMOOTH&SILKY SHAMP. 700/600M#
282210,282210,CAP SNOW SMALL▓
283172,283172,HERO BABY BANANA MANDA.PEAR 6M 125/130G+
283316,283316,HERO BABY APPLE JUICE 6M 130ML+#
283446,283446,PHYTOPHANERE H&N 60/CAP!!
284094,284094,IMTENAN THYME HONEY INFUSION 250GM▓
285004,285004,MUSIC SAFETY PINS /22145-1
301241,301241,TIAPRIDAL 20/TAB
302020,302020,RUBRATON-B SYRUP
302095,302095,SUPRAX 100MG/5ML 30ML SUSP(P3)●
312278,312278,PRIMA-GROWTH 6/SACHETS
321324,321324,ORAMIX 200ML M. WASH▓
321399,321399,UNDERCAST ORTHOPEDIC PADDING 10CM▓
321474,321474,MAALOX PLUS 50/CHEW.TAB+
322400,322400,CAFFEINOSPIRE 60MG/3ML ORAL SOLUTION
340196,340196,CALMALGINE 10/TAB
342525,342525,SPINAL NEEDLE SIZE 20 YELLOW▓
342590,342590,GUEDEL AIRWAY (INTERSURGICAL)▓
343214,343214,PARACETAMOL 500MG 20/TAB(ADWIC)(P1)
344718,344718,LIVER ALBUMIN PLUS 20/CAP(P1)
344787,344787,CEFTRIAXONE 500MG I.M 1/VIAL(SANDOZ)(P1)
345964,345964,ALVITAL 120ML SYRUP
346086,346086,NEO MICHAELON 120ML SUSP
346161,346161,TENORMIN 25MG 14/TAB
350337,350337,CREON 25000 100/CAP.!! ( KREON)
370612,370612,PLASTER CURE-AID(CORN CUSHIONS)17/PCS▓
383838,383838,OXYGEN CYLINDER 3M/V6(LITRE)/63CM▓
1803036,1803036,JINJA CARIZ.HAND ACCES.1PCS/DBR-915
2701713,2701713,ESSENTIAL SMOOTH&S.(SPF15)LIP BALM4.25G#
2702976,2702976,HIMALAYA G.REFRES.FACE WASH 50+SOAP125@
2703092,2703092,BRENDAN SK SOOTHING CR 50GM
2703997,2703997,SCORZA SK WHITENING CR 50GM#
2704109,2704109,AMANDA MILANO LIP DESIGNER LIPSTICK/2#
2704211,2704211,AMANDA MILANO MOUSSE FOUNDATION/6#
2704912,2704912,LOLES BODY CARE SOAP NAT.ALOE VERA 150G#
2705577,2705577,JOICE DAILY HAND CLEAN.GEL A.BACTE.200M#
2705681,2705681,SOFTLEES HAIR GROW COND.F/ALL HR 450G#
2706828,2706828,GIFT URIAGE MAKEUP BAG MOP APP
2708668,2708668,MAA ALTHAHAB SWEETY N188 B.SP.F/W 150M#
2708682,2708682,EGACS FRESH BREATH ORANGE SP.30M
3200183,3200183,MOVIGRETAL 100MG 20/TAB
3200217,3200217,DEMARK 100GM CREAM
3200262,3200262,AZGOBION 5MG 30/TAB (BIOTIN)(P1)▓
3200288,3200288,LUNA STREPS SUGAR FREE ORANGE 12/LOZ▓
3200406,3200406,DICLOSP 75MG 10/TAB
3200640,3200640,FLARE LIGHT(WHITENING)60GM CREAM#
3201009,3201009,#ANTIDIAZOX 100MG/5ML (60ML) SUSP
3201311,3201311,OCUSOFT (LID SCRUB PLUS) 50ML FOAM PUMP+
3201441,3201441,BETAVAL-C(0.1%+3%) 20GM CREAM●
3201812,3201812,HYDROXOCOBALAMIN 1MG 3/AMP
3201867,3201867,SERIGABTIN 150MG 20/H.G.CAP©
3201979,3201979,VILDAGLUSE 50MG 30/TAB(P3)
3202127,3202127,SCARBAN 50ML SKIN LOTION+▓
3202581,3202581,MARNYS PURE ROYAL JELLY 10GM+®▓
3202602,3202602,HERBALAND OMEGA-3W/EPA+DHA60KIDS GUMMY+▓
3202677,3202677,#LEVECTAM 100MG/ML (120ML) SYRUP
3202848,3202848,ESMOPUMP 20MG 14/ENTERIC C.TAB
3203003,3203003,EPIGENT 80MG 3/AMP
3203308,3203308,KEMPOXONE 1GM I.M 1/VIAL(P1)
3203397,3203397,UTORAL 250MG/5ML 10/AMP♦
3203775,3203775,DULEFER14/SACH+CALCICHELATE8/SACH FREE@▓
3203960,3203960,NUTRABOLICS HYDROPURE STRAW.907G POWD+▓
3204635,3204635,BEBETA IMAGE PANTH.LOTION PEACH 150M\EX▓
3204680,3204680,FORBUDES(12µ+400µ)60O.IN.CAP1INH(P3)
3204943,3204943,DOLPHIN 75MG/3ML IM 3/AMP
3205038,3205038,CAFE LIGNE 58.5G 15/SACH+▓
3205113,3205113,PIVASTALO 1MG 28/F.C.TAB
3205320,3205320,NOVELLX 75GM MASSAGE CREAM▓
3205395,3205395,MONOSHIELD 0.5%0.5ML EYE DROP 10/AMP(P1)
3205526,3205526,EMAIROX 100MG 10/SACH▓
3205768,3205768,LIMITLESS LACTOFERRIN 100MG 14/SACH▓
3205782,3205782,NUTRISTARS MULTI.VIT(STRAW.FLAV)10/SACH▓
3206071,3206071,REMDESIVIR-RAMEDA 100MG IV INF1/VIAL®
3206422,3206422,COLLAGENKO 30/H.G.CAP▓
3206457,3206457,PHESGO 600MG/600MG/20000U/10M(S.C)1VIA+®
3206769,3206769,SRILANE▼5% 60GM CREAM(P1)
3207106,3207106,STALIPARK (25+200+100)/MG 10/F.C.TAB
3207340,3207340,SELENIUM DAILY VIT 30/TAB▓
3207483,3207483,CALCIMA(ASPARTAME FREE)30/CHOCO PC 1+1@▓
3207762,3207762,SANSOVIT CALCIUM M.VIT.ORANGE160M SYR.▓
3207788,3207788,SWEET&SLIM NO CAL.SWEETENER 250G▓
3207810,3207810,BURNER GUM GREEN TEA EXTRACT 20/PCS▓
3208279,3208279,ENAROBEFUL 30/H.G.CAP▓
3208312,3208312,EVRALICARE 5MG 30/TAB♦
3209276,3209276,OPTIVISC 20MG/2ML INT.ARTIC.1/PREF.SYR+▓
3209548,3209548,ALIVE WOMENS MIXED BERRY FLA.150/GUMMY+▓
3210058,3210058,S-26 GOLD (3) 2-FL 900GM MILK POWD.+
3210133,3210133,CRESTATIN 5MG 30/F.C.TAB
3210410,3210410,OSTEOCARE ORIGINAL(ORANGE)150ML LIQUID▓
3210883,3210883,"SOFI LIFE FIZZ PLUS(C,D3,ZN)20/EFF.TAB+▓"
3211022,3211022,BIOVITA 60/GUMMY+OMEGA RX PULS60/GUM.@▓
3211369,3211369,SELAK (5G/SAC) ORANGE FLAV.30/SACH▓
3211916,3211916,GING PRESS 20/SUBLINGUAL.TAB▓
3500164,3500164,PERFECTIL PLUS NAILS 60/TAB.!!
3600529,3600529,ITRACONAZOLE 0.5% 60ML SPRAY⌂▓
3601016,3601016,RUXOLITINIB1.5% 60GM CREAM(EZ LAB)⌂▓#
3700287,3700287,SOFT CARE FULL L.SILIC.INSOLE(40)SI500D▓
3700500,3700500,VENOSAN 6002 LYCRA  AF CCL2 (M)▓
3701424,3701424,MAXAR TRAVEL SUPP.SOCKS(XXL)/H-170(BLAC▓
3701499,3701499,MAXAR WRIST SPLINT+THUMB(XL)L/WRS203▓
3702519,3702519,BIATAIN IBU NON-ADHESIVE(10X20)5PC/4112▓
32001937,3200193777,CHROMAX 500MG 60/CAP(P2)
32024217,3202421777,GENTACURE (1MG+0.5MG/GM)30GM CREAM(P)
32026321,3202632111,NEVILOB PLUS 5/25MG 20/F.C.TAB(P2)
32030137,3203013777,TRIB GOLD 250MG 30/CAP
32036377,3203637777,PREDSOL 5MG/5ML (50ML) SYRUP(P2)
32039527,3203952777,INESTAFENAC 50MG GRANULES 10/SACH(P2)
32041807,3204180777,ATOZET▼10MG/40MG 30/F.C.TAB+(P)
32045267,3204526777,STARKOPREX 5MG 30/F.C.TAB(P)
32048277,3204827777,ANTOPRAL 40MG 14/TAB(2STRIP)(P2)
32049537,3204953777,NAVOPROXIN PLUS 20/TAB(P)
32052977,3205297777,XILONE 5MG/5ML (100ML) SYRUP(P2)●
32063717,3206371777,VONASPIRE 20MG 14/F.C.TAB(P)
32075787,3207578777,NEOPRESSION 1MG 10/F.C.TAB(P)
32085317,3208531777,EMEREST 8MG 10/FAST MELT TAB(P)
32295677,3229567777,TYGACIL 50MG 1/VIAL+(P)
34243377,3424337777,ADDAMEL N 10ML 1/AMP+(P)
34372477,3437247777,CRESTOR 20MG 7/TAB(P)
34465577,3446557777,CAL-MAG 1200MG 30/TAB▓
99999150,99999150,AIR SPLINT FOREARM PLASTIC▓
3200193777,3200193777,CHROMAX 500MG 60/CAP(P2)
3202421777,3202421777,GENTACURE (1MG+0.5MG/GM)30GM CREAM(P)
3202632111,3202632111,NEVILOB PLUS 5/25MG 20/F.C.TAB(P2)
3203013777,3203013777,TRIB GOLD 250MG 30/CAP
3203637777,3203637777,PREDSOL 5MG/5ML (50ML) SYRUP(P2)
3203952777,3203952777,INESTAFENAC 50MG GRANULES 10/SACH(P2)
3204180777,3204180777,ATOZET▼10MG/40MG 30/F.C.TAB+(P)
3204526777,3204526777,STARKOPREX 5MG 30/F.C.TAB(P)
3204827777,3204827777,ANTOPRAL 40MG 14/TAB(2STRIP)(P2)
3204953777,3204953777,NAVOPROXIN PLUS 20/TAB(P)
3205297777,3205297777,XILONE 5MG/5ML (100ML) SYRUP(P2)●
3206371777,3206371777,VONASPIRE 20MG 14/F.C.TAB(P)
3207578777,3207578777,NEOPRESSION 1MG 10/F.C.TAB(P)
3208531777,3208531777,EMEREST 8MG 10/FAST MELT TAB(P)
3229567777,3229567777,TYGACIL 50MG 1/VIAL+(P)
3424337777,3424337777,ADDAMEL N 10ML 1/AMP+(P)
3437247777,3437247777,CRESTOR 20MG 7/TAB(P)
3446557777,3446557777,CAL-MAG 1200MG 30/TAB▓
196003999906,196003999906,DB READ.GLASS.BLUE(+3.00)/LRB3414\PL#
196007699662,196007699662,DAILY BLUE SQUARE COTTON PADS 160PC\PL
196007699910,196007699910,COMFY FOAM SHORTS(3XL)\PL▓#
196009250999,196009250999,ELEZABY GIFT CARD 250 L.E
677443221126,677443221126,MOVE ABDOMINAL BELT/XXL/MV020▓
677443221856,677443221856,MOVE ANKLE BRACE/M▓
4084500807426,281725,PANTENE SMOOTH&SILKY SHAMP. 700/600M#
5410076652723,281725,PANTENE SMOOTH&SILKY SHAMP. 700/600M#
6221039301010,276590,BIGEN HR COLOUR MEDIUM CHESTNUT/47
6222001557312,511,LORD FRESH 3 BLADES 1 RAZOR#
6223001384137,200348,EVA FOOT POWDER ALOE VERA 50G
6223002240093,6223002240093,LILAC TOOHPICK NATURAL BAMBOO /400
6223003734206,370612,PLASTER CURE-AID(CORN CUSHIONS)17/PCS▓
6224000874070,2708682,EGACS FRESH BREATH ORANGE SP.30M
8034097431951,260265,VB (SL) EASY STRAIGHT SHAMP.200M#
