108,108,MASK FACE SURGICAL F/KIDS MELT BLOWN▓
69866,69866,TS MAYBELLINE FALSI.LASH LIFT MASC.BLACK
70091,70091,TS REVOLUTION CONCEAL&DEFINE FOUND./F10
102019,102019,FARCOLIN▼120ML SYRUP
112047,112047,HYDROCORTISONE 1% 20GM OINT
279346,279346,SPEED DEO STICK  ALL TYPES LARGE#STOP#
279980,279980,KRYOLAN TRANSLUCENT POWD. /TL12#
281693,281693,KRYOLAN-P-SUPRACOLOR /EF25#
281969,281969,KRYOLAN-P-SUPRACOLOR /W04#
284849,284849,URIAGE CU-ZN GEL EXTRA-RICH CLEANSER200#
285420,285420,AMANDA MOUSSE FOUND. /4#
285868,285868,HAND GEL ANTISEPTIC 50ML#
301001,301001,EZAPRIL 10MG 20/TAB(P1)
301074,301074,#THERAGRAN-H (HEMATINIC) 30/TAB
301108,301108,DUVADILAN 20MG 30/TAB
310348,310348,DUA  ACTIVA  120ML LENSES SOLUTION+#
311581,311581,CLOVACORT 20GM GEL
320552,320552,HEALTHY ELBOW BRACE (3XL)▓
320927,320927,MUCOTEC 150MG 10/CAP●
321667,321667,LISINOPRIL 10MG 30/TAB
322837,322837,ELEGANCE BLD GLUCOSE MONITOR+ 100STRIP▓
323377,323377,CLARIKAN S.R. 500MG 7/TAB
323724,323724,PECTOL 4/STRIPE+OIL BOTTLE(OFFER).+▓
323751,323751,ATOMOXAPEX 18MG 30/CAP
323870,323870,#TYKERB(LAPATINIB)250MG 70/TAB.+%%♦
323984,323984,LEVOFLOX 500MG 5 TAB●
324246,324246,ARANESP 150µ 1/PREF.SYRINGE+®(P1)
324578,324578,REMTOZAR 100GM 10/TAB
341171,341171,HEALTHY ANKLE BRACE (L)▓
341539,341539,ADH DRESSING TRI-M STRIP 10 x 12CM▓
341621,341621,DEXAZONE 0.5MG 20/SCOR.TAB(P1)
341654,341654,VAGICLIND 2% 20GM VAG.CREAM(P1)
342170,342170,HEALTHY ABDOMINAL&SURGICAL BINDER(XXL)▓
343061,343061,MEPACURE 30/CAP
343911,343911,BABY RELIEF 12.5MG 5/SUPP
344297,344297,SULIDE 200 MG 6/SUPP
351664,351664,ELTROXIN 100µ 28/TAB.!!
411180,411180,VET-P.ESPEC.MONELLO FILHOTES CAT1KG•••
1808008,1808008,JINJA KID.HR ACCESS.2PCS/HCL-304
1905017,1905017,JINJA KID.HR ACCESS.1PCS/BN-362
2701243,2701243,AMANDA LAST&SHINE NAIL POLISH/325#
2703292,2703292,ANTIQUE AMIGO 1553 EDT SP.F/M 150M#
2704019,2704019,AMANDA M.MILANO STOP SHINE POWDER/07#
2704086,2704086,AMANDA O2 BREATHABLE NAIL POLISH/06#
2706585,2706585,EL ESTETICA NATURAL COCONUT OIL 60M
2707281,2707281,SECTOR (S) FACIAL WASH GEL 250GM#
2708815,2708815,SEBA MED MUL.SUN(LOT.150+BABY 200)1+50%@
2708882,2708882,SAMA HR DYE BOWL
3200035,3200035,PREGAVALEX 75MG 20/CAP©
3200765,3200765,#NOVALDOL 1000MG 15/TAB
3201119,3201119,VACCINE (PREVENAR13)0.5ML1/P.SYR.+®(P1)
3201186,3201186,GLUCOPHAGE XR 1000MG 30/TAB+(P3)♦
3201601,3201601,STRONG B50 PROLONGED RE. 20/TAB
3201674,3201674,NEXIUM 20MG 14/TAB
3201708,3201708,RAMPECARDIN 5MG 7/SCORED TAB
3202389,3202389,SOFOCIVIR 400MG 28/F.C.TAB
3203122,3203122,OXAPROZINAN 600MG 20/SCOR.F.C.TAB
3203423,3203423,#$OMNITROPE S.C 1/ PENFILL+®$#
3203672,3203672,MERAFLEVET 1G SR 7/F.C.TAB
3203805,3203805,SASMAR(W.BAS.LUBR.)MELON60M+ACTU.12PC+@▓
3203892,3203892,PULMIPROVE 62.5MG 30/F.C.TAB♦
3204130,3204130,VAGIZOLE 2% 15GM VAG.CREAM+3APPL.
3204347,3204347,DERILGY 60MG 3/F.C.TAB+1BOX FREE@#
3204417,3204417,VILDAFORMIN 50MG/1000MG 30/TAB(P1)♦
3204862,3204862,NORMOCARD 5MG 30/SCOR.F.C.TAB
3205245,3205245,SULFAX OPTIMA FORMULA 50GM CREAM▓
3205443,3205443,BEDREVIDA XL 500MG 14/EX.RE.F.C.TAB
3205915,3205915,ROVIX 14/SACH▓
3205982,3205982,CAMPHOPLEX MASSAGE OIL 250ML▓
3206626,3206626,S-26 GOLD (3) HMO 800GM MILK POWDER+
3206925,3206925,EVRYSDI 0.75MG/ML 80ML SUSP+®(P1)
3207265,3207265,NOW ARGININE&CITRULLINE 120/VEG.CAP+▓
3207535,3207535,EPICOMB 15G CREAM
3207913,3207913,VAKTER ANTISEPTIC 10% 120ML SOLUTION▓
3208156,3208156,ESOMEPRAZOLE EVA-PHARMA 40MG 20/E.C.TAB
3209775,3209775,MELATONIN 3MG 30/H.G.CAP▓
3210513,3210513,COMPENSO B-COMPLEX 100/O.DISP.TAB+▓
3210702,3210702,TRANEXAMIC ACID-SUN.PH.500MG/5ML IV1AMP♦
3210795,3210795,NOLAVER TRIAC 40GM OINTMENT▓
3210935,3210935,MINOXIGROW 5% MEN&WOMEN 150GM TOPI.FOAM®
3211226,3211226,SANSO D3 PLUS 28/TAB▓
3212058,3212058,CERELAC DATES&WHEAT&MILK W/FE(8M+)500G
3212249,3212249,NEPHROSTARK 100/F.C.TAB▓
3500324,3500324,MELATONIN 10MG 120/RE.CAP!!
3500993,3500993,VES-ATRA 100/SOFT GEL CAP!!
3501042,3501042,ZINC PICOLINATE 50MG 60/VEG CAP!!
3501194,3501194,NOW VITAMIN K-2 100μ 100/VEG.CAP!!
3700797,3700797,BAP SCAR CARE T 10X15CM SIL.GEL10SHEET+▓
3701167,3701167,JASPER BIO-WRIST&THUMB XL/B1002B▓
3701259,3701259,ELASTIC COH.BANDAGE CO-CREPE 10CM/MAUVE▓
3702346,3702346,SONY STAMINA PLUS XTRA POWER 9V 1/PC▓
3702478,3702478,COLOPLAST BASEPLATE 70 5/PC /10045▓
3702711,3702711,FINGERTIP PULSE OXIMETER(MODERN)/FS10A▓
3702764,3702764,ROTAMED INFRA.EAR THERM(HEAD&EAR)ET1010▓
3702980,3702980,NEBULIZER PL.HEALTH ZEPHYR COMP.(ASTRA)▓
20605477,2060547777,EXELON 3MG 28/CAP+(P)●
32017477,3201747777,PROBRIC 125ML SYRUP(P)
32023517,3202351777,ERALONER 25MG 20/F.C.TAB(P)
32042897,3204289777,TRIBATENS 20/5/12.5MG 30/F.C.TAB(P)
32080657,3208065777,THYROXINE 50μ 100/TAB(P)
32081117,3208111777,ATROZEMB 40/10MG 30/F.C.TAB(P)
32087357,3208735777,TOPOPRAZAN 20MG 14/F.C.TAB(P)
32129677,3212967777,#$U.P.CUT(3/STRIPS)30/TAB(P)$#
34179177,3417917777,VERMIZOLE 200MG (30ML) SUSP(P2)●
62810064,62810064,VASELINE INT.CARE HAND&NAIL LOTION 400M#
2060547777,2060547777,EXELON 3MG 28/CAP+(P)●
3201747777,3201747777,PROBRIC 125ML SYRUP(P)
3202351777,3202351777,ERALONER 25MG 20/F.C.TAB(P)
3204289777,3204289777,TRIBATENS 20/5/12.5MG 30/F.C.TAB(P)
3206803111,3206803111,QUADRIDERM 30G CREAM(P2)
3208065777,3208065777,THYROXINE 50μ 100/TAB(P)
3208111777,3208111777,ATROZEMB 40/10MG 30/F.C.TAB(P)
3208735777,3208735777,TOPOPRAZAN▼20MG 14/F.C.TAB(P)
3212967777,3212967777,#$U.P.CUT(3/STRIPS)30/TAB(P)$#
3417917777,3417917777,VERMIZOLE 200MG (30ML) SUSP(P2)●
196004999976,196004999976,PEELER SKIN 2WAY /106\PL#
677443224686,677443224686,MOVE THUMB SUPPORT/L/MV010▓
6221007036753,3212058,CERELAC DATES&WHEAT&MILK W/FE(8M+)500G
3212744,3212744,BENFOMEDREX 30/F.C.TAB▓
