3645,3645,Gift-Ezaby App Bionike Sun St.over 1500
5553,5553,TS HUGO BOSS GREEN E.D.T F/M 150ML
69672,69672,TS ROOFA C.KIDS SAUDI ARABIA(BOY)EDT100M
109002,109002,DERMATIN 20ML SOLUTION#▓
113203,113203,FRIGG PACIFIER PACK OF 1 DESERT/03
115102,115102,FRIGG PACIFIER PACK OF 1 CREAM
200189,200189,JOHNSON BODY MILK 200M#
260213,260213,QUIES EARPLUGS CIRE NATURELLE 8/PAIRS#▓
264028,264028,PLASTER TAPE SILK PLAST 2.5CM▓
280912,280912,RAID FLYING INSECT KILLER 300M
282338,282338,EVA SKIN GLYCERIN SOFT 55G#
282705,282705,ALWAYS OPTIMAL HOLD NORM 20PCS#
283131,283131,CAFLON EAR PIERCING COLOR LARGE#
283346,283346,WOW AMBER PERFUMED25 WIPES#
285317,285317,INGRAM EX.COOL LATHER SHAVE(GREEN)CR60G#
301202,301202,CARDURA 1MG 21/TAB(P1)
302074,302074,FLAGYL▼100ML SUSP(P3)
304058,304058,BISOLVON 4MG 5/AMP(P1)
305057,305057,#UNASYN 1500MG.1/VIAL
312390,312390,ADANCOR 10MG 30/TAB+(P1)●
320377,320377,FUCIN 10X30CM.▓
320539,320539,NIPRUSS 60MG(POWDER F/IV) 5/AMP+
322245,322245,NEW-CLAV EXTRA 642.9MG(50ML)SUSP(P3)
322454,322454,ACTOZONE 30MG 10/TAB.●
322559,322559,CANDICURE1 (600MG) 3/VAG. SUPP(P1)
322937,322937,#PANADOL 500MG 24/TAB
324012,324012,EFFEGAD ER 75MG 10/CAP
340696,340696,SODIUM BICARBONATE 5%  INFU.(NILE)♦
340836,340836,DERMO CALM 120ML LOTION.▓
343886,343886,CARE CHEST BINDER MEN (L)▓
344054,344054,SIBOTRIM 10MG 30/CAP(XXX)
344829,344829,SULBIN 750MG 1/VIAL(P3)
346122,346122,PLENDIL 10MG 30/TAB (3STRIPS)
351012,351012,MELATONIN 10MG 60/CAP!!
2701574,2701574,CERELAC YOGURT(WHEAT&DATES&HONEY)150GM
2701750,2701750,AMANDA STRONG LONG LAS.7DAY N.POLISH/25#
2701985,2701985,HIGEEN SMOKERS M.WASH400+TOOTH GEL60@#
2702041,2702041,BELLA HIGH LIGHT COLOR LENSES COOL GRAY#
2704252,2704252,AMANDA MILANO DIPLINER#
2704951,2704951,EZ OMY ANT ETRE PURPLE EDP F/W 65M\PL#
2705541,2705541,DOX HAND SANITIZER LAVENDER 250M#
2706247,2706247,LUNA S.KIDS MAX.PROTE.SPF50+ CR130M20%@#
2706579,2706579,EL ESTETICA WALNUT OIL 300M
2706610,2706610,BIONIKE SHINE ON HR D.COLO./6.05(1+50%@#
2706881,2706881,GIFT LA ROCHE BEACH HAT
2708274,2708274,XXX$#
3200221,3200221,ERYTHROMYCIN 500MG 8/TAB
3200614,3200614,EMEND (1Х125MG+2Х80MG) 3/H.CAP+(P1)
3200683,3200683,BODI CARE 150ML LOTION
3200870,3200870,RIBSES EXTRA W/CHERRY 22/LOZ.▓
3201352,3201352,FINASTURA 5MG 30/F.C.TAB(P1)
3201851,3201851,PHARYSOL F/THROAT INFECTIONS 30ML SPRAY+
3202111,3202111,DG-WASH FLUORIDE 125ML MOUTHWASH▓
3202641,3202641,VECOVARTEC PLUS 20/12.5MG 21/F.C.TAB
3203035,3203035,GRANITRYL 2MG 5/F.C.TAB(P3)
3203040,3203040,CRUISE ZAR (ACNE) 75GM CREAM
3203408,3203408,ROYAL (HIBISCUS+ANISE+MINT) 36/BAG@▓
3203497,3203497,CYRAMZA 100MG/10ML I.V-INFU 1/VIAL+®♦
3203619,3203619,HEALTHPOINT CHLORHEXID.(N.ALCO.)M.W200+▓
3203703,3203703,CERELAC WHEAT&MK500+3F.&WHEAT&MK75FREE@#
3203794,3203794,JEDCOFLACIN 200MG 20/F.C.TAB
3203934,3203934,MISACLOR 250MG/5ML (60ML)SUSP
3204557,3204557,JADENU 360MG 30/F.C.TAB+(P1)●
3204643,3204643,PROTECTOPRIL PLUS 4MG/1.25MG 20/TAB
3204809,3204809,LEZBERG 40MG 30/F.C.TAB(P1)●
3204900,3204900,INFECTOMYCIN 500MG 6/SCOR.F.C.TAB(P1)
3204975,3204975,VIGAFIL 5MG 10/SCORF.C.TAB
3205091,3205091,NOVECETAMOL 10MG/ML IV-INF 100ML 1/VIAL
3205125,3205125,OMNEVORA (2ML) IM 8/AMP(P1)
3205150,3205150,ANCAVAZ 10MG+10MG 20/F.C.TAB
3205374,3205374,VACCINE(VAXIGRIP)0.5ML(S.C)1/PR.SY.+®️P1
3205468,3205468,GIFT STELARA45MG/0.5ML(S.C)1PR.SYRINGE+®
3205576,3205576,C-RETARD+ZINC (500MG+5MG) 20/CAP
3206032,3206032,PRANDAGLIM PLUS 25MG/15MG 30/F.C.TAB
3206461,3206461,GYNAFRESH VW INT.FEM.WASH2*240M 1+50%+@▓
3207156,3207156,HERO BABY PUREE APPLE&BANANA(6+)100G
3207299,3207299,REPAION-N GEL 50GM MASSAGE GEL▓
3207314,3207314,D3 LAB KIDS APPLE FLAV.120ML SYRUP▓
3207383,3207383,TWIT-TEAR LUBRICANT 10ML EYE DROP+▓
3207721,3207721,IVYMUNE 120ML SYRUP▓
3207844,3207844,YUMMY EX.VITA C+ZINC(4-9Y)60+30GUMMY@▓
3207938,3207938,SUKKER DIET Z.C.SWEE.(1G/SAC)2X48/SACH@▓
3208351,3208351,POTENZYM (200MG+30MG)20/ENENTERIC C.TAB▓
3208852,3208852,KUFFIGLOB STRA.FLAV.100ML SYRUP▓
3209024,3209024,CAMPHOPLEX EXTRA 150GM MASSAGE GEL▓
3209226,3209226,KETORAL 10MG 20/F.C.TAB
3209680,3209680,ESOVAXOLE 20MG 28/RE.H.G.CAP
3209789,3209789,TAYSEBONE 30/H.G.CAP▓
3210170,3210170,ZODIAC 30/H.G.CAP▓
3210444,3210444,PREDSOL 5MG/5ML (125ML) SYRUP
3210538,3210538,PERFECTIL HAIR EXTRA SUPPORT 60/TAB+▓
3210620,3210620,VONAFUT 20MG 20/F.C.TAB
3210655,3210655,UFAXAN 30/S.G.CAP▓
3210769,3210769,LIMITLESS ALPHA WHEY PRO.ISO.BANANA 2KG▓
3211432,3211432,NATROL MAGNESIUM GLYCIN.240MG 60/CAP+▓
3211946,3211946,SORAFENIB-EVAPHARMA 200MG 60/F.C.TAB♦
3212572,3212572,CATTOMEGA 120ML SYRUP▓
3501029,3501029,SELENIUM 100µ 100/TAB !!
3601046,3601046,SALICYLIC ACID 30% IN ALCOHOL 100ML⌂▓
3700330,3700330,I-M PHILADELPHIA COLLAR (S/M) OH-005▓
3702112,3702112,P.BIDET(SHATTAF)800ML YELL./SPEED.CLEAN▓
3702686,3702686,INDISPENSABLE PRESCR.F/PHARMACISTS BOOK▓
9402317,9402317,O.P.I NAIL LACQUER 15M /A06#
9427015,9427015,O.P.I NAIL LACQUER 15M /B66#
9453311,9453311,O.P.I NAIL LACQUER 15M /B61#
9583061,9583061,GIBAUD WALKER(SHORT)EQUALIZ.BOOT(4)6566▓
30409877,3040987777,SYNTOCINON 10 I.U/1ML 5/AMP+®(P)●♦
32000111,3200011111,VENTAL 100µ 200/DOSE INH.(P4)
32017447,3201744777,VALSATENS PLUS160/25MG 30SCOR.F.C.TAB(P)
32023527,3202352777,NOXILORN 8MG 30/F.C.TAB(P)
32042377,3204237777,TAMSULIN PLUS (0.4MG+6MG)20/F.C.TAB(P)
32087367,3208736777,IDOMALTOL IRON 30MG 56/H.G.CAP(P)
32089497,3208949777,CEFTRIAXONE 1GM I.M 1/VIAL(SEDICO)(P)
32237177,3223717777,SUTENT▼12.5MG 28/CAP+(P)♦
32246977,3224697777,PROCORALAN 5MG 28/TAB(P)
32296877,3229687777,SUTENT▼50MG 28/CAP+(P)♦
34006577,3400657777,STIMULAN▼120ML SYRUP(P2)
34470477,3447047777,TOPAMAX 100MG 60/TAB+(P)
59080107,4800888148865,REXONA BAMBOO DEOD.R.ON F/W 50M#
80466437,80466437,DOVE ORIGINAL DEO STICK 40M!#
80576242,80576242,FOLTENE NAIL TREATMENT 10M#
3040987777,3040987777,SYNTOCINON 10 I.U/1ML 5/AMP+®(P)●♦
3200011111,3200011111,VENTAL 100µ 200/DOSE INH.(P4)
3201744777,3201744777,VALSATENS PLUS160/25MG 30SCOR.F.C.TAB(P)
3202352777,3202352777,NOXILORN 8MG 30/F.C.TAB(P)
3204237777,3204237777,TAMSULIN PLUS (0.4MG+6MG)20/F.C.TAB(P)
3208736777,3208736777,IDOMALTOL IRON 30MG 56/H.G.CAP(P)
3208949777,3208949777,CEFTRIAXONE 1GM I.M 1/VIAL(SEDICO)(P)
3223717777,3223717777,SUTENT▼12.5MG 28/CAP+(P)♦
3224697777,3224697777,PROCORALAN 5MG 28/TAB(P)
3229687777,3229687777,SUTENT▼50MG 28/CAP+(P)♦
3400657777,3400657777,STIMULAN 120ML SYRUP(P2)
3447047777,3447047777,TOPAMAX 100MG 60/TAB+(P)
10181066221,10181066221,PALMERS HR FOOD FORMULA 50G
22200961516,22200961516,TEEN SPIRIT SWEET STRAWB. DEOD.STICK65G#
25929132427,25929132427,COLOUR ME MUSK EDT F/M 90M#
26169045669,26169045669,BF SUGAR PEACH B.SP.236M
50425083065,50425083065,L&B FACE LOOSE POWD. /8306#
72239000564,72239000564,DRBROWNS STANDARD BOTTLE 60M#
72239007006,72239007006,DRBROWNS BOTTLE BRUSH
72239180228,72239180228,DRBROWNS MY BANDS 2PCS/AC022
72239300138,72239007006,DRBROWNS BOTTLE BRUSH
72239301166,72239301166,DRBROWNS ORTHOD.SOOTHER(2P)(6-12)M BLUE#
72239304877,72239304877,DRBROWNS NARROW NIPPLE LEVEL-1(2P) 0+#
72982002549,72982002549,SOFT&BEAUTIFUL BOTANICALS REGULAR#
74764368508,74764368508,ARDELL MAGNETIC LINER&LASH WISPIES#
74764780010,74764780010,ARDELL TOUCH OF COLOR BLACK 6M /240831#
87300600956,87300600956,MOTIONS RELAXER SUPER F/COAR. HR CR425G#
96200207738,96200207738,ORLY NAIL LACQUER HALO/20773#
196003999956,196003999956,DB READ.GLASS.BLACK(+2.50)/LRP074\PL#
196007699944,196007699944,COMFY FOAM LUMBAR&SEAT PILLOW\PL▓
309978695707,309978695707,REVLON COLORSILK MEDIUM ASH BLONDE/70#
340139931456,340139931456,BIODERMA PHOT.M.(SPF100)TINTED CR40MX2@#
609332815896,609332815896,ELF LASH XTNDR MASCARA /BROWN!
609332834736,609332834736,ELF GLOW REVIVER LIP BALM ISLAN COLADA!
655339058156,655339058156,MISTIC CHERRY DELIGHT B.MIST F/W 236M#
663350057003,663350057003,DISNEY PLANES EDT 100M
677443221806,677443221806,MOVE HINGED KNEE SUPP.(L)/MV240▓
705105299372,705105299372,DS REVITA COR HR GROW.STIMULAT.COND.190#
731509535549,731509535549,KISS PREM.I-ENVY EYELASHES 70PCS/KPE04#
731509562804,731509562804,KISS PRO.HR STRAIGHTENER13MM/KFI03EU051
731509587395,731509587395,KISS NAIL WRAP STRIPS 18PCS /KWN21
731509631012,731509631012,KISS PREM.I-ENVY EYELASHES /KPE52#
731509679823,731509679823,BROADWAY IMPRESS NAILS 30PCS/BIPA140#
731509692716,731509692716,BROADWAY IMPRESS NAILS 30PCS/BIPA015#
731509837971,731509837971,KISS IMPRESS NAILS 30PCS/KIMM11C
736658547092,736658547092,WET BRUSH ORIGINAL DETANGLER/BWR830SKYD
736658577860,736658577860,WET BRUSH ORIGINAL DETANG./BWRDISSUMLOV
736658585667,736658585667,WET BRUSH ORIGINAL DETANGL./BWR830HAPPYM
736658598391,736658598391,WET BRUSH ORIGINAL DETANG./BWR830ROCKBK
736658964110,736658964110,WET BRUSH PRO DETANGLE/BWP830WTOG
736658981704,736658981704,WET BRUSH PRO DETANGLE/BSC830BKBP#
764460726862,6943532400020,THERMOMETER GRANZIA FLEX.DIGITAL/KFT04▓
787790471226,787790471226,AROMA SUNSET GLORY B.MIST F/W 250M#
793437895300,793437895300,ORANGE DAILY MOIST.CR 57G#
796554841816,796554841816,NEBULIZER GRANZIA PURE MESH/LT-N400▓
796648101154,796648101154,BATOOK GUM STRAWBERRY STICKS 5PCS▓
800307856030,800307856030,KINETICS SOLARGEL NAIL POLISH/391
802535338159,87300600956,MOTIONS RELAXER SUPER F/COAR. HR CR425G#
802535851016,72982002549,SOFT&BEAUTIFUL BOTANICALS REGULAR#
819984011267,819984011267,I IMAGE ORMEDIC BALANC.FACIAL CLEAN.177#
840044704836,840044704836,EOS FRESH +COZY 24H MOIST.B.LOT.473M!
840044714248,840044704836,EOS FRESH +COZY 24H MOIST.B.LOT.473M!
840044714873,840044714873,EOS CREME DE PISTA.24H MOIST.B.LOT.473M!
850045076085,896364002671,OLAPLEX NO.7 BONDING OIL HR 30M
853237000226,853237000226,LIPO 6 HERS 120/MULTI PHASE CAP!!
853237000479,853237000226,LIPO 6 HERS 120/MULTI PHASE CAP!!
873999004058,873999004058,CAMELION DOCTOR LIGHT PEN+2/AAA BATTERY▓
896364002671,896364002671,OLAPLEX NO.7 BONDING OIL HR 30M
3014260098506,3014260098506,ORAL B ULTRATH.SENS.B.40EXTRA SOFT3PCS@
3014260246693,3014260246693,GILLETTE SIMPLY VENUS 2 F/W 4RAZORS#
3030050129694,3030050129694,BABYLISS SMOOTHING HEATED BRUSH/HSB101E#
3052503260419,3052503260419,BOURJOIS ROUGE EDITION VELVET/04#
3052503300511,3052503300511,BOURJOIS LEVRES CONTO.EDIT.LIP LINER/05#
3052503707136,3052503707136,BOURJOIS PUSH UP VOLUME GLAM.MAS.W.P/71#
3282770037678,3282770037678,AVENE CLEANANCE EXPERT EMULSION CR 40M#
3282770049503,3282779368032,DUCRAY MELASCREEN(50+)BR.SPOT LIG.CR40M#
3282779368032,3282779368032,DUCRAY MELASCREEN(50+)BR.SPOT LIG.CR40M#
3337875597487,3337875597487,CERAVE FACIAL MOIST.LOT.SPF(25)AM 52M#
3337875816779,3337875816779,LA ROCHE CICAPLAST BAUME B5+ SO.BALM 15M
3349668530045,3349668530045,P.RABANNE 1MILLION COLOGNE EDT F/M 125M#
3386460030618,3386460030618,GIFT BURB.THE BEAT BAG F/M(EDT7.5+A.S50)
3386460066082,3386460066082,BOUCHERON QUATRE EDP F/W 50M#
3386460066136,3386460066136,BOUCHERON QUATRE EDT F/M 100M#
3386460089012,3386460089012,DUPONT BE EXCEPTIONAL EDT F/M 50M
3423478923553,3423478923553,NARCISO RODRIGUEZ FOR HER EDP F/W 150M
3435172101175,260213,QUIES EARPLUGS CIRE NATURELLE 8/PAIRS#▓
3515450082515,3515450082515,NUTRICAP ANTI HR LOSS AMP.10X5M#
3516640825325,3516640825325,FRANCK OLIVIER NATURE F/W EDP 75M#
3600521989722,3600521989722,LOREAL CASTING GLOSS CR/513
3600522536161,3600522536161,LOREAL INFALIBLE POWDER FOUND./123#
3600522690344,3600522690344,LOREAL INFALLIBLE STAY FRESH FOUND./220#
3600522736646,3600522736646,LOREAL ELVIVE EXTRA.OIL NOUR.HR MASK300M
3600522764083,3600522764083,LOREAL TRUE MATCH GENIUS 4x1 FOUND./3W#
3600522851301,3600522851301,LOREAL COLOR RICHE MATTE LIPSTICK /632#
3600522860785,3600522860785,LOREAL COLOR RICHE COUTUR.LIP LINER/374#
3600531239688,3600531239688,MAYBELLINE M.INK SATIN EYELINER LI.NOIR#
3600531340742,3600531340742,MAYBELLINE THE ROCK NUDES EYE SHADOW#
3600531687182,3600531687182,MAYBELLINE TATTOO LINER GEL PENCIL/817
3600531691967,3600531691967,MAYBELLINE SUPERSTAY MATTE FOUND.30H/096
3610340010491,3610340010491,GARNIER COLOR INTENSITY CR /6.0#
3610340080340,3610340080340,GARNIER PURE ACTIVE 3X1 OILY SK 100M#
3610340459771,6222017017909,GARNIER COLOR NATURALS CR/6.3 15%@
3610340460128,6222017019187,GARNIER COLOR NATURALS CR/9.3 15%@
3610340460166,6222017017800,GARNIER COLOR NATURALS CR/9.1 15%@
3614223218493,3614223218493,BOURJOIS HEALTHY MIX VIT.FOUND. /50
3614223978151,3614223978151,BOURJOIS ROUGE ED.VELVET/08+CONTOUR/10@#
3614224495312,3614224495312,BOURJOIS HEALTHY MIX BB CREAM/01
3614225975424,3614225975424,BOURJOIS ROUGE FABULEUX LIPSTICK/08#
3614228412537,3614228412537,BOURJOIS TWIST2X1 EXTREME FIB.MASCARA/24
3760095252032,3760095252032,ACM DUOLYS EYE CONT.CR 15M
3800013567289,3800013567289,AROMA ENERGIZING SOAP BAR 90G\EX#
4008576106146,4008576106146,TITANIA TWEEZER/1061
4008576303521,4008576303521,TITANIA CORN SLICER SILVER /3035M1#
4008576371018,4008576371018,TITANIA GIRLS CARE HR BAND 2PCS/7908B#
4008576377171,4008576377171,TITANIA PUMICE SPONGE/3000/6ABPHB
4008576388887,4008576388887,TITANIA UNIVERSAL BRUSH/1873
4008576389174,4008576389174,TITANIA UNIVERSAL COMB/1801/W
4008600014591,4008600014591,NUK CLASSIC 2NIPPLE SILICONE(2)6-18M(S)
4008600117377,4008600117377,NUK DISNEY LATEX SOOTHER (1)(0-6M)2PCS
4008600155379,4008600155379,NUK NIGHT&DAY(6-18M)SOOTHER SILICONE
4008600175629,4008600175629,NUK R&B FIRST BLUE BL.SIL. BT(0-6M)300M
4008600215622,4008600215622,NUK CLEFT LIP TEAT W/SCREW RING
4045787573244,4045787573244,SCH F.CLINIX SQUALANE HYDRAT.BOOSTER30M#
4049500998369,4049500998369,RIA TAMPONS MINI 8PCS#
4059729348388,4059729348388,ESSENCE HYDRA MATTE LIPSTICK/402
4210201296157,4210201296157,BRAUN A.I.ONE TRIMMER7x1+GILLE./MGK3242#
4210201320296,4210201320296,BRAUN SILK EPIL(5)100 Y.L.ED.+3ACC/5391#
4251232262032,4251232262032,ESSENCE SUPERL.24H EYEBROW POMAD.PEN./20
4710962431359,4710962431359,FARLIN PACIFIER HOLDER BEAR/135A
4713411212158,4713411212158,MUSIC ROTARY BRUSH F/BOTTLE&NIPPLE/21215
4752208007294,4752208007294,KINETICS SOLARGEL NAIL POLISH/480
4800888148865,4800888148865,REXONA BAMBOO DEOD.R.ON F/W 50M#
4800888209726,4800888148865,REXONA BAMBOO DEOD.R.ON F/W 50M#
4897057140843,4897057140843,OBEBE FOOD DISPENS.SPOON CAROT/BD3512
4897057141192,4897057141192,OBEBE MILK POWDE.CONTAIN.&DISPEN./BD3515
5000204160253,5000204160253,GLADE ELEC.SC.OIL S.VANILLA EMBR.REF20M#
5038483867198,5038483867198,DUREX FETHERLITE ULTRA CONDOMS 3PCS▓
5055443625285,5055443625285,BOUTIQUE ORCHID&AMBER&INCENSE H.WASH500#
5057566180177,5057566180177,REVOLUTION SATIN KISS LIPLINER RUBY
5057566842396,5057566842396,REVOLUTION AIR BLUR LIQ.LIPSTICK PEACHY
5060630042172,5060630042172,TANGLE TEEZER DETANGLING HR BRUSH/42172
5281001316177,5281001316177,FRESHDAYS MEGA PACK NORM.P.LINERS 72P@
5281018088173,5281018088173,BEESLINE S.DRY POWDER SOFT DEO R.ON 50M#
5281018720622,5281018088173,BEESLINE S.DRY POWDER SOFT DEO R.ON 50M#
5903116729771,5903116729771,ON LINE HARMONY BATH&SHOW.GEL FIG 500M#
5903407565217,5903407565217,CANPOL SPORT CUP STRAW(9M+)350M/56-521#
5904993490846,5904993490846,NITOLIC(TREAT.50M+PREVENT.PLUS 50M)
5943076000282,5943076000282,IVATHERM HERCULANE THERMAL WATER 100M#
5997570704887,5997570704887,NEUTH LIGHTE.INTELLIGEN.NIGHT CR 30M
6085010041360,6085010041360,ARMAF TRES ALTIN EDP F/W 100M
6085010092614,6085010092614,ESTIARA BACKPACK EDT F/M 100M
6221039322466,6221039322466,LUNA TWIST BERRIES SH.GEL 500M
6221048076145,6221048076145,LUX250+SUN S.190+REX.50+FAIR&L.100+BAG@#
6221105002469,6221105002469,CYBELE DESIR.S.STAY S.MATTE LIPSTICK/07#
6221105422618,6221105422618,CYBELE 12 HOURS STAY LIPSTICK/12#
6221155027412,6221155027412,SIGNAL SENS.EXP.TOT.CARE PASTE75+BRUSH@#
6221155045478,6221155045478,CLEAR WOMEN ANTI HR FALL SHAMP.540M@#
6221155052131,6221155052131,LUX SOFT TOUCH SOAP 170G#
6221155060792,6221155045478,CLEAR WOMEN ANTI HR FALL SHAMP.540M@#
6221155091628,6221155091628,SIGNAL TRIPLE CLEAN T.BR.MEDIUM2PCS20%@#
6221155106759,6221155052131,LUX SOFT TOUCH SOAP 170G#
6221155134929,6221155134929,REXONA PEACH SPARK DEO.R.ON F/W 50M5LE@#
6221155214430,6221155214430,LUX SOFT ROSE&ALMOND OIL H.WASH 500M
6222004504528,6222004504528,KAZROUNI DIABETIC SOCK.D.GRAY(46-45\EX▓#
6222017017800,6222017017800,GARNIER COLOR NATURALS CR/9.1 15%@
6222017017909,6222017017909,GARNIER COLOR NATURALS CR/6.3 15%@
6222017019187,6222017019187,GARNIER COLOR NATURALS CR/9.3 15%@
6222017080804,6222017080804,GARNIER PURE AC.NEEM P.FACE WA.150M15%@
6222019611730,6222019611730,LUXURY BEAUT.VIT.C SERUM LIGHT.SK40/50M#
6223000657607,6223000657607,JOHNSON BABY BEDTIME LAVENDE.SHAMP.100M#
6223000659465,6223000659465,JOHNSON VITA RICH(B.WASH+B.LO.)250M25%@#
6223001241119,6223001241119,ZEINA FIVE STARS TOILET PAPER ROLLS6PCS#
6223001383543,6223001383543,EVA A.BACTERIAL H.SANITIZER HAN.GEL350M#
6223001389255,6223001389255,EVA RECIPE COCONUT LOT.370M
6223004036521,6223004036521,AREEJ PEPPERMINT FLORAL WATER 60M#
6223004231513,6223004231513,BABY GUARD DIAPER(4)MAXI(9-18K) 40PCS
6223004375019,6223004375019,SENSODYNE ORIGINAL RED T.PASTE 100M15%@#
6223004377822,6223004377822,ALOE EVA ALOE VERA&OLIVE HR OIL200M10%@#
6223004681745,6223004681745,GLYSOLID SOFT CR 200M
6223005720221,6223005720221,ROSERAIE FRESHENER M.PUR.BLACK ICE1000M#
6223007652346,6223007652346,MOLPED MAXI E.HYGIENE EXT.LONG 40+6PCS@
6223007653244,6223007653244,MOLPED FRESH&COMFORT ULTRA LONG 24P@
6223007830195,6223007830195,JOHNSON SOFT FACE&BODY CR F/ALL SK 300M#
6223008190823,6223008190823,YOLO N.POLISH REMOVER AQUA 135M
6223009500799,6223009500799,ENERGY EX.STRONG LOOK(3)STYLING GEL 250M
6223012843159,6223012843159,BUBBLES CLASSIC BOTTLE PINK (6)M 270M
6223013530065,6223013530065,SENSODYNE RAPID ACTION T.PASTE 75M20%@#
6223018450412,6223018450412,VACATION BEACH BREEZE DEO.R.ON F/W 50M
6224000549459,6224000549459,CURE AID  PLASTERS IN 5 SIZES 40 STRIPS▓
6224000883898,6224000883898,JUST ALCOHOL WIPES 14/SACHETS#
6224001455636,6224001455636,VACATION AQUA REPAIR MICELLAR WATER 200M
6224001455896,6224001455896,VACATION ARABIAN OUD DEO.R.ON F/W50M1+1@
6224001491023,6224001491023,SANOVA EYE CONTOUR CR+CONCEALER 15G
6224001498428,6224001498428,COCO VALENTINE WAX TUBE W.HR REMOV.150M#
6224001714177,6224001714177,KOLAGRA OUD WHIT.DEO.R.ON 2X60M@
6224001986208,6224001986208,BIO BALANCE DEEP PEELING SUPER SERUM 20M
6224002214010,6224002214010,FRESH KIDDO BABY LOT.200M#
6224002293411,6224002293411,JIVA CARE FACIAL CLEAN.OILY SK 250M#
6224002766038,6224002766038,DERMACY MOIST.MILKY TONER 150M
6224003004078,6224003004078,NOUVIQUE NOUVIGEN A.FRIZZ IN.SERUM2X30M@
6224003117099,6224003117099,OHANABATHS WILD BERRIES B.SPLASH F/W200M
6224003260092,6224003260092,GLOWMARK ASTRINGENT TONER F/OILY SK200M#
6224003674066,6224003674066,GENFXFAN VIT.C SK LIGHTE. 5X1 SERUM 30M
6224003674264,6224003674264,GENFXFAN MICELLAR CLEAN.WATER LIQ.120M
6224007384435,6224007384435,ATRAKTA RE/FORCE HR AMP.5MX12VIAL
6224007557006,6224007557006,MOLFIX (1)NEWBORN (2-5K)DIAPER 11PCS
6224008059127,6224008059127,AKREN A.ACNE SOAP 100G#
6224008838074,6224008838074,TRIX HR LOSS LOTION 120M#
6224008843498,6224008843498,MOIST-1 CREAM WHIT UREA CR 100GM
6224009086030,6224009086030,IDELMA SKIN LIGHTRNING SOAP 100GM#
6224009338597,6224009338597,ELLE NAIL POLISH 14M/910
6224009338603,6224009338603,ELLE NAIL POLISH 14M/911
6224009489039,6224009489039,BYE DIRTS HAND CLEANSER GEL GR.APPLE60M#
6224009614035,6224009614035,MOLFIX 3D (4)MAXI (7-18K) 80PCS#
6224010148086,6224010148086,COSMO APPE SILKY A.HR LOSS COND.250M
6224010559233,6224010559233,BODYLICIOUS JASMINE BLOO.B.MIST F/W217M#
6224010559318,6224010559318,BODYLICIOUS ROSE VANILLA B.LOT.263M#
6224010559509,6224010559509,RUNWAY NAIL LACQUER 14ML/70128#
6224011102391,6224011102391,CLEO ULTRA MOIST.RICH MOISTURIZE.CR150M#
6224011133333,6224011133333,VEE ALLURE EYE CONT.CR 40/30M
6224011300247,6224011300247,VITABALM KP SKIN MOIST.CR DRY SK 100M#
6224011673273,6224011673273,HAPPINESS HR OIL F/KIDS 200M
6229810520667,6229810520667,COFFEE ZINC HR FALL A.DAND.SHAMP.200M
6281006406025,6281006406025,PONDS AGE MIRACLE D.ACTION NIGHT CR 50M#
6281006478572,6281006478572,LUX CHERRY&CREAM H.WASH 500M#
6281031251560,6281031251560,FA MUSK EDC&SPLASH 250M#
6281031264089,6281031251560,FA MUSK EDC&SPLASH 250M#
6281031275009,6281031275009,FA HYG.&FRESH A.BAC.ORANGE LIQ.SOAP250M#
6281056500506,6281056598732,J.CASANOVA BLUE OCEAN BLUE B.SPLASH235M#
6281056547457,6281056547457,J.CASANOVA PARIS P.SP.HR REMOV.LEMON150
6281056598732,6281056598732,J.CASANOVA BLUE OCEAN BLUE B.SPLASH235M#
6291100276479,6291100276479,PRITTY FAUX MINK EYELASHES BLACK/F022
6291103290304,6291103290304,BRUSH UP KIDS CHOCOLATE MINTY GEL 70G#
6291106409437,6291106409437,AROMA VIT.(C) BRIGHT.MOIST.SERUM 30M
6624000807007,6624000807007,TELOFILL FACIAL MOISTURIZING GEL 50G
6624000807977,6624000807977,TELOFILL ULTRA-LIGHT FACIAL MOIST.GEL50G
6937620252257,6937620252257,LA FRUTTA WIDE DUO EL.B.PUMP2X180M/25225
6937620883208,6937620883208,SONATA ADVAN.CARE CUTICLE CLIPPER/88320#
6937620884014,6937620884014,SONATA ADVANC.CARE DEAD SK REMOV./88401#
6940657933778,6940657933778,GRANZIA DIG.BREAST PUMP G.FEED/2333MA/XH
6942138952285,6942138952285,INFLATABLE LUXURY FLAMINGO RIDER/41119
6943532400020,6943532400020,THERMOMETER GRANZIA FLEX.DIGITAL/KFT04▓
6950217241205,6950217241205,TRUE GOLD MILK/FOOD STO.CONT.4P/2024120#
7038516140371,7038516140371,JORDAN TOTAL CLEAN T.BRUSH MEDIUM#
7350104242688,7350104242688,BIONNEX RENSADERM REVITALIZ.TONER 200M
7611711101073,7611711101073,SIGVARIS 503 AD (M) SHORT▓
7611711231985,7611711231985,SIGVARIS ELBOW SUPPORT (I) WHITE▓
7622210228857,7622210228857,CHICLETS CHEWING GUM TUTTI FRUTTI 10PCS▓
7640107010378,7640107010378,SKINCODE ESSEN.D.DETOX SPF(15)DAY CR 50M
7640107017018,7640107017018,SKINCODE ES.S.O.S.OIL C.BALANC.SERUM 30M
7640107050114,7640107050114,SKINCODE EXCLUSIVE CELLUL.A.AGING CR 50M
7702018024759,3014260246693,GILLETTE SIMPLY VENUS 2 F/W 4RAZORS#
7702018390656,7702018390656,GILLETTE FUSION5 PROGLIDE FLEXBALL2BLADE
8001090708359,8001090708359,H&S A.DAND.SMOOTH&SILKY SHAMP.400M 25%@
8001090957375,8001090957375,PAMPERS AIR CHANNELS(3)MIDI(6-10K 32PCS#
8003510008964,8003510008964,MALIZIA VANILLA DEOD.R.ON F/W 50M#
8003510022267,8003510022267,MALIZIA UOMO SKY LINE DEOD.SP.F/M 200M#
8009518216264,8009518216264,DEBORAH 24ORE VELVE.WET&DRY EYE SHAD/61#
8009518222289,8009518222289,DEBORAH 8ORE.H.LONG LAST.LIPSTICK/09#
8009518252255,8009518252255,DEBORAH ABS.LAST.DUO LIQUID LIPSTICK/11#
8009518274769,8009518274769,DEBORAH 24ORE EYEBROW MARKER/01#
8013134240015,80576242,FOLTENE NAIL TREATMENT 10M#
8015675000844,8015675000844,NANNINI SHAKE READ.GLSS.GREEN WATER/+3#
8015675902513,8015675902513,NANNINI SNAP 1B READ.GLASS.L.GREEN/+2.5#
8015675906306,8015675906306,NANNINI QUICK READ.GLASS.OC.YELLOW/+1.5#
8023379992310,8023379992310,THERMOMETER INF.JOYCARE DIGITAL/JC-231G▓
8029041161213,8029041161213,BIONIKE DEFEN.DERMO SOOTHING SHAMP.200M#
8029041175043,8029041175043,BIONIKE KOHL & KAJAL EYE PENCIL/104#
8034097951077,8034097951077,SALVADORE FERRAGAMO ATTIMO EDT F/M 100M#
8057003007460,8057003007460,DESIO ATTITUDE 90 DAY C.C.LENS REBE.GREY
8058664057412,8058664057412,CHICCO W.B G.BOTTLE BOY SILC.150M(+0M)
8058664081455,8058664081455,CHICCO SPORT CUP INSULAT.(14M+)BLUE 266M
8058664124732,8058664124732,CHICCO SENSORY TABLE AGE 10 MONTH-4 YEAR
8410175078315,3207156,HERO BABY PUREE APPLE&BANANA(6+)100G
8426017028554,8426017028554,LOEWE SOLO EDC F/M 75M#
8680512606932,8680512606932,BIOBLAS A.HR LOSS DRY&DYED HR SHAMP.200#
8680512607946,8680512606932,BIOBLAS A.HR LOSS DRY&DYED HR SHAMP.200#
8691275000110,8691275000110,IPEK COTTON BUDS 300PCS
8693203019607,8693203019607,FE PROFESSIONAL PERSONAL SET BAG REF/040
8693203021037,8693203021037,FE STAINLESS GLITTERY TWEEZER/059
8697584862876,8697584862876,NINA COLLECT.GOLD PEARLS REGULAR
8697711700019,8697711700019,BIO BALANCE HAND&NAIL BALM 60M#
8699216343623,8699216343623,FRANO DIAMOND CRUSH B.MIST F/W 110M#
8710103543916,8710103543916,AVENT HARD SPOUT CUP(12M+) 260M /75200#
8710103582267,8710103582267,PHILIPS CARE&CONTRO.STRAIGHTENER/HP8344#
8710103625445,8710103625445,PHILIPS PRO HR DRYER 2100W/HPS910#
8801038600581,8801038600581,DORCO PACE 6 PRO BLADES 4PCS
8808033120793,8808033120793,SOMANG KERATIN HAIR AQUA ESSENCE 110ML#
8809562192572,8809562192572,ARENCIA PORE MELT MOCHI CLEANS.OIL 200M!
8809875457825,8809875457825,EQQUAL BERRY VIT.ILLUMIN.TONER 150M!
8850007010869,8850007010869,JOHNSON BEDTIME BABY POWD.200G
8850007012504,8850007010869,JOHNSON BEDTIME BABY POWD.200G
8886467075209,80466437,DOVE ORIGINAL DEO STICK 40M!#
8901138512606,8901138512606,HIMALAYA GENTLE BABY SOAP 125G#
9354593634908,9354593634908,LOVISA EARRINGS 4PCS/51648824!
6223013532175,6223013532175,SENSODYNE DEEP CLEAN T.BRUSH SOFT 1+1@
609332849471,609332849471,ELF SOFT GLAM SATIN FOUND.MEDIU.WARM/30!
4051526159419,4051526159419,MEDI ANKLE SUPPORT 501(V)
