69554,69554,TS DISNEY DIVINAS EDT F/K 50M
70080,70080,TS REVOLUTION MA.FIX OIL CONTROL SP.100M
70134,70134,TS REVOLUTION LIFT&DEFIN.5D LASH MASCARA
102008,102008,EPICOGEL 180ML SUSP(P1)
106013,106013,E-1000 30/CAPS (SEDICO)
260773,260773,RIRI SPECIAL FORMULA GLUTEN-FREE 125G#
278062,278062,KRYOLAN CAKE MAKEUP /N2#
278440,278440,BABY JUNIOR SILICON NIPPLE S/2(M) LE6.95
281394,281394,IMTENAN CITRUS FRUITS HONEY 450GM▓
282306,282306,ALOE EVA HENNA WITH ALOE VERA 200G#
282409,282409,BLOOM REMODELING BODY CR 120G#
285237,285237,FRUTTINI RASPBERRY CREAM SH.GEL 250M#
285930,285930,#$AMANDA LAST&SHINE LIPSTICK NO.33#$
301010,301010,DINITRA 20MG 20/TAB●
303269,303269,DACARBAZINE MEDAC 200MG 10/VIAL+%%®
313022,313022,#$VISINE ORIGINAL 0.05% EYE DROP 15ML+$#
320279,320279,VALPOKINE 200MG 40/TAB♦
320297,320297,APEX VITAMIN PLANNER (7X1) (50042)▓
320561,320561,#DIAMICRON 60MR 30/TAB●♦
320763,320763,HEMI 50GM CREAM
320947,320947,EXFORGE▼10/160MG 14/TAB(P3)
321034,321034,CIPRA-PRO 10MG 10/TAB#
321548,321548,DENTOCAINE 7.5% 10GM GEL▓
321607,321607,MARODERM 60ML LOTION.
322682,322682,CEFACLOR 125MG 60ML SUSP
323278,323278,DALACIN▼2% 16.5GM VAG.CREAM(P1)
323674,323674,JASPER SHOULDER SUPPORT S (SP-A)▓
323740,323740,FEVANO 200MG (125ML) SYRUP
323803,323803,TROZAL 1% 20GM CREAM
324600,324600,COMFORT 50GM GEL▓
341160,341160,GLOVES LATEX PRIME.(S)100PIC▓
341528,341528,TRITOSPOT 15GM CREAM(P3)
341630,341630,OPPO CLAVICLE BRACE ALL(4075)▓
342312,342312,TENEDONE 100MG/25MG 20/TAB
343438,343438,VALCYTE 450MG 60/TAB.+
343900,343900,#LEVOXIN 250MG 5/TAB●
344101,344101,PARIET 20MG 7/GASTRO RESISTANT TAB+
344219,344219,TAXOTERE DOCETAXEL 80MG 1/VIAL+®♦
344695,344695,#MONICURE NH 6/VAG.SUPP
345186,345186,ANTI-COAGULAND(ACD) 500ML INFU.+®
345667,345667,THERMOMETER OMRON  O-TEMP▓
345689,345689,CALVIT CD 5GM 10/SACH
348714,348714,CIALIS▼20MG 2/TAB+(P3)
350588,350588,PHARMATON 30/CAP!!
355279,355279,VITAMIN C & ZINC IMMUNE1000MG 90/V.CAP!!
411164,411164,VET-CORAX TABLET INTR.W/SOFT TIP 10PC•••
1905002,1905002,JINJA KID.HR ACCESS.1PCS/HDB-458
1905077,1905077,JINJA KIDS SUN GLASSES/J7132-3#
2700952,2700952,AURIGA MELACLEAR DEPIGMENTING CR 30M#
2703135,2703135,MONTAGE LOUISE PERFUME SP.F/M 200M#
2704008,2704008,AMANDA M.MILANO GO WEIGHTLESS FOUND./04#
2705375,2705375,MAXI GOLD KER.&COL.HR(SHAM500+MASK500)@
2705825,2705825,GIFT ALWAYS BOX#
2707290,2707290,PRETTIER ACNE PRONE SK CR 35GM
3201610,3201610,AZI-ONCE 200MG/5ML (15ML) SUSP+
3202075,3202075,HAIROGLOBE 2% 60ML SCALP SOLUTION SPRAY
3202398,3202398,PENTASA▼500MG 100/TAB+(P3)♦
3203111,3203111,SPASMOPINAVER 100MG 30/F.C.TAB
3203436,3203436,CONTAJEL(0.05%+0.66%)15GM ORAL GEL▓
3203559,3203559,SHATOO 50MG+200MG 7/RE.F.C.TAB(P1)
3203641,3203641,ECTOIN ALLERGY KIDS2%0.5ML E.DROP10AMP+▓
3204143,3204143,VITABELLA 200GM CHOCOLATE PASTE▓
3204327,3204327,MEGAPRAZOLE 40MG IV-INFU POWD.1/VIAL
3204352,3204352,TRIAMERICAN 500MG I.M 1/VIAL●
3204402,3204402,PRISTIMOOD 50MG(SUST.RE.)20/SCOR.F.C.TAB
3204477,3204477,MELOFLAM 15MG 30/F.C.TAB
3204499,3204499,OXAPLATIN 100MG/20ML IV-INF 1/VIAL●♦
3204851,3204851,AIMOVIG 70MG/ML(S.C) 1/PREF.PEN+®
3205456,3205456,COMBITRUST 2.5/2.5/12.5MG 30/CAP
3205805,3205805,POLYMART 50GM GEL
3206981,3206981,JOY EXTRA 30/F.C.TAB▓
3207465,3207465,SELF OMEGA3 30/S.G.CAP+▓
3207591,3207591,LOKAZANDA 60ML MOUTH SPRAY▓
3207906,3207906,AQUA▼ICE COMPLEX 100ML GEL+▓
3209625,3209625,EURESENSE ORANGE FLAV.10/SACH▓
3210209,3210209,SWELLARO 50GM (SOOTHING&EMOLLIENT) GEL▓
3210292,3210292,ICOHOP (HAIR&SKIN&NAILS)30/F.C.TAB▓
3210506,3210506,COMPENSO B-COMPLEX 30/O.DISP.TAB+▓
3210685,3210685,IMMUNIPHAR 20/F.C.TAB▓
3210865,3210865,NEXICURE 5MG 28/SACH
3212258,3212258,MIG 15ML NASAL SPRAY+▓
3212654,3212654,SOFI LIFE KIDS ROY.JEL.BANANA30/GUMMY+▓
3500274,3500274,SEXOVITA FORTE 30/TAB.!!
3500986,3500986,CURCUMIN 120/VEG.CAP!!
3501071,3501071,MACA 500MG F/MEN (RAPID RE.)60CAP!!
3700719,3700719,MAXAR WRAP-AROU.KNEE BRACE BL/KNS140XXL▓
3700782,3700782,SPRAY-ON 60ML PLASTER SPRAY▓
3701172,3701172,OPPO WRIST THUMB SUPPORT NEOP.(1089) S▓
3701248,3701248,ADH DRESS.HYPORDRESS BWT(W.PROOF)10X6CM▓
3701734,3701734,MOUTH TO MOUTH RESUSCITAT.DEVICE(MASK)▓
3701918,3701918,FLAMINGO WRIST&FOREARM SPLINT M/OC2016▓
3702700,3702700,ADH DRESSING STERILE PHARMAPORE 10X20CM▓
3702964,3702964,ACCU-CHEK GUIDE 50/STRIP▓
3703062,3703062,XXX
6000180,6000180,PHARMACEUTICAL PREPARATION (180) ⌂▓
30128177,3012817777,NEUROVIT 20/TAB(P)
30611077,3061107777,PEPON 30/CAP(P)
31007477,3100747777,CHITO 500MG 30/CAP(P)
31032877,3103287777,SULFOZINC 10MG/5ML (80ML) SUSP(P)
32007197,3200719777,AVAZIR 0.3% 10ML EYE DROP(P)
32029647,3202964777,AZROLID 1200MG/30ML SUSP(P2)
32094647,3209464777,DEXAZONE 0.5MG 60/TAB(P)
32097097,3209709777,ATCOCOXIB 60MG 30/F.C.TAB(P)
32324977,3232497777,TRIACOR 5MG 10/TAB+(P)●
34090177,3409017777,HAEMA-CAPS 14CAP(P)
34473277,3447327777,SERLIFT 100MG 10/TAB(P)●
34593377,3459337777,FERRO-6 24/S.G.CAP(P)
34670577,3467057777,DOSIN 4MG 20/TAB(P)
451000067,451000067,GK-EVEPEDIA20
3012817777,3012817777,NEUROVIT 20/TAB(P)
3061107777,3061107777,PEPON 30/CAP(P)
3100747777,3100747777,CHITO 500MG 30/CAP(P)
3103287777,3103287777,SULFOZINC 10MG/5ML (80ML) SUSP(P)
3200719777,3200719777,AVAZIR 0.3% 10ML EYE DROP(P)
3202964777,3202964777,AZROLID 1200MG/30ML SUSP(P2)
3209464777,3209464777,DEXAZONE 0.5MG 60/TAB(P)
3209709777,3209709777,ATCOCOXIB 60MG 30/F.C.TAB(P)
3223327777,3223327777,DECLOPHEN 12.5MG 5/SUPP®(P)
3232497777,3232497777,TRIACOR 5MG 10/TAB+(P)●
3409017777,3409017777,HAEMA-CAPS 14CAP(P)
3447327777,3447327777,SERLIFT 100MG 10/TAB(P)●
3459337777,3459337777,FERRO-6 24/S.G.CAP(P)
3467057777,3467057777,DOSIN 4MG 20/TAB(P)
733739006943,355279,VITAMIN C & ZINC IMMUNE1000MG 90/V.CAP!!
4015630066599,3702964,ACCU-CHEK GUIDE 50/STRIP▓
3212720,3212720,CENTRUM WOMEN 100/TAB+@▓
