10,10,TARKEBAT (INSIDE PHARMACY) ⌂
6287,6287,TS MONT BLANC LEGEND NIGHT EDP F/M 100M
69956,69956,TS ZAK TIMELESS EDT F/M 175M
101375,101375,ANTOX 30/TAB(P3)
102176,102176,CURISAFE 125MG (60ML) SUSP
105058,105058,#$ZINOL 1GM. 1/VIAL$#●
111019,111019,#$TINEA-CURE 20GM CREAM$#
114104,114104,FRIGG PACIFIER PACK OF 1 FRENCH GRAY
200221,200221,DERMACIDE SOAP
200368,200368,ZINC OLIVE 60ML LOTION▓
201006,201006,MULTI-MINERAL FORMULA 30/TAB.+
201099,201099,#ORAP FORTE 4MG 20/TAB+
261879,261879,CLOSE UP MENTHOL FRESH T.PASTE 25M
262140,262140,BIGEN HR COLOUR RICH MEDIUM BROWN/56
270460,270460,H&S A.DAND.MENTHOL REFRE.SHAMP.200M
280203,280203,ORTHOPRIM SILICON FLAT FOOT P405(M)▓
282511,282511,ORTHOPRIM FULL LENGTH INSOLE P433 (XL)▓
282564,282564,AMANDA HOT LASH MASCARA ALL COLOR#
282678,282678,KRYOLAN  ULTRA FLUID FOUND W04 (9130)#
284294,284294,MIKI TOENAIL CLIPPER NO.4230JC LE24#
284997,284997,SANOSAN OINTMENT DIAPER RASH CR 150M#
285165,285165,KRYOLAN GLAMOUR GLOW 9072 BLUSH ROSE#
285635,285635,NIVEA SOFT CR 300M
285802,285802,CLEAR MEN HR FALL DEFENSE SHAM.400/360M#
301162,301162,CAPOTEN▼50MG 10/TAB(P1)
302541,302541,#UR-AID 12/EFF.SACH
310322,310322,LOHYDRAN 10/SACH(P1)
320170,320170,RIFAMPIN 150MG 10/CAP
321292,321292,CARBO-BLAST SUPER ORANGE BLAST 1.70KG
321573,321573,#$ARCALION FORTE 400MG 30/TAB.$#
322060,322060,MASK FACE 3M 9322 FFP2▓
323243,323243,ORTHOGLOBE 500MG 30/CAP.
323445,323445,#$FACTIVE 320MG 5/TAB$#
324512,324512,WELL DERM 50MG CREAM
340352,340352,#DOLPHIN-K 1.5% 15ML ORAL DROP.
341409,341409,#$NOVOMIX 30 100U/ML 3ML X5/PENFILL+®$#♦
341496,341496,FARCOVIT-B12 30/CAP(P1)
341513,341513,TUSSINOR 120ML SYRUP
341795,341795,CALM SKIN 20GM CREAM
341935,341935,STOMAHESIVE  56.7GM PASTE+▓
342220,342220,PLAQUENIL 200MG 60/TAB(P1)♦
343155,343155,VITONA PLUS 12/CAP●
343249,343249,STELLASIL 5MG 30/TAB(P1)
344738,344738,FERROTRON 20/CAP▓
345845,345845,HISTAZINE-1 100ML SYRUP(P1)
346237,346237,LORATIN 10MG 20/TAB
347124,347124,EUCAL HERBAL 50GM GEL▓
348002,348002,BETADERM 15GM OINT(P1)●
352975,352975,GRIPE WATER (TUR.) 148ML SYRUP!!
354780,354780,CREON 10000U 100/CAP.!! ( KREON)
355170,355170,NEO HEALAR 10/SUPP!!
358274,358274,AMLOR 5MG 30 CAP.!!
370247,370247,MAXAR ANKLE SUPPORT COTTON(S)/BAN301▓
370517,370517,CATHETER FOLEY SILIC.2WAY10INF BLACK/CH▓
411203,411203,VET-SERESTO COLLAR(+8K)DOG(7-8M)1/PCS•••
1708005,1708005,JINJA KID.HAND ACCESS.4PCS/HRB-521
1708092,1708092,JINJA WRIST.HAND ACCE.COLO.2PCS/BR-95
2701034,2701034,NIVEA DEOD. FRESH NATURAL F/W 150ML25%@#
2701041,2701041,NIVEA SOFT CR 300M 25%@
2703928,2703928,DOVE DAILY CARE SHAMP.400+CR SHOW.250@
2704033,2704033,AMANDA SUPER LONG WEAR MATT LIPSTICK/18#
2704176,2704176,AMANDA EXTRA VOLUME LIPGLOSS/8#
2704806,2704806,NUXE REVE M.HONEY GENTLE SHAM.300M2PSC@
2704899,2704899,NATURIA(EXTRA STRAIGHT+C.SHAMP.)120M\EX
2705298,2705298,AMANDA LAST&SHINE NAIL POLISH/260#
2706000,2706000,BELLA ONE DAY COLOR C.LENSES CI.CRYSTAL#
2708648,2708648,BIONIKE(D.SUN50+)F.LOT+ACTEEN GEL)200M@#
2708734,2708734,HAUT-SEGALA B.BU.(CALEND.+ARGAN)2x120M@#
2708741,2708741,LA ROCHE AN.UVMU.400(50+)HYDR.CR 50M@%#
3200361,3200361,#$TESTONON 250MG/1ML 1/AMP$#
3200978,3200978,ALMOTRIP FORTE 12.5MG 2/F.C.TAB
3201076,3201076,ASTROGLIDE (LUBRICANT)35ML WARM.LIQUID+▓
3201762,3201762,#ANTIFLAM 50MG 20/SCOR.F.C.TAB
3201906,3201906,HERBALAND MULTI-VITS 30KIDS GUMMY+▓
3201999,3201999,SHORSALIN 300MG 30/F.C.TAB
3202198,3202198,HISTA CHEW 10MG 20/SCOR.CHEW.TAB
3202257,3202257,GROWTH FORMULA(WG)VAN.F/UNDERW.10/SACH▓
3202868,3202868,ECTOIN SCALP TONIC 2.5ML 20/AMP+
3202921,3202921,CANDEREL RED 300/TAB+20%FREE@▓
3202954,3202954,INHIGLIP 25MG 30/F.C.TAB
3203250,3203250,AIG MINOXIDIL5%(100ML)SCALP LOTION SPRAY
3203328,3203328,PRENERVANEX 75MG 20/CAP©
3204725,3204725,ADCOCARE 20GM CREAM
3205018,3205018,GRALIPENTIN XR 300MG 30/F.C.TAB(P1)⛒
3205634,3205634,GLUTAMINE DRIVE POWD.300G+▓
3205641,3205641,C4 ORIGINAL ICY BLUE RAZZ 60/SERV.390G+▓
3205748,3205748,VITIDE 5GM 15/SACH
3206107,3206107,SYLTAG 5GM 30/SACH+GREEN TOP 18/FILTER@▓
3206284,3206284,PURITANS P.L-CARNITINE F.1000M90CAPLET+▓
3206693,3206693,ATOMOXAPEX 4MG/ML (100ML) ORAL SOLUTION
3206716,3206716,PSYCHOLANZ 25MG/3MG 30/H.G.CAP
3206789,3206789,CONAZ C (500+600)MG 20/F.C.TAB
3206877,3206877,RIVAROSPIRE 2.5MG 30/F.C.TAB♦
3207614,3207614,PROTOLOC 40MG 28/E.C.TAB●
3207661,3207661,VIOCALCIMIN 30/F.C.TAB
3208206,3208206,LIMITLESS OSSOFORTIN (D3)2000IU 30/TAB▓
3208299,3208299,LUTEIN 15ML ORAL DROP▓
3209304,3209304,CENTRAVITA PROST 30/TAB▓
3209454,3209454,ALPHALIPO 600MG 20/F.C.TAB▓
3209568,3209568,RELIVATEAR(5+9)MG/ML OPHTHAL.(15ML)SOLU.
3210078,3210078,PEDIASURE VANILLA 400GM MILK POWD.+15%@
3210364,3210364,AGNATIX (ORANGE FLAV.)60ML SYRUP▓●
3211293,3211293,MAXI-MUM PEA 30/H.G.CAP▓
3211316,3211316,ROTACYSTEINE C&ZINC(2.5GM/SAC) 10/SACH▓
3211389,3211389,CONVIBAN 25MG/ML(120ML) ORAL SOLUTION
3211684,3211684,DH STEVIA DIET SUGAR (3.5G/SAC) 60/SACH▓
3211824,3211824,MENZOFLIC 30/F.C.TAB▓
3212032,3212032,ELTROPAG 25MG 14/F.C.TAB
3212263,3212263,HEMRIMART 40GM GEL▓
3500139,3500139,CENTRUM SILVER ADULTS 50 + 80/TAB.!!
3700160,3700160,"Brush, hand, scrubbing, plastic▓"
3701273,3701273,SOFT CARE SILIC.GEL HEEL CUPS(M)/SH210D▓
3701505,3701505,MAXAR WRIST SPLINT(M)/WRS202▓
3701592,3701592,PLASTER STERIPAN TALON HYDROCOLLOID 5PC▓
3702412,3702412,DIABETIC SHOES GOLD MOVE(41)▓
3702485,3702485,COLOPLAST CLOSE.OPAQ.POUCH 40 30PC/1681▓
3702566,3702566,ALFERDOUS FULL SILIC.INSOLE(M)(ZERA)▓
3703143,3703143,FIBROSOL NON ADHES.HYD.DRES.10X10CM1PCS▓
10105011,1010501111,PARAMOL 500MG 20/TAB(P2)
10105077,1010507777,PARAMOL 500MG 20/TAB(P3)
10124177,1012417777,SALBOVENT 2MG 30/TAB(P2)
31036277,3103627777,CARNIVITA FORTE 30/TAB(P2)
32017547,3201754777,ALLERZONE 0.1% 25GM CREAM(P)
32047847,3204784777,VETOYAGRA 100MG 15/F.C.TAB(P)
32087227,3208722777,BLINCOREST 125MG 30/CHEW.TAB(P)
32094357,3209435777,LOTERANOL 0.5% 5GM OPHTHALMIC OINT.(P)
32347877,3234787777,CRESTOLIP 20MG 30/TAB(P)
34262877,3426287777,BRISTAFLAM 100MG 20/TAB(P2)
34318277,3431827777,VOLTAREN 25MG 5/SUPP(P)
34587877,3458787777,TEMODAL 100MG 5/CAP+%%(P)♦
34589277,3458927777,HELI-CURE 14/TAB(P)●
1010501111,1010501111,PARAMOL 500MG 20/TAB(P2)
1010507777,1010507777,PARAMOL 500MG 20/TAB(P3)
1012417777,1012417777,SALBOVENT 2MG 30/TAB(P2)
3103627777,3103627777,CARNIVITA FORTE 30/TAB(P2)
3201754777,3201754777,ALLERZONE 0.1% 25GM CREAM(P)
3204784777,3204784777,VETOYAGRA 100MG 15/F.C.TAB(P)
3208722777,3208722777,BLINCOREST 125MG 30/CHEW.TAB(P)
3209435777,3209435777,LOTERANOL 0.5% 5GM OPHTHALMIC OINT.(P)
3234787777,3234787777,CRESTOLIP 20MG 30/TAB(P)
3426287777,3426287777,BRISTAFLAM▼100MG 20/TAB(P2)
3431827777,3431827777,VOLTAREN 25MG 5/SUPP(P)
3458787777,3458787777,TEMODAL 100MG 5/CAP+%%(P)♦
3458927777,3458927777,HELI-CURE 14/TAB(P)●
196003999711,196003999711,DB READ.GLASS.ORANGE(+2.50)/LRP4090\PL#
196007699714,196007699714,DELTA VERTEBRAL BELT (M)/PL▓
196007699761,196007699761,DELTA WRIST SUPPORT (S)\PL▓
4003583190676,284997,SANOSAN OINTMENT DIAPER RASH CR 150M#
4003583191840,284997,SANOSAN OINTMENT DIAPER RASH CR 150M#
4005900009463,285635,NIVEA SOFT CR 300M
5011321360259,270460,H&S A.DAND.MENTHOL REFRE.SHAMP.200M
6221039301034,262140,BIGEN HR COLOUR RICH MEDIUM BROWN/56
6221048232244,285802,CLEAR MEN HR FALL DEFENSE SHAM.400/360M#
6221048236341,285802,CLEAR MEN HR FALL DEFENSE SHAM.400/360M#
6221048413568,261879,CLOSE UP MENTHOL FRESH T.PASTE 25M
6221155024374,285802,CLEAR MEN HR FALL DEFENSE SHAM.400/360M#
6221155043092,285802,CLEAR MEN HR FALL DEFENSE SHAM.400/360M#
6221155081612,261879,CLOSE UP MENTHOL FRESH T.PASTE 25M
6223002630004,3202257,GROWTH FORMULA(WG)VAN.F/UNDERW.10/SACH▓
8710428011657,3210078,PEDIASURE VANILLA 400GM MILK POWD.+15%@
