8,8,TS. LANVIN RUMEUR 2 ROSE E.D.P F/W 100ML
5588,5588,TS J.B.ONE MAN SHOW GOLD EDT F/M 100M
6242,6242,TS AXIS PARIS RUE PRINCESSE EDP F/W 100M
69702,69702,TS C.DIOR SAUVAGE EDP F/M 100M
69913,69913,TS MAYBELLINE LIFTER GLOSS LIP GLOS/006
69984,69984,TS MAYBELLINE FIREWOR.BLACK MASCARA/4224
70234,70234,TS MAYBELLINE TATTOO LINER MATTE WHITE
261834,261834,SEKEM INTESTINAL HARBALS 10/PACKETS▓
282208,282208,ORGA HAIR SHAMPOO 400ML#
283089,283089,GILLETTE VECTOR PLUSE A.CLOGGING 1BLADE#
284251,284251,AMANDA LAST&SHINE N.POLISH /500#
285083,285083,AMANDA LAST&SHINE N.POLISH /508#
302038,302038,VELOSEF 250MG (100ML) SUSP(P1)
303037,303037,MARCOFEN 500MG 5/SUPP●
306096,306096,VENORUTON 300MG 20/CAP
310086,310086,APEXAZOLE 1% 15GM CREAM.
312581,312581,SAMA 240ML CLEANSER SOLU
321334,321334,ACETAMEX 250MG 20/TAB●
322300,322300,EXCEDRIN 20/TAB●
322375,322375,DRESSING STERI.NON-ADH PHARMAPAD10X10CM▓
340061,340061,HYDREA 500MG 100/CAP+♦
340263,340263,COLCHICINE 500µ 100/TAB(P3)
341242,341242,OVER SHOES PLASTIC▓
343204,343204,PIRAFENE 120ML SYRUP
343572,343572,MELOCAM 15MG 10/TAB
344018,344018,#COSOPT 5ML EYE DROP
344087,344087,#CATAFLAM 75MG/3ML 3/AMP
345017,345017,#$TOMAZINE 10MG 20/TAB$#
350231,350231,EVENING PRIMROSE OIL1000MG 60/SOFTGELS!!
370282,370282,JASPER ANKLE SUPPORT  XL (ET006)▓
370336,370336,JASPER KNEE COLOURED L (1005)▓
2701538,2701538,GIFT KISS LASH
2701620,2701620,NIVEA COOL KICK DEOD.R.ON F/M 50M 15%@#
2703910,2703910,SHRINK TONING (WT. LOSS) LOTION 3X237M@#
2703965,2703965,HAIR MIX NOURISHING&HYDRATING CR2X120G@#
2704133,2704133,AMANDA MILANO MOIST MATTE LIPSTICK/28#
2704296,2704296,LUX PER.HAND WASH SOFT TO.ROSE 500M20%@#
2704362,2704362,FRUMOS DARK CIRCLES EYE CR 25M#
2704995,2704995,KOLAGRA C SK SERUM RI.IN VIT2X60M1+50%@#
2705606,2705606,SEROPIPE HR SERUM 100GM@#
2706337,2706337,TOLA HAIR LOTION 2X120M 1+50%@#
2706629,2706629,CLARY(SHAMP.300M+KERATIN HR WATER200M)@
2706830,2706830,GIFT DUCRAY BEACH HAT
2708069,2708069,BIONIKE SHINE ON HR D.COLO./4.18(1+50%@#
2708670,2708670,GIFT MASH SUN SCREEN BAG#
3200290,3200290,TINEAREST 15GM CREAM
3200566,3200566,VENTAL COMP. SPRAY 15GM/M.DOSE INH.
3200658,3200658,ROYAL LEMON&GINGER 20/BAGS▓
3200935,3200935,MINOX(MINOXIDIL) 5% 60ML SCALP LOTION
3201262,3201262,GELSEA (LUBRICANT) 6ML 12/GEL SACHET+▓
3201396,3201396,MELOCAM 15MG 30/TAB
3201895,3201895,#QUETIAZIC 150MG(EXTENDED RE.)30/F.C.TAB
3201943,3201943,FUTATREAT 500MG 20/SCOR.F.C.TAB
3202292,3202292,RX 50GM MASSAGE GEL▓
3202506,3202506,FLOPADEX▼4MG 20/H.G.CAP(P1)
3202771,3202771,EYLEA 40MG/ML INTRAVITREAL 1/VIAL+®
3202825,3202825,LIPTOMIL PLUS (LF) 350GM MILK POWDER+#
3202850,3202850,MOVEASY 5MG 20/F.C.TAB
3202991,3202991,ROYAL URINARY TRACT ROYAPETRO 10/SACH▓
3203079,3203079,ALKAPRIDE 50MG 30/SCOR.TAB(P1)●
3203310,3203310,DULCADA VIT.D3&K 20/SOFT CHEW▓
3203747,3203747,BETAPRONATE 0.5MG/1GM 20GM GEL
3203978,3203978,GANAMOTIL 50MG 30/F.C.TAB
3204607,3204607,MAVENCLAD 10MG 1/TAB+(P1)
3204698,3204698,LABIPRESS 100MG 30/SCOR.F.C.TAB
3204939,3204939,DELEPE 60MG 6/F.C.TAB
3205020,3205020,AMLOSAZIDE 10/25/40MG 20/F.C.TAB
3205055,3205055,SWISSLAC PREM.1(B/6M)400GM MILK POWD.+@
3205169,3205169,OPTAMINESS 150/F.C.TAB(P1)●
3205338,3205338,CIALONG 20MG 4/F.C.TAB
3205705,3205705,JUSTECHOL 10MG 28/F.C.TAB(P1)
3205770,3205770,SPEAK+D PURE OIL(L.LEMON) 120ML LIQUID+▓
3205899,3205899,NERCAFIX 40MG 30/O.D.FILM(P1)
3206241,3206241,FISH OIL (ON) 100/S.G.CAP+
3206511,3206511,MOXYSEYARO 5MG/ML 10ML EYE DROP
3206753,3206753,CHOLETRIX-D3▼400IU(30OR20)ML(INF)O.DROP▓
3207066,3207066,ELBALURAN 40MG 30/F.C.TAB
3207358,3207358,STAVROMINE FORTE (7G/SAC) 10/SACH▓
3207790,3207790,AMBROPRO 20MG MINT FLAV. 10/LOZ.TAB
3207808,3207808,EPIZITHRO 500MG 3/H.G.CAP
3208243,3208243,GIFT▼ENBREL 50MG 4/PREF.SYRINGE+®♦
3208395,3208395,CEFALOMASH 500MG IM/IV 1/VIAL
3208636,3208636,CIBINQO▼100MG 28/F.C.TAB+♦
3208782,3208782,ISOTRETINOIN 10MG 30/S.G.CAP♦
3208896,3208896,SOFTMINA5001PANTYHOSE CCL2AT(XL)BEIGE▓
3208962,3208962,NURTEC ODT 75MG 8/O.DISINTEGRAT.TAB+
3209068,3209068,AZOTEC DEX 100GM MASSAGE CREAM▓
3209176,3209176,OPLEX-N PLUS FOR CHILDREN 10/SUPP●
3209525,3209525,ALIVE MENS FRUIT FLAV.60/GUMMY+▓
3209550,3209550,ZETAO ORANGE FLAV. 10/SACH▓
3209806,3209806,CHARTOREG 40MG 28/TAB(P1)
3210035,3210035,IVYBEARS WOMEN HAIR VITAMI.3X60/GUMMY+@▓
3210040,3210040,VONOPEP 20MG 20/F.C.TAB
3210149,3210149,TOCADON 30/F.C.TAB▓
3210408,3210408,ELNILE HORAS(APPLE CIDER)145GM MASS.GEL▓
3210619,3210619,DERMA-YIELD 30GM MOISTURIZING CREAM▓
3211353,3211353,CERELAC WHEAT NUT.BISCUITS(12M)4PCS15.5G
3212352,3212352,PEROLEAD 10MG 10/O.DIS.TAB
3212402,3212402,CARBOWHITE 30/TAB▓
3500817,3500817,SORANIB 200MG 120/TAB!!
3700309,3700309,I-M CLAVICLE SUPPORT OH-115 (XL)▓
3700587,3700587,PHARMA FINGER SPLINT (L)▓
3701364,3701364,ITA-MED KNEE HIGHS (M)/H-304(BLACK)▓
3701434,3701434,GABRIALLA ABDOM.SUPP.BINDER(XL)/AB309W▓
3702523,3702523,BIATAIN ADHESIVE(18X18)5PCS/3423▓
4640943,4640943,GIBAUD ANKLE  SUPPORT(XXL)6487 OR 6583▓
5357971,4640943,GIBAUD ANKLE  SUPPORT(XXL)6487 OR 6583▓
9646926,9646926,ORLY MINI NAIL LACQUER GREEN WITH/28696#
9665125,9665125,ORLY NAIL LACQUER PLUM NOIR /20651#
30158719,30158719,MAYBELLINE LIFTER PLUMP LIP GLOSS/001
30176218,30176218,MAYBELLINE BROW FAST SCULPT GEL MASC./06
32018437,3201843777,LEVCET2.5MG/5ML(120ML)ORAL SOL.(P2)
32021037,3202103777,B-FRESH (P.MINT/BL.)W(F)250M M.WASH(P)▓
32026537,3202653777,OXATRILEPAZINE 600MG 10/SCOR.F.C.TAB(P)
32041967,3204196777,DAVALINDI 10MG(1000IU) 100/TAB(P)
32054947,3205494777,CALAMYL 100ML LOTION(P)▓
32073607,3207360777,FLAVICEF 100MG/5ML (30ML) SUSP(P)
32077337,3207733777,DAPABLIX 5MG 30/F.C.TAB(P)♦
32078307,3207830777,GESTAFEMIN(0.03MG+0.075MG)21/F.C.TAB(P)
32083437,3208343777,ERGOPRENO600000IU/1.5ML IM/ORAL 3/AMP(P)
32159877,3215987777,DOLO-D 115ML SUSP(P)
32257377,3225737777,BONECARE 0.5µ 30/CAP(P2)
32294277,3229427777,CURAM 642.9MG/ (75ML) SUSP(P2)
34011577,3401157777,LIGNOPANTHEN 20GM GEL(P)
34287477,3428747777,#$UNICTAM 375MG 1/VIAL(P)$#
77922656,77922656,MENTHOPLUS CHERRY (RED) 30.6G CANDY▓
99999148,99999148,NEEDLE HOLDER 18 CM▓
3201843777,3201843777,LEVCET2.5MG/5ML(120ML)ORAL SOL.(P2)
3202103777,3202103777,B-FRESH (P.MINT/BL.)W(F)250M M.WASH(P)▓
3202653777,3202653777,OXATRILEPAZINE 600MG 10/SCOR.F.C.TAB(P)
3204196777,3204196777,DAVALINDI 10MG(1000IU) 100/TAB(P)
3205494777,3205494777,CALAMYL 100ML LOTION(P)▓
3207360777,3207360777,FLAVICEF 100MG/5ML (30ML) SUSP(P)
3207733777,3207733777,DAPABLIX 5MG 30/F.C.TAB(P)♦
3207830777,3207830777,GESTAFEMIN(0.03MG+0.075MG)21/F.C.TAB(P)
3208343777,3208343777,ERGOPRENO600000IU/1.5ML IM/ORAL 3/AMP(P)
3215987777,3215987777,DOLO-D 115ML SUSP(P)
3225737777,3225737777,BONECARE 0.5µ 30/CAP(P2)
3229427777,3229427777,CURAM 642.9MG/ (75ML) SUSP(P2)
3401157777,3401157777,LIGNOPANTHEN 20GM GEL(P)
3428747777,3428747777,#$UNICTAM 375MG 1/VIAL(P)$#
18653005365,6223001388326,SENSODYNE EXTRA FRESH T.PASTE 100M#
49796608854,49796608854,CHICCO ULTRA SOFT MAGIC CARRIER QUANTUM
50425072847,50425072847,L&B 20100 CRAYON LIP STICK /7284#
72239009505,72239009505,DRBROWNS FORMULA CADDY
72239316030,72239316030,DRBROWNS SOFT TIP SPOON COLORS 4PCS#
96200006515,9665125,ORLY NAIL LACQUER PLUM NOIR /20651#
96200206519,9665125,ORLY NAIL LACQUER PLUM NOIR /20651#
96200208483,96200208483,ORLY NAIL LACQUER PUSH THE LIMIT /20848#
96200286962,9646926,ORLY MINI NAIL LACQUER GREEN WITH/28696#
196003999866,196003999866,DB READ.GLASS.BLACK(+2.00)/LRP3262\PL#
196007699908,196007699908,COMFY FOAM SHORTS(XL)\PL▓#
196007699997,196007699997,RELAXO BACK SUPPORT CUSHION\PL▓#
227766566490,227766566490,MIRAMI HAIR MIST SUNKISSED 150M
609332824232,609332824232,ELF CAMO LIQ.BLUSH PINKY PROMISE 4M!
618059165023,618059165023,PHYTO DEFRISANT B.RELAXING BALM 100M#
633911789223,633911789223,CHI POWER PLUS NOURISH COND.355M#
663350077148,663350077148,MARVEL HEROES E.D.T 100ML#
667546048578,667546048578,V.S ESCAPE W/ME TO THE BEACH B.MIST250M#
667557457918,667557457918,B&BW LIFE OF THE PARTY B.MIST 236M!#
679602791083,679602791083,ZIPPO THE WOMEN RED EDP F/W 75M#
731509200140,731509200140,KISS CURVE OVERLAP NAILS 20PCS/PS08#
731509537796,731509537796,BROADWAY LAST.FRENCH NAILS(M)28PC/BEF01#
731509599565,731509599565,KISS HAUTE COUTURE NAT.PREMI.LASHE/KHL06
731509607949,731509607949,KISS PREM.I-ENVY EYELASHES /KPEB08
731509837438,731509837438,KISS IMPRESS COLOR NAILS 30PCS/KIMC004C
731509967616,731509967616,KISS GEL FANTASY NAILS 28PCS/KGN24
736658450590,736658450590,WET BRUSH SPEED DRY GREEN/BWR810SQGJINT
748378003130,748378003130,ECO (10) ARGAN OIL GEL  F/ALL HR 236M#
764460727302,764460727302,GRANZIA ARM PRES.M.USB TRIPIONI/TMB2083▓
764460727654,764460727654,BAMBINO CLASSIC NIPPLE SILICONE (3)M#
787790507123,787790507123,AROMA LAVENDER BLOSSOM SH.GEL 450M#
800307854722,800307854722,KINETICS SOLARGEL NAIL POLISH/280
815401017188,815401017188,G.K  JUVEX.CREAM COLOR GOLDEN BLONDE/7.3
817758389642,817758389642,ET PROJECT LITE BEN TAN NO.38964
858259000155,858259000155,EPISILK DRY/WEAK HR SHAMP. 295.7M#
2005030000004,2005030000004,VET-PETS SHOW TOOTH BRUSH•••▓
3014260823108,3014260823108,ORAL B PULSAR EXPERT A.BACTERIAL 35SOFT#
3030050016673,3030050016673,BABYLISS HR DRE.DRYER EXPERT2000W/D141E#
3030050153880,3030050153880,BABYLISS E.SMOOT.B.SH.235STRAIG./ST598E#
3052503260815,3052503260815,BOURJOIS ROUGE EDITION VELVET/08
3052503807515,3052503807515,BOURJOIS VOLUME CLUBBING BLACK NO/751#
3052503961606,3052503961606,BOURJOIS MELTING POWDER EYE SHADOW/16#
3141389912038,3141389912038,ARNAUD OLIGOJI35 F/M A.AGING CONC.CR50M#
3264680007941,3264680007941,NUXE WHITE BRIGHT.RENEW.NIGHT CR 50M#
3274870501999,3274870501999,GIVENCHY HYDRA SPARKLING EYE GEL 15ML
3337872413018,3337872413018,LA ROCHE CICAPLAST BAUME B5 BALM 100M#
3337872418587,3337872418587,LA ROCHE LIPIKAR BAUME AP+ B.BALM 200M#
3337875518598,3337875518598,LA ROCHE EF.DUO(+)A.MARKS MED.SHAD.CR40M
3337875909280,3337875518598,LA ROCHE EF.DUO(+)A.MARKS MED.SHAD.CR40M
3338221002723,3338221002723,PHYTO JOBA MOIST.GEL DRY HR LEAVE IN150M
3360372009436,3360372009436,DRAKKAR NOIR F/M EDT 100M#
3386460045889,3386460045889,GIFT BURBERRY WEEK END BAG
3574661465241,3574661465241,L.P.MARSEILLAIS RASPBE.&PEONY SH.CR250M#
3587925316210,3587925316210,EST.PASSION VANILLA B.MIST F/W 250M
3600522699040,3600522699040,LOREAL MEGA VOL.MISS MANGA MASC.B.ANGEL#
3600531209636,3600531209636,MAYBELLINE FACE STUDIO BLUSH /80#
3600531355128,3600531355128,MAYBELLINE F.PUSH UP ANGEL MASC.V.BLACK#
3600531453466,3600531453466,MAYBELLINE FIT ME MAT.+POR.LIQ.FOUN/242#
3600531469412,3600531469412,MAYBELLINE SUPER STAY MATTE INK/70
3600531584696,3600531584696,MAYBELLINE FALSIES LASH LIFT MASC.BLACK
3600531623081,3600531623081,MAYBELLINE SUPER STAY MATTE INK/255#
3600531632403,3600531632403,MAYBELLINE SUPER ST.A.WEAR30H FOUND./20#
3610340010569,3610340010569,GARNIER COLOR INTENSITY CR /4.60#
3610340461088,6222017020886,LOREAL EXCELLENCE CR/1 20%@
3610340667244,3610340667244,LOREAL ELVIVE DREAM LONG RESTO.COND.360M
3614223884964,3614223884964,BOURJOIS ROUGE V./08+1S.NAIL POLISH/12@#
3614227786318,3614227786318,BOURJOIS ALWAY.FABULOUS STICK FOUN./100#
3614227786387,3614227786387,BOURJOIS ALWAY.FABULOUS STICK FOUN./415#
3614227786400,3614227786400,BOURJOIS ALWA.FABULOUS STICK FOUND./600#
3616301182474,3616301182474,BOURJOIS FABULEUX LIP GLOSS/02
3616304016226,3616304016226,BOURJOIS VELVET THE PENCIL LIPSTICK/05
3616305360106,3616305360106,BOURJOIS ALWAYS FABULOUS CONCEAL./350
3700281702378,3700281702378,TOPICREM GENTLE CLEAN.WATER FACE&EYE200#
3700281702781,3700281702781,TOPICREM(AC)COMPENSATING MOIST.CR 40M#
3700839900041,3700839900041,LCA (SPF50+)SUNSCREEN SENS. CR 40M#
4003583063215,4003583063215,SANOSAN BABY WASH&CARE 400ML#
4003583138821,4003583138821,G.K COLOR SHAM+BEST+PH+(2SER.+2COND)10@
4003583190331,4003583063215,SANOSAN BABY WASH&CARE 400ML#
4005808691982,4005808691982,NIVEA NATURAL RADIANCE DEO.SP.F/W 150M
4005808717446,4005808717446,NIVEA MEN STRESS PROTECT DEOD.R.ON 50M#
4005808941919,4005808941919,NIVEA BB CR 5x1 BEAUT.MOIST. MEDIUM 50M
4008576010559,4008576010559,TITANIA NAIL CLIPPER/1055
4008576314640,4008576314640,TITANIA GLASS NAIL FILE GREEN NO/1251/B#
4008576314749,4008576314749,TITANIA COSMETIC MIRROR/1525
4008576376730,4008576376730,TITANIA PH.L.CORN BLADES/3100/1x10PHB
4015000984737,4015000984737,FA FLORAL PROT.POPPY&BL.DEOD.SP.F/W150M#
4015400861775,4015400861775,PANTENE DAILY CARE 2X1 SHAMP.1000M#
4049500164498,4049500164498,RIA ULTRA SILK NIGHT SANITARY PADS 8PCS#
4056800869367,4056800869367,WELLA KOLESTON COL.CR W/OIL 310/0F.20%@#
4059729245854,4059729245854,ESSENCE THE NUDE ED.EYESHADOW PALE./10
4059729288721,4059729288721,ESSENCE SHINE LAST&GO NAIL POLISH GEL/70
4059729518736,4059729518736,ESSENCE HYDRA KISS LIP OIL/08
4103040004932,4103040004932,SEBA MED CLEAR FACE GENTLE SCRUB 150M
4103040900258,4103040900258,SEBA MED SUN(NO PERFUME)SPF(50)LOT.150M
4211125764302,4211125764302,BEURER GLASS DIAGNOSTIC SCALE 180K/BG21▓
4713411603758,4713411603758,MUSIC LATEX PACIFIER +0M /60375
4891228430139,4891228430139,SCHICK EXACTA-2 VIT (E) F/M 5PCS+2FREE#
5000394127265,5000394127265,DURACELL PLUS POWER AA 8+4PCS FREE@▓
5010415224385,5010415224385,TOMMEE TIP.N.S.A.COLI.GLASS BOTT.0M+250M
5011522043494,5011522043494,ELEGANTOUCH LIP BRUSH#
5060173371005,5060173371005,TANGLE TEEZER HR BRUSH/SS-010617#
5060565103559,5060565103559,REVOX BUZZ(HON.&LEM.)FACE CLEAN.GEL180M#
5060630042752,5060630042752,TANGLE TEEZER HR BRUSH/SOC-PU-010319
5281018003176,5281018003176,BEESLINE PACIFIC ISLANDS DEO.R.ON 50M
5281018086827,5281018086827,BEESLINE INVIS.TOUCH DEO R.ON 2X50M1+1@
5281018720547,5281018003176,BEESLINE PACIFIC ISLANDS DEO.R.ON 50M
5281019023364,5281019023364,COSMAL CURE PROF.VITAL-SHINE BALSAM 500M
5601683471870,5601683471870,PROTECHDRY F/WOMAN WHITE H.WAIST(XXL)▓
5903407023007,5903407023007,CANPOL CLIP CHAIN /2-300
5903407092010,5903407092010,LOVI BY CANPOL SILICON.BREAST PUMP9/201#
5903407181264,5903407181264,CANPOL SILICONE NIPPLE ORTHO 2PC/18-126
5903407187600,5903407187600,LOVI DYNAMIC TEAT (3M+) VARIBLE/18-760
5903407561608,5903407561608,CANPOL BABY BRUSH W/COMB/56-160#
5903407993058,5903407993058,CANPOL BL.BOTTLE SILIC.(0M+)120M/59-300#
5903416060192,5903416060192,EVELINE MULTI PEPTYDY REGENE.CR SHOT 50M
6085010041148,6085010041148,ARMAF THE WARRIOR B.SP.F/M 250M
6085010041445,6085010041445,ARMAF VENICE NOIR EDP F/W 100M
6085010092935,6085010092935,ESTIARA CHEVAL BLUE EDT F/M 100M
6221007043508,3211353,CERELAC WHEAT NUT.BISCUITS(12M)4PCS15.5G
6221039079131,6221039079131,LUNA NAIL SPA KERATIN CREAM 10M
6221105410813,6221105410813,CYBELE CREAMY TOUCH COMPACT FOUND./02#
6221105423356,6221105423356,CYBELE RICH CREAM LIPSTICK/155
6221155036964,6221155036964,DOVE SPLIT ENDS RESCUE SHAMP.400M 20%@
6221155113610,8901030002458,LIFEBUOY MILD CARE H.WASH 200M#
6221155117885,6221155117885,SIGNAL COMPLETE 8 COCO T.PASTE 100M20%@#
6221155120083,6221155120083,TRESEMME KERA.SM.&ST.(SHAM600+COND200)@#
6221155201942,6221155201942,REXONA MEN V8 72H DEOD.SP.150M12%@#
6221155214218,6221155214218,DOVE GO FRESH CUCUMB.72H DEO.R.ON F/W50M
6222012007196,6222012007196,RELAXO WRIST SPORT CLOS./XXL/RE0044B\PL▓
6222012007233,6222012007233,RELAXO SUSPENSORY (NET)/S/RE0053B\PL▓
6222017009850,6222017009850,LOREAL EXCELLENCE CR /5.32+SHAMP.90M@
6222017020114,6222017009850,LOREAL EXCELLENCE CR /5.32+SHAMP.90M@
6222017020886,6222017020886,LOREAL EXCELLENCE CR/1 20%@
6222017025423,6222017025423,LOREAL ELVIVE TO.REP.(5)OIL REPLA.300M@
6222019600512,6222019600512,INFINITY BERRY DELIGH.B.MILK F/A.SK 200M
6222019602059,6222019602059,BOBANA COCONUT MOIST.CR 100G#
6222019602929,6222019602929,HYALOKONEX SK SERUM 40M
6222019604299,6222019604299,INFINITY CARE KIDS SPF30 PROT.CR 2X120M@
6222019607900,6222019607900,INFINITY CLEAN SANITIZER HAND GEL 60ML#
6222019611709,6222019611709,LUXURY BEAUTY KERATIN W/ARGA.SHAMP.250M#
6222019617534,6222019617534,INFINITY CARE SUNSCE.SPF(50+)DRY SP.200M
6223000658758,6223000658758,JOHNSON NORM.SHAMP.800M+OIL CAMOMI.200M@
6223000658840,6223000658840,JOHNSON VITA RICH ROSE WA.B.CR 200M20%@
6223000658949,6223000658949,JOHNSON(@)BABY(NORM.SHAMP500+POWDER50G)#
6223000659137,6223000659137,JOHNSON COTTON TOUCH OIL 200M#
6223001340119,6223001340119,GLADE MULTISPRAY TROPICAL BREEZE 500M#
6223001380054,6223001380054,EVA S.C.A.AGE.NIACINAMIDE FACE SEURM30M#
6223001380290,6223001388326,SENSODYNE EXTRA FRESH T.PASTE 100M#
6223001384533,6223001384533,EVA SENSES IN THE CLOUDS SH.CR 250M
6223001386926,6223001386926,EVA YOG.&CUC.(OILY SK CR170G+WIPES 25P)@
6223001387190,6223001387190,EVA SMOKERS T.PASTE CHARCOAL 50G
6223001388326,6223001388326,SENSODYNE EXTRA FRESH T.PASTE 100M#
6223002054220,6223002054220,VEBIX MAX CLASSIC DEO.CR 10M
6223002230105,6223002230105,HAIR CODE GEL W.LOOK BLUE JAR(500+100M@#
6223002536252,6223002536252,DENTI CURVE T.BRUSH SOFT\PL#
6223004370984,6223004370984,EVA ADV.CARE BOOST.FOREV.LONG HR OIL 55M
6223004371653,6223004371653,MAN LOOK ALOE(SHAVE CR+HR CR)*40G 20%@#
6223004372490,6223004372490,EVA COLLAGEN 3D CLEAN.MAKEUP REMOV.150M
6223004792526,6223004792526,BABYJOY(1)NEW BORN UPTO4K60P+SOFY(L)8P@#
6223005878441,6223005878441,DETTOL INST.ORIGINAL HAND GEL 2+1 50M@#
6223006341722,6223006341722,BEBEM NATURAL (2) MINI (3-6KG)40PCS#
6223007460583,6223007460583,AVUVA CHERRY BLOSSOM B.SPLASH F/W 55M
6223007650717,6223007650717,PAPIA POCKET TISSUES 3PLY 10PCS
6223007653640,6223007653640,PAPIA TISSUES 2PLY 650PCS
6223007830546,6223007830546,JOHNSON VITA RICH POMEGR.H.WASH300M16%@#
6223007905053,6223007905053,DERMAELLE HYALU.CICA SOO.&REP.CR 60M
6223008330816,6223008330816,GIFT BEESLINE WOMEN BAG
6223008620191,6223008620191,RICRAC RUF F.BACK SUPP.PILLOW/PAT.BLACK▓
6223009460710,6223009460710,ERA NAIL POLISH 13M/101
6223009460765,6223009460765,ERA NAIL POLISH 13M/106
6223009461076,6223009461076,ERA NAIL POLISH 13M/137
6223009461168,6223009461168,ERA NAIL POLISH 13M /146#
6223012452337,6223012452337,DABUR HERBL ACT.CHARCOAL T.PASTE 30G#
6223012841513,6223012841513,NICE BABY FEEDING BOTTLE (1M) ROSE 90M#
6223013687325,6223013687325,RICRAC RYLAPA BABY NEST GREEN▓
6224001492105,6222019602929,HYALOKONEX SK SERUM 40M
6224002842213,6224002842213,NEBULA MELANLESS SPF(30+) WHITEN.GEL 75M
6224003260399,6224003260399,AGERA UREA 10%REPA.LOT.DRY&CRACK.SK200M#
6224003674578,6224003674578,ALL BY MI PRO THERMAL WATER SP 200M
6224003674615,6224003674615,ALL BY MI PRO HYALUR.ACID W/TONER SP200M
6224003674660,6224003674660,ALL BY MI PRO S.SCREEN SPF(50+) SP 200M
6224007252871,6224007252871,BIORGANIC ACNE PRONE SKIN SERUM 30M
6224007331606,6224007331606,GUSTARE SEBUCLEAR  HYDRATING GEL 50G#
6224007416877,6224007416877,BRIGHT KIDS BATH SPONGE OVAL
6224007537879,6224007537879,FRIDA AIR FRESHENER MEADOWS 460M#
6224007840214,6224007840214,YOLO N.POLISH 10M/121#
6224007840283,6224007840283,YOLO N.POLISH 10M/128
6224007939437,6224007939437,DABUR VATIKA VOLUME&THIC.SHAMP.180M15%@#
6224008073970,6224008073970,SEROPIPE HAIR MASK MOISTURIZES 300M#
6224008311669,6224008311669,TRICHUP HEA.LONG&STRONG HERBAL HR CR150M
6224008501411,6224008501411,DRAKON SENSO WHITE.CR 50G#
6224008762317,6224008762317,YOLO N.POLISH 10M/217
6224008835110,6224008835110,JOBA OIL JOJOBA HR OIL 75M#
6224009103126,6224009103126,LOTUS BLACKSEED NATURALS OILS 125M
6224010065178,6224010065178,RUSH OCEAN BREEZE EDT F/M 190M#
6224010114494,6224010114494,MAA ALTHAHAB ORIEN.N131 B.MIST F/W 200M#
6224010281776,6224010281776,THE HAIR ADDICT DEFINITION BRUSH BLACK
6224010497504,6224010497504,ALEJON TAN OIL W/CARROT OIL&BANA.EX.200M
6224011110594,6224011110594,NANOTREAT CANDY COTTON DEO.SP.F/W 150M
6224011287111,6224011287111,PREMIER BLOSSOM SCENT DEO R.ON F/W 50M#
6225000141438,6225000141438,BEBANO SOOTHING DIAPER AREA LOT. 50M
6225000150348,6225000150348,ZURIA HAND CARE CR 100GM#
6225000244313,6225000244313,BABY CUTE WET TOWEL WIPES 120PCS
6225000366534,6225000366534,MEDCEUTICALS XT.WHI.SPF(20)W.CLEAN.200M#
6225000370029,6225000370029,RUSH RICH OUD EDT F/M 16M#
6225000431034,6225000431034,ADORA NIVASENCE FACE&SENS.AREA.WH.CR75G#
6225000659179,6225000659179,SKINISTA MOIST.UREA 10% F/ALL SK CR100G#
6225000805262,6225000805262,QPS GLIMPSE 48H 3IN1 DEO.STICK 50G
6251007614767,6251007614767,HIGEEN A.BACT. DAMASK ROSE H.GEL 110M
6281001104179,6281001104179,COLGATE TOTAL12 ADVAN.FRESH T.GEL 100M#
6281006402591,6281006402591,DOVE NIGHT CREAM IMP 50ML#
6281006484061,8901030002458,LIFEBUOY MILD CARE H.WASH 200M#
6281056585107,6281056585107,J.CASANOVA REGULAR HR.CR.150G#
6281159760029,6281159760029,AL QURASHI JADAYEL HR LENGT.OIL 130M#
6291100274239,6291100274239,NOVELL NAIL FASHION METAL.JEWELLERY/13
6291106409918,6291106409918,AROMA ARGAN OIL SP.250M#
6294008900576,6294008900576,SAHARA ELHAWA SULTAN PERFUME SP.200M#
6294015102604,6294015102604,ARMAF CLUB DE NUIT INTEN.B.MIST F/M 250M
6633500556674,6633500556674,DISNEY SPIDER MAN SPIDER SENSE EDT 100M#
6805699969263,6805699969263,PARODONTAX TOOTH PAST FLUORIDE 75M15%@#
6906819420043,6906819420043,HOME HAIR BRUSH/H2004
6937620222243,6937620222243,LA FRUTTA EVIL EY.PACIFI.(0-6M)(S)/22224
6937620226302,6937620226302,LA FRUTTA NASAL ASPIRATOR(0M+)/22630
6937620226654,6937620226654,LA FRUTA SOFT TOILET SEAT WITH HANDLE
6950217241335,6950217241335,TRUE DIS.BREAST MILK ST.BAGS 30P/2024133
6978540672398,6978540672398,SHEGLAM FLAKE-OFF TU. TEC.MASC.BLACK 8M!
7611711173230,7611711173230,SIGVARIS CO2 AG (SIL) (M) PLUS NORMAL▓
7611711504577,7611711173230,SIGVARIS CO2 AG (SIL) (M) PLUS NORMAL▓
7702018291014,7702018291014,GILLETTE MACH3EXTRA COMFORT SHAV.GEL200#
7702018368273,7702018368273,GILLETTE FUSION PROGLID.2X1COOL.GEL200M
7702018989980,283089,GILLETTE VECTOR PLUSE A.CLOGGING 1BLADE#
7750075036253,7750075036253,KATIVA FRIZZ OFF SHEA BUTTER SHAMP.250M#
7896543239426,7896865665026,MAXI GOLD RN ARGAN&SILK HR SERUM 50M
7896865665026,7896865665026,MAXI GOLD RN ARGAN&SILK HR SERUM 50M
8001090664747,8001090664747,PANTENE DAILY CARE 2X1 SHAMP.400M@#
8004395111817,8004395111817,MARVIS SMOKERS WHITE.MINT T.PASTE85M!
8009518272468,8009518272468,DEBORAH 8ORE.H.LONG LAST.LIPSTICK/12#
8015675103217,8015675103217,NANNINI COMP.2 READ.GLASS. GREY/+1#
8024930431378,8024930431378,FLORELLE MATTE LIPSTICK /37#
8029041174138,8029041174138,BIONIKE SILKY TOUCH EYESHADOW/413#
8029041175098,8029041175098,BIONIKE KOHL & KAJAL EYE PENCIL/109#
8032859068162,8032859068162,ADORE COLOR LENSES BI-HAZEL/6
8032859212367,8032859212367,ADORE PEARL COLOR LENSES YELLOW
8033828710754,8033828710754,CHICCO W.FLO PL. LATEX BPA 2+ 250M
8051564490358,8051564490358,ACU PRESSURE BAND BRACELETS CHILD.2P\EX▓
8058664034864,8033828710754,CHICCO W.FLO PL. LATEX BPA 2+ 250M
8058664041145,8058664057993,CHICCO W.B P.BOT.COL.BLUE SILC.250M(+2M)
8058664057993,8058664057993,CHICCO W.B P.BOT.COL.BLUE SILC.250M(+2M)
8058664081349,8058664081349,CHICCO TRAINING CUP (6M+) GREEN 200M
8058664138647,8058664138647,CHICCO REMOTE CONTROL POLLY SWING UP
8411061751275,8411061751275,GIFT A.BANDERAS HER SECRET EDT F/W 15M
8412122340322,8412122340322,BETER TRIPLE USE CUTICLE CUTTER/34032#
8436562290313,8436562290313,ROOFA TOENAIL CLIPPER /006NC
8436562291853,8436562291853,ROOFA COOL KIDS BODY LOT.300M#
8690637069468,8690637069468,SUNSILK HAIR FALL SOLUTION COND.350M#
8693203014305,8693203014305,FE STAINLESS ELEGANCE TWEEZER/026
8699943241469,8699943241469,BABY TIME SILIC.SOOTHER(0-6)/BT146-1
8699943241520,8699943241520,BABY TIME SILIC.SOOTHER(0-6M)/BT152-1
8710103808954,8710103808954,PHILIPS SELFIE STRAIGH.ESSENTIAL/HP8302#
8710908181962,8710908181962,TRESEMME EXPERT BOTANIX HR SHAMP.500M#
8809447256184,8809447256184,DR.ALTHEA AQUA MARINE JELLY MIST 100M!
8901030002458,8901030002458,LIFEBUOY MILD CARE H.WASH 200M#
8998866100243,8998866100243,LION KODOMO GRAPE T.PASTE 45G
6224011673945,6224011673945,TETRA GLOW KNEE&AREAS WHIT.CR 75G
748927029864,748927029864,WHEY G.STANDATD(ON)STRAW.BANANA 2.273GK+
