5663,5663,TS J.B.ONE MAN SHOW EDT F/M 100M
6226,6226,TS LOMANI SENSUAL F/W EDP 100M
9090,9090,FACEBOOK
69766,69766,TS BLACK&PINK V V.PINK EDP F/W 75M
69937,69937,TS MAYBELLINE SUPER STAY VINYL INK/160
69942,69942,TS MAYBELLINE SUPER STAY VINYL INK/50
101080,101080,PSORVITIL 25MG 50/TAB
101303,101303,COLOMINT 0.2ML 24/CAP
102162,102162,DIASTOP 60ML SYRUP
106100,106100,PROSTA-S 20/CAP
116004,116004,CARMINEX  6/EFF. SACH
260620,260620,BIOPOINT STRAIGHTER CR 50M#
276663,276663,HAIR CODE CREAM GEL NORMAL HOLD 80ML#
277581,277581,ACNE STOP F/PRONE SKIN CR 30G#
283977,283977,GRISON INSOLE(LEATHER+PHIL)T/38(5940)▓
285643,285643,FOAM ARM SLING F/BOYS SIZE STANDARD(ST)▓
301406,301406,#ZANTAC 150MG 20/TAB
302308,302308,THIOZIN 50MG 20/TAB●
306106,306106,DILCOR 30MG RETARD 20/CAP●
320160,320160,FISH OIL 20/CAP
322070,322070,AVODART▼0.5MG 30/CAP+(P1)
323433,323433,EMETREX 50MG/1ML 2/AMP.
325686,325686,DELTAVIT B12 1000µ 30/TAB▓
340456,340456,KYTRIL 3MG/3ML 5/AMP+
341943,341943,NEKTARMIL (2) HONY MILK POWDER+
342230,342230,KAVA 150MG 12/CAP
342663,342663,RANI 150MG 60/EFF.SACH
343581,343581,MAXAR HINGED KNEE BRACE(M)/NKN139▓
345363,345363,HEALTHY ELBOW BRACE (L)▓
346296,346296,OXYGEN MASK NASAL▓
346784,346784,OXYGEN MASK INF.#▓
350765,350765,INFACOL 40MG/ML 50ML ORAL SUSP!!
370169,370169,MIRACLE WRIST SPORT 3XL (0044)▓
370271,370271,JASPER BIO ANKLE SUPPORT  M (SB006)▓
370345,370345,JASPER KNEE SUPPORT COTTON XL (B1005)▓
370521,370521,CATHETER NELTON 12 WHITE▓
1708073,1708073,JINJA KID.HR ACCE.COLO.3PCS/HCL-841
2701099,2701099,B.C SO TRUE BIBERON SET 11PCS/2011336
2702119,2702119,STRONGVILLE E.(NOUR.CR120G+TON.SP220M)@#
2704117,2704117,AMANDA MILANO LIP DESIGNER LIPSTICK/28#
2704162,2704162,AMANDA MILANO MATTE STUDIO MOU.FOUN./05#
2704306,2704306,ULTRA MIX RICH EMOLLIENT CR DRY SK 120G#
2704391,2704391,MAN LOOK W/MINT SHAVEING CR.130G@#
2705288,2705288,SHAAN(F.CLEAN.250/200+SK REJUVE.CR120)@
2705419,2705419,SANSO CEREAL RICE (6+)250G
2706010,2706010,TOLA HAIR OIL REPLACEMENT 100M#
2708724,2708724,GO BEAUTY NAIL POLI.REMOVER ORANGE 120M
2708799,2708799,CARESS EAR STUDS GEM/8
3200304,3200304,GAVISCON ADVANCE(ANIS.)150M SUSP+(P1)
3200515,3200515,ETODOLAC 600MG (EX.RE.)10/SCOR.TAB
3200968,3200968,APIC WHITE(WHITENING) 60GM CREAM
3201017,3201017,VERSERC 24MG 30/TAB(P3)●
3201062,3201062,MESPORIN 1GM IV 1/VIAL
3201206,3201206,SPMIX (SWEET POTATO+W.GERM)200GM 2/SACH▓
3201783,3201783,DELEPE 30MG 3/F.C.TAB
3201912,3201912,ANGIOSARTAN 40MG 28/F.C.TAB
3201967,3201967,MANNITOL 20% 500ML IV-INFU(CAP)/ATECO
3202188,3202188,FORPREGAB 75MG 30/H.G.CAP©
3202261,3202261,SOFOLANORK 400MG 28/F.C.TAB
3202575,3202575,CLEAR&NATURAL1% A.DAND.SHAMP MOIST.177ML
3202719,3202719,NEO-BRONCHOPHANE 125ML SYRUP
3202878,3202878,GERDCARE 5MG 30/TAB
3202944,3202944,ALKAPRESS PLUS 10/160MG 20/F.C.TAB(P1)
3203240,3203240,PRENATALE(A.STRETCH)150ML CR/BENOSTAN+#
3203338,3203338,#SAVAPRAN 5MG 20/SCOR.F.C.TAB
3204753,3204753,PACREDO▼20MG 30/ENTERIC C.TAB
3205008,3205008,AZIROWA 1GM 2/F.C.TAB
3205624,3205624,OPHTATROV 40µ/ML (2.5ML) EYE DROP
3205699,3205699,INCALCIUM 30/F.C.TAB▓
3205758,3205758,GRANITRYL 1MG/5ML (30ML) ORAL SOLUTION
3206085,3206085,MULTIVITOL FORTE(ORANGE)120GM SYR.▓
3206131,3206131,XALATREX PLUS(0.05MG+5MG)2.5ML EYE DROP®
3206229,3206229,URICODROP 40MG 20/F.C.TAB(P1)
3206294,3206294,LIPANTHYL 145MG 20/F.C.TAB(P1)
3206579,3206579,UNIVERSAL ULTRA WHEY PRO VAN.IC.CR2.27K▓
3206702,3206702,DEEP MASSAGE 125GM CREAM▓
3206777,3206777,TOPISONIDE 0.05% 20G CREAM(P1)
3206841,3206841,FUTACOXIB 60MG 30/F.C.TAB(P1)
3207015,3207015,FERRINO 24/PCS▓
3207604,3207604,OMEDRINK▼ORANGE FLAV. 60ML SYRUP▓
3208021,3208021,ZAMLYTE (0-1Y) ORANG FL.360ML SYRUP▓
3208212,3208212,GUBITAK 60/TAB▓
3208469,3208469,SANOTACT100%NATU.VITA.C(CHERRY)30/LOZ.+▓
3208645,3208645,GYPRAVASTIN 10MG 7/F.C.TAB
3208906,3208906,MAALOX PLUS LEMON 250ML ORAL SUSP+
3209105,3209105,EZAPRIL-CO (20MG+12.5MG) 30/TAB
3209314,3209314,OSTEOCOMPLEX▼30/C.TAB+▓
3209444,3209444,NOVOGEN WHEY PRO.ISOLATE VAN.I.CREAM1KG▓
3209578,3209578,JAXOLIC 30/CHEW.TAB▓
3209875,3209875,OFTADILATE 1%0.5ML EYE DROP20U.M.DOSE⛒
3210068,3210068,EZAPRIL 10MG 30/TAB
3210374,3210374,GEENBEST 50GM MASSAGE CREAM▓
3211179,3211179,PROSTENAL FORTE 30/TAB+▓
3211302,3211302,SOKAPRIXAM 5MG/1.25MG/5MG 30/F.C.TAB
3211485,3211485,RED REX GLUTAMINE UNFLAVORED 300GM▓
3211629,3211629,MANIPULEPSY 400MG 30/F.C.TAB⛒
3211694,3211694,MR.BEAR PLUS M.VIT+IRON ORANGE160M SYR▓
3211834,3211834,CHOLELAGE 30ML ORAL DROPS▓
3211889,3211889,NEOCARBON 60/CAP+▓
3212336,3212336,RAZANYPT 10MG 20/F.C.TAB
3212466,3212466,EMPACYRL TRIO 25/5/1000MG 30/EX.F.C.TAB
3701090,3701090,COOLING GEL DR.KOOOL(INF/CH)BANA.2SHEET▓
3701573,3701573,CONTOUR PLUS 50/STRIP▓
3701876,3701876,FLAMINGO TR.AX.HING.KNEE CAP XL/OC2133▓
3702507,3702507,COMFEEL PLUS TRANS.DRESS(20X20)5PC/3545▓
4632056,4632056,GIBAUD TENNIS ELBOW(ELBOWGIB) (3) 6478▓
5210453,5210453,JINJA HAIRBAND/HRB-695
9429110,9429110,O.P.I NAIL LACQUER 15M/H46#
10213577,1021357777,SALBOVENT 120ML SYRUP(P2)
20104577,2010457777,LANOXIN 0.25MG 100/TAB+(P)
21400377,2140037777,DAKTARIN 40GM ORAL GEL+(P)
30144309,30144309,MAYBELLINE SUPERSTAY TEDDY TINT/10
32007457,3200745777,AUGMENTIN 312MG/5ML(80ML)SUSP(P)
32042177,3204217777,CEFTRIAXONE 250MG I.M 1/VIAL(SANDOZ)(P)
32081727,3208172777,TETRACONGYRA(0.1%+0.05%)MG 10ML DROP(P)
32085297,3208529777,STALIPARK (100+25+200)/MG 30/F.C.TAB(P)
32112027,3211202777,URINEX 36/S.G.CAP(P)
32133277,3213327777,AMIKACIN 500MG/2ML 1/VIAL(P)
34013977,3401397777,CONTROLOC 40MG 14/TAB+(P2)
50618651,50618651,XAVIER LAUR.XL NO/1 DEOD.R.ON F/M 50M#
50884407,50884407,MAX FACTOR CREME PUFF PRESSED POWDER/53#
80670346,80670346,MALIZIA BON BONS SWEET CANDY EDT 50M
1021357777,1021357777,SALBOVENT 120ML SYRUP(P2)
2010457777,2010457777,LANOXIN 0.25MG 100/TAB+(P)
2140037777,2140037777,DAKTARIN 40GM ORAL GEL+(P)
3200745777,3200745777,AUGMENTIN 312MG/5ML(80ML)SUSP(P)
3204024777,3204024777,HIBIOTIC N 457MG/5ML(60ML) SUSP(P)
3204217777,3204217777,CEFTRIAXONE 250MG I.M 1/VIAL(SANDOZ)(P)
3204518777,3204518777,ORCHABEPOST 1.5% 10ML EYE DROP(P)
3208172777,3208172777,TETRACONGYRA(0.1%+0.05%)MG 10ML DROP(P)
3208529777,3208529777,STALIPARK (100+25+200)/MG 30/F.C.TAB(P)
3211202777,3211202777,URINEX 36/S.G.CAP(P)
3213327777,3213327777,AMIKACIN 500MG/2ML 1/VIAL(P)
3401397777,3401397777,CONTROLOC▼40MG 14/TAB+(P2)
25929121407,25929121407,COLOUR ME PINK EDP F/W 50M#
37000680987,37000680987,SECRET POWDER FRESH DEO.STICK 59G!
48526004577,48526004577,NUBY MULTIPLE TEETHING SURFACE (+4M)/457
48526047741,48526047741,NUBY NAIL CARE SET (+0M) 3PCS/4774
50425088022,50425088022,L&B KNCELIR STIC SAND /02#
72239003220,72239003220,DRBROWNS ST NIPPLE LEVEL-2(2P) 3+
72239303399,72239303399,DRBROWNS SPOUT CUP W/HAND.(6M+)BLUE180M#
74764407108,74764407108,ARDELL DURALASH FLARE SHORT BLACK
74764616203,74764616203,ARDELL NATURAL BROWN /116#
74764618252,74764618252,ARDELL EDGY BLACK /405#
74764634030,74764634030,ARDELL AQUA LASHES/342
96200208513,96200208513,ORLY NAIL LACQUER BE DARING /20851#
96200208926,96200208926,ORLY NAIL LACQUER HILLSID.HIDEOUT/20892#
196003999774,196003999774,DB READ.GLASS.YELLOW(+3.00)/LRP2945\PL#
196003999815,196003999815,DB READ.GLASS.BROWN(+3.50)/LRP3750\PL#
196007699704,196007699704,D-SOCKS SILVER DIABETIC GREY(36-38)\PL▓
198765625610,198765625610,VICTORIA SECRET SERENE BLOO.B.MIST 250M!
309978695103,309978695103,REVLON COLORSILK BLACK/10
381519019173,381519019173,HERBAL ESSENCES REFRESHING COND. 340GM#
663350080056,663350080056,DISNEY FAIRIES FRESH B.SP. 200M#
667535677321,667535677321,V.S PASSION STRUCK UNTAMED B.MIST 250M#
667560607812,667560607812,VICTORIA SECRET VANILLA P.SH.B.MIST250M!
725765034366,725765034366,OLI PARADISE CAMEL MILK LIGHT.CR80M#
731509573893,731509573893,KISS NAIL WRAP STRIPS 18PCS /KWN12#
731509867381,731509867381,KISS IMPRESS COLOR NAILS 30PCS/IMC505C
735745318836,735745318836,EVOLVE SKIN LIFTING SERUM 30ML#
736658598308,736658598308,WET BRUSH MINI DETANGLER/BWR832ROCKPU
736658795653,736658795653,WET BRUSH ORIGINAL DETANGLER/BWP830REPU
736658965124,736658965124,WET BRUSH TXTURE PRO EXTEN./BWP840TXTG#
737052766775,737052766775,BOSS HUGO BOTTLED UNLIMITED EDT F/M 100
748927025224,748927025224,INSTANTIZED BCAA(ON)5000MG UNFLAV.345G+▓
764460727692,764460727692,BAMBINO CLASSIC NIPPLE SILICONE (12)M#
795697058457,795697058457,KALILA NIACINAMIDE SMOOTH SERUM 30M#
796554841502,796554841502,BAMBINO CLASSIC BOTTLE ROSE (0M+)100M#
840044713333,840044713333,EOS SUPER BALM RASPBERRY KIWI SPLASH10M!
840044714057,840044713333,EOS SUPER BALM RASPBERRY KIWI SPLASH10M!
3014260275921,3014260275921,ORAL B CLASSIC T.BRUSH MEDIUM
3052503534404,3052503534404,BOURJOIS 1SECONDE NAIL POLISH GEL /44#
3052503870106,3052503870106,BOURJOIS BLUR THE LINES AN.CONCEALER/01#
3282770037364,3282770037364,AVENE MICELL.MAKEUP CLEANS.SENS.LOT.400#
3282770100228,3282779059831,AVENE HIGH PROT.(SPF50)BEIGE COMPACT10G#
3282779003209,3282779003209,AVENE SK RECOVERY CR 40/50M#
3282779059831,3282779059831,AVENE HIGH PROT.(SPF50)BEIGE COMPACT10G#
3282779241502,3282779059831,AVENE HIGH PROT.(SPF50)BEIGE COMPACT10G#
3282779348850,3282779003209,AVENE SK RECOVERY CR 40/50M#
3327520009106,3327520009106,ACTIVILONG CONT.STRONG HOLD STY.GEL300M#
3386463038888,3386463038888,BURBERRY LONDON EDP F/W 100M#
3499320005661,3499320005661,CETAPHIL MOISTURIZING CR F&B SENS.SK100G
3499320006989,3499320005661,CETAPHIL MOISTURIZING CR F&B SENS.SK100G
3504105022808,3504108013520,MUSTELA BABY DERMO CLEANS. HR&B.GEL500M#
3504105028398,3504105028398,MUSTELA BABY GENTLE CLEANS.HR&B.GEL 500M
3504105035778,3504105028398,MUSTELA BABY GENTLE CLEANS.HR&B.GEL 500M
3504108013520,3504108013520,MUSTELA BABY DERMO CLEANS. HR&B.GEL500M#
3587925254727,3587925254727,PURE RED MAN GORODAN EDT F/M 100M#
3600521365984,3600521365984,LOREAL CASTING GLOSS CR/360
3600521924662,3600521365984,LOREAL CASTING GLOSS CR/360
3600522831983,3600522831983,LOREAL EXCELLENCE CR/6.7
3600531668464,3600531668464,MAYBELLINE SUNKISSER BLUSH/08
3610340032905,3610340032905,LOREAL EXCELLENCE CR /8.01#
3610340456596,6222017011358,LOREAL ELVIVE TOT.REPAIR(5)SHA.700M15%@
3614224851422,3614224851422,BOURJOIS ROUGE VELVET LIPSTICK/14#
3614224898335,3614224898335,BOURJOIS HEALTHY MIX A.FATI.VIT.POW./01#
3614225153945,3614225153945,BOURJOIS V.CLUB.MASC./75+KHOL CONT./71@#
3616303397166,3616303397166,BOURJOIS HEA.MIX CLEAN&VEGAN FOUND./52W#
3760060761255,3760060761255,JUS DAMOUR EDP F/W 100M
3800013566886,3800013566886,AROMA BALANCING SOAP BAR 90G\EX#
4001669185196,4001669185196,RITEX LUST CONDOMS 3/PCS▓
4005808817603,4005808817603,NIVEA EXTRA MOIST.SHAV.GEL 200M
4005900728340,4005900728340,NIVEA FRESH CHERRY DEOD. R.ON F/W 50M
4008576028288,4008576028288,TITANIA SHAV.BRUSH/2828/B#
4008576030281,4008576030281,TITANIA DOUBLE SIDED FOOT FILE/3028
4008576067133,4008576067133,TITANIA EXCLUSIVE MANICURE SET 671/C#
4008576390040,4008576390040,TITANIA HR CARE HAIRBAND 3PCS/7917-SIL
4008576395731,4008576395731,TITANIA TWEEZER SET 2PCS/1072/BL B
4015100813272,4015100813272,GLISS MOISTUR.4IN1 NOR.&DRY HR.MASK 400M
4015400992929,5410076932573,H&S ITCHY SCALP CARE SHAMP.400M
4026398035086,4026398035086,MEDI KNEE SUPPORT 601 (VII)▓
4026398352022,4026398352022,MEDIVEN FORTE AD CCL3 (VI) (F34)▓
4041762339645,4041762339645,KRYOLAN ULTRA FOUND.TRIO /B#
4049500608510,4049500608510,MOLICARE MOBILE SHORT X-LARGE 14PCS#
4056800006748,4056800006748,WELLA KOLESTON OIL COLOR CR 4/0#
4056800868124,4056800868124,WELLA KOLESTON COL.CR W/OIL305/0 F.20%@#
4084500789869,4902430137102,PANTENE SMOOTH&SILKY OIL REPLA.200/180M#
4211125604189,4211125658182,BEURER ARM PRESSURE MONI.UNIV.CUFF/BM27▓
4211125604226,4211125651893,BEURER ARM B.PR.MON.W/CUFF(LIMITED)BM27▓
4211125651893,4211125651893,BEURER ARM B.PR.MON.W/CUFF(LIMITED)BM27▓
4211125658182,4211125658182,BEURER ARM PRESSURE MONI.UNIV.CUFF/BM27▓
4717237022649,4717237022649,BODYFIX ABDOMINAL BINDER(XL)/E001▓
4902430137102,4902430137102,PANTENE SMOOTH&SILKY OIL REPLA.200/180M#
5000198331509,5000198331509,SENSODYNE SOFTEX W/GUM MAS.T.BRUSH SOFT#
5000231023002,5000231023002,BRYLCREEM A.DAND.HR.CR 140M
5011522006147,5011522006147,ELEGANT TOUCH BARE SQUARE 48NAIL#
5011522124711,5011522124711,ELEGANT TOUCH BARE SQUOVAL 48NAIL#
5017371146805,5017371146805,CALYPSO SUN LOTION SPF(10)LOW 250M#
5045252668085,3386463038888,BURBERRY LONDON EDP F/W 100M#
5055028312203,5055028312203,ENLIVEN SHAVE FOAM REGULAR 250M
5057566511209,5057566511209,REVOLUTION DUO BLUSH&H.LIG.BLUSHED SWEET
5060040701645,5060040701645,BIO HAIR CARE A.FRIZZ HR SERUM AVOCA.75M
5060630041434,5060630041434,TANGLE TEEZER HR BRUSH/MWD-PP-010820
5201314086079,5201314086079,CARROTEN SENSICARE S.CARE SPF50 MILK200#
5201314143215,5201314086079,CARROTEN SENSICARE S.CARE SPF50 MILK200#
5206502900564,5206502900564,HIMALAYA(FACE WASH100+NOURIS.CR50FREE)@
5206502902827,5206502902827,HIMALAYA PURIFYING NEEM FACE WASH 100M@
5281018088210,5281018088210,BEESLINE MEN W.S.DR.A.FRESH DEO.R.ON50M#
5410076654024,4902430137102,PANTENE SMOOTH&SILKY OIL REPLA.200/180M#
5410076932573,5410076932573,H&S ITCHY SCALP CARE SHAMP.400M
5901691843820,5901691843820,CANPOL LIGHT T.SOOTHE.BLUE(0-6M)/22-652#
5903407067360,5903407067360,CANPOL BABY BRUSH W/COMB/7/406-BLU#
5903407187570,5903407187570,LOVI DYNAMIC TEAT (6M+) MEDIUM/18-757
5903407232669,5903407232669,CANPOL SILICONE SOOTHER(6-18M)/23-266
6221009002299,6221009002299,SPARKLE GOLD SHAMP.&COND.SP.END400M15%@
6221039002122,6221039002122,LUNA GLYC.(PER.FREE+T.BERR)SOAP2X72G30%@
6221048232206,6221048232206,CLEAR WOMEN ANTI HR FALL SHAMP.190/180#
6221048236389,6221048232206,CLEAR WOMEN ANTI HR FALL SHAMP.190/180#
6221053210343,6221053210343,NUNU BABY PRICKLY HEAT POWDER MENT.200G#
6221105000366,6221105000366,CYBELE PERFECT TOUCH CONCELAR/03#
6221105417102,6221105417102,CYBELE BROW MANIA POWDER BROW.S.BROWN/01
6221105423325,6221105423325,CYBELE RICH CREAM LIPSTICK/152
6221155024060,6221048232206,CLEAR WOMEN ANTI HR FALL SHAMP.190/180#
6221155043078,6221048232206,CLEAR WOMEN ANTI HR FALL SHAMP.190/180#
6221155058522,6221155058522,CLEAR MEN HR FALL DEF.SHAMP.360M
6221155081032,6221155081032,REXONA MEN XTRA COOL DEOD.SP.150M@#
6221155104373,6221155081032,REXONA MEN XTRA COOL DEOD.SP.150M@#
6221155110961,6221155110961,CLEAR ADVAN.PROT.A.DAND&BACT.SHAMP.360M#
6221155150752,6221155150752,AXE SKATE.&F.ROSES 48H DEO SP.150M 15LE@
6221155206312,6221155058522,CLEAR MEN HR FALL DEF.SHAMP.360M
6221155206602,6221155206602,CLEAR WOMEN A.HR FALL SHAMP 360M S.15@
6222001406320,6222001406320,MASH SUN BLOCK (SPF95) 125M#
6222004196730,6222004196730,MIGOS HR BRUSH /6730#
6222017011358,6222017011358,LOREAL ELVIVE TOT.REPAIR(5)SHA.700M15%@
6222019614335,6222019614335,INFINITY OCEAN BREEZE DEOD.R.ON 80M#
6222019615813,6222019615813,SKINIFY GLOW CAFFE.EYE CONTOUR SOLUT.30M
6222048700955,6222048700955,DETTOL A.BACT. FRESH WIPES 10PCS 2+1@#
6223000531136,6223000531136,INGRAM COOL SHAV.GEL 75M#
6223000657003,6223000657003,JOHNSON BABY GENT.A.OVER WIPES 56PC33%@#
6223001340768,6223001340768,MR MUSCLE DISINF.SP.MOUNTAIN FRESH 300M
6223002056354,6223002056354,2GO MEGA HOLD MAXIMUM FIXATION GEL185M#
6223004113536,6223004113536,MY BABY COCONUT BUTTER WET WIPES 120PCS#
6223004115394,6223004115394,EASY CLEAN HAND SANITIZER GEL LEMON250M#
6223004230233,6223004230233,TOP BABY DIAPERS (2) MINI(3-6KG) 64PCS#
6223004371479,6223004371479,PARODONTAX FLUORIDE T.PASTE 50M
6223004371677,6223004371677,EGYPTIAN TRE.BLUE LOTUS EXTR.SH.CR 200M#
6223004373121,6223004373121,EGYPTIAN TRE.R.C.GOLD A.AGE.EYE CR 15M#
6223004375538,6223004375538,EVA B-WHITE NIGHT WHITENING CR 100M15%@
6223005870308,6223005870308,DETTOL A.BACT. ORIGINAL SOAP 85G@#
6223005870599,6223005870599,DETTOL M.ACTION CLEANER 4X1 AQUA 650M#
6223005872104,6223005872104,DETTOL A.BACTERIAL ORIGINAL SOAP 115G
6223006340565,6223006340565,MOLFIX (3)MIDI (4-9K)DIAPER 32PCS
6223007822961,3211485,RED REX GLUTAMINE UNFLAVORED 300GM▓
6223007902779,6223007902779,MOOD VIENNA MOIST.B.MILK 200M#
6223007905077,6223007905077,DERMAELLE HYALUREPAIR CICA CLEAN.200M
6223011113178,6223011113178,PENDULINE KIDS AIR FRES.CARAME.CLO.400M#
6223012632722,6223012632722,STARVILLE FEMM.INTI.CLEAN.WASH REFR.200M
6223012633286,6223012633286,CLARY HR F.CONT.PROCAP.A.DAND.SHAMP.300M
6223012633798,6223012633798,BREATH DAY HEALTHY GUM M.WASH 300M
6223012634733,6223012634733,SKNCEL CLEAN.OIL F/OILY&AC.PRONE SK 100M
6223012841537,6223012841537,NICE BABY FEE.BOTTLE(3M)W/HAND ROSE150M#
6223014652339,6223014652339,WHITE BABY WIPES SENS.SK 15PC
6224000437046,6224000437046,PROTE CARE SHAMP.F/A.TYPES HR 190M
6224001455735,6224001455735,VACATION PINA COLADA W.DEO R.ON F/W 50M
6224001542138,6224001542138,IGEA RETINOL A.AGING ALL SK SERUM 30M#
6224002152190,6224002152190,DR SELWAN COCONUT OIL 50M
6224002524973,6224002524973,FAVELIN MOROCCAN ARGAN REP.HR MASK 300M
6224002585059,6224002585059,TOVANA TOVABELL VIT.(C)WHITE.SERUM 30M#
6224002842039,6224002842039,NEBULA A.DAND.SHAMP.200M
6224002842084,6224002842084,NEBULA -XYL HAIR COMPLEX MASK 250M
6224002842237,6224002842237,NEBULA UV-DEFEN.S.SCREEN SPF(50+)GEL 75M
6224003272354,6224003272354,YOULICIOUS A.HR LOSS HR MASK 500M
6224003890213,6224003890213,OXYGEN O-WHITE ELBOW&KNEE WHIT.CR 50M
6224007394946,6224007394946,VIOLA HR REPAIR SERUM 120M#
6224007840313,6224007840313,YOLO N.POLISH 10M/131
6224007840443,6224007840443,YOLO N.POLISH 10M/144
6224008041986,6224008041986,AVUVA HAND&BODY CHERRY BLOSSOM.CR.63M
6224008501602,6224008501602,DRAKON WHITE.FAC.WASH W/BRUSH SENS.175M
6224008723424,6224008723424,SKINOVA IMAGE REPAIR.SHAMP.DAMA.HR 250M
6224008838524,6224008838524,SEBACLAR(PURIF.CLEANS.GEL200+EXF.CR 50)@
6224008843597,6224008843597,MOIST-1 SUNSCREEN SPF(50+)LOT.SP.200M
6224008992035,6224008992035,TASNEEM HR LOSS SHAMPOO 200M#
6224009338238,6224009338238,ELLE NAIL POLISH 14M/408
6224009370047,6224009370047,CODDLY FACIAL CLEAN.A.PRON.FOAM.GEL150M#
6224009614240,6224009614240,MOLFIX PANTS (3)MIDI (4-9/6-11K) 31PCS#
6224010086210,6224010086210,CUPCAKE SHOWER GEL 500ML
6224010337916,6224010337916,SUPER KIDS WATER WIPES 72PCS
6224010520080,2706010,TOLA HAIR OIL REPLACEMENT 100M#
6224010643765,6224010643765,LUCENTE SPF(30) DD CR 50GM#
6224011102308,6224011102308,DERMATIQUE DAILY MOIS.ULTRA RICH CR150M#
6225000080201,6225000080201,AEGYPTIACA FACIAL&BODY SCRUBBER ON.FACE#
6225000350199,6225000350199,QUALITA ANTISEPTIC WIPES ICE MINT 20PCS
6225000380271,6225000380271,ALEJON MOON PEARLY VITAMIN C10%SERUM50M#
6251001290011,6251001290011,NANA NORMAL WINGS 10PADS#
6281006541689,6281006541689,DOVE NOURISH.SEC.INVIG.RITUAL H.WASH500M
6281006618138,6281006618138,SUNSILK LEAVE ON CR SOFT&SMOOTH 200M
6287037840548,6287037840548,JAMIRA LIP REPAIR BALM CHEERY JAR 10M
6291069651072,6291069651072,DABUR VATIKA ALMOND HR OIL 180M10%@#
6295120047323,6295120047323,DETTOL SKINCARE INS.H.GEL SANITIZER 200M
6295124016141,6295124016141,SAPIL VIRTUAL DEOD.SP.F/W 200M#
6300020151770,6300020151770,GALAXY PLUS DARL.INTIMAEY SP.F/W 200M#
6633445000539,6633445000539,DISNEY DONALD DUCK EDT 50M
6772304518614,6772304518614,BUBBLES BABY CUP W/HAND 150M
6902395259633,6902395259633,MAYBELLINE BOLD MATTE SEN.LIPSTICK/MAT5#
6906819420012,6906819420012,HOME HAIR BRUSH/H2001
6937620222267,6937620222267,LA FRUTTA ROUND PACIFIER(0-6M)(S)/22226#
6937620223578,6937620223578,LA FRUTTA SHAPES SILIC.TEETHER/22357
6937620226692,6937620226692,LA FRUTTA BABY BATH SPONGE /22669#
6937620891111,6937620891111,SONATA ADVA.CARE CLIPPER NAIL2PCS/89111#
6945493700027,6945493700027,MAX CARE COMFORT SILIC.HEEL CUP F/W▓
6971870594699,6971870594699,SHEGLAM COL.BLOOM LIQU.BLUSH DEVOTED!
6973474683458,6973474683458,SHEGLAM COMPL.BOOST CONCEAL.NUDE 4.5G!
7611711189453,7611711189453,SIGVARIS CO2 AD (M) PLUS LONG▓
7611711240734,7611711240734,SIGVARIS 222 AT MATERNITY (M) LONG▓
7611711503150,7611711189453,SIGVARIS CO2 AD (M) PLUS LONG▓
7640177644824,7640177644824,GUARDERS(2)MINI(3-6K)DIAPE.(8)URIN.TEST#
7702018415861,7702018415861,GILLETTE FUSION PROGLIDE FLEXBALL4BLADE#
8000700000012,8000700000012,DOVE BEAUTY CREAM BAR 100G (OFFER) 2PCS#
8001090776464,8001090776464,PAMPERS PREM.CARE(3)MIDI.(6-10K)46P10%@#
8015675001131,8015675001131,NANNINI COMP.1 READ.GL.TEAL TEMPLES+2.5#
8015675101947,8015675101947,NANNINI COMP.1 READ.GLASS.VIOLET/+3#
8022297034300,8022297034300,IL SALONE SUPREME MASK DRY-DAMAG.HR250M#
8029041000086,8029041000086,BIONIKE DEFEN.HYD.BB CR SPF(15)LIGHT40M#
8029041176354,8029041176354,BIONIKE LIFTING FOUND.A.AGE/205(NEW)#
8029041179218,8029041179218,BIONIKE DEF.COVER SPF30STICK FOUND./201#
8411134101471,8411134101471,CONTROL ADAPTA EXTRA LUBE CONDOMS 6PCS▓
8412122220013,8412122220013,BETER POWDER PUFF/22001
8432225137018,8432225137018,REVLON EQUAVE COND.SP. F/NOR.DRY HR 200M
8432666040588,8432666040588,BRUNOVASSARI SUN DEF.ANTI-AGE SPF50+50M#
8436538410073,8436538410073,PH FORMULA A.C.N.E. RECOVERY 30ML#
8436562290139,8436562290139,ROOFA ALUMINIUM POINT TIP TWEEZER/013BC
8436562290184,8436562290184,ROOFA DELUXE EYE LASH CURLER/018BC
8436562290337,8436562290337,ROOFA SLANT TIP CUTICLE NIPPER /008NC
8436562290795,8436562290795,ROOFA EYE BROW SHAPERS 3PCS /002SC#
8436562291334,8436562291334,ROOFA ALL IN ONE 5PCS /006TC#
8436562291877,8436562291877,ROOFA COOL KIDS NO MORE TANGLES SP.100M
8437000945949,8437000945949,BABE A.HR LOSS LOT.125M#
8690555512749,8690555512749,BANAT HYGIENIC TOOTHPICK 50PCS#
8690637722783,8690637722783,SIGNAL DEEP CLEAN T.BRUSH MEDIUM
8700216606004,8700216606004,OLD SPICE EPIC LEGAND DEO.SP.F/M 150M!
8710103709046,8710103709046,PHILIPS DRY CARE PRO DRYER 2200W/BHD176#
8710103883913,8710103883913,PHILIPS SATIN.E.LEGS&S.AREA 1.AC/235/00#
8711600325883,8711600325883,DOVE BEAUTY FINISH DEOD.SP. F/W 250M#
8712561342001,8712561342001,TRESEMME PLATINUM STRENGTH HR COND.500M#
8809562191179,8809562191179,ARENCIA BLACK TEA RICH MOCHI CLEAN.120G!
8809647391609,8809647391609,SOMEBYMI TRUECICA MINER.CALM.SUNCR.50M!
8809647393801,8809647393801,SOMEBYMI BETA PANTHENOL REPAIR KIT 4PCS!
8809799060125,8809799060125,BB TAPE (KINESIOLOGY) 5CMX5M(PURPLE)▓
8888021205398,8888021205398,ENERGIZER ALKALINE BATTERY AAA 2PCS▓
8935006541542,8935006541542,MENTHOLATUM ACNES CREAMY WASH 50G
33200197935,33200197935,ARM&HAM.ESSE.ROSEMARY LAV.DEO.STICK 71G!
3616307430616,3616307430616,BOURJOIS GOOD TO GLOW ILLUMINAT./002
8016744811552,8016744811552,HERBATINT PE.HR COL.GEL D.G.BLON.170M/6D
