3649,3649,Gift-Ezaby App Beesline Wht Deo1over1000
69593,69593,TS ISSEY MIYAKE N.D.B.ASTRAL EDT F/M125M
70146,70146,TS REVOLUTION POWER LASH VOLUME MASCARA
101176,101176,ABIMOL▼500MG 20/TAB(P1)
106205,106205,TRIO 42/CAP
124102,124102,FRIGG PACIFIER PACK OF 1 CREAM/002
242424,242424,OXYGEN CYLINDER 7M/V40(LITRE)/135CM▓
260510,260510,EVA GLYCERIN CR 20GM
260855,260855,555 EDC 250M#
278050,278050,KRYOLAN CAKE MAKE UP N4#
284567,284567,KRYOLAN BRUSH MAKE UP NO.3712
301307,301307,STREPTOQUIN 10/TAB(P1)
319001,319001,#TANTUM ROSE 5/SACH.
320391,320391,GINKO CEMIX 20/CAP
320535,320535,SAFI 20ML CREAM▓
320733,320733,TOCO 400MG 20/CAP
320786,320786,BIO-1600 14/CAP
320900,320900,SPARCIN 200MG 12/TAB
321640,321640,MENTOVAGE 50GM CREAM
321936,321936,ENDOTRACHEAL TUBE  WITHOUT CUFF 5.5.#▓
322458,322458,TOLTERODINE 2MG 20/TAB
322555,322555,ONE▼TWO THREE 120ML SYRUP(P3)
322731,322731,STRIPSORE SUGAR FREE 24/LOZ.TAB▓
322744,322744,GLUCOVANCE 500/2.5MG 30/TAB(P1)♦
323350,323350,HUMALOG▼MIX25 100U/ML3MLX5K.PEN+®(P3)♦
323606,323606,CEDENIR 125MG (100ML) SUSP
323853,323853,HEALSEC 40MG 14/CAP(P1)
326551,326551,POWERCAPS 10/CAP∞
336323,336323,CARE CHEST BINDER  WOM (XXL)▓
340177,340177,ULTRAVIST 300 50ML 1/VIAL+
342153,342153,HEMOCLAR 30GM CREAM●
343837,343837,TONOCLONE 400MG CR 10/TAB♦
344344,344344,RENAL-S 6/EFF.SACH●
345620,345620,ALERID 60ML SYRUP
346926,346926,GLUCOVEX  CREAM
350402,350402,JANUMET 50/500MG 60/TAB.!!
353119,353119,ROYAL JELLY 1500MG 60/CAP!!
370057,370057,MIRACLE TENNIS ELBOW XL(0040)▓
411116,411116,VET-ELITE FLEX FORTE F/DOG LIQ. 150ML•••
1905030,1905030,JINJA MEDAL SOFT 1PCS/PM-113
2700043,2700043,KRYOLAN LIPSTICK /LP629
2700780,2700780,IU 2012 RIBBON (R514)
2701211,2701211,AMANDA LONG LASTING UP TO 6H LIPGLOSS/3
2701729,2701729,AMANDA STRONG LONG LAS.7DAY N.POLISH/04#
2703521,2703521,HIMANI NAVRATNA PLUS A.DANDRUFF OIL200@
2705747,2705747,VEET WAX STRIPS NORMAL SK 2X12PCS 20%@#
3200618,3200618,IMTENAN GINSENG HONEY 180GM®▓
3201507,3201507,IXORA INTIMATE FEMININE WASH 200ML▓
3202032,3202032,LOSAZIDE 50/12.5MG 10/F.C.TAB
3202447,3202447,KEPRADIL▼1000MG 30/SCOR.F.C.TAB(P1)
3203039,3203039,URE-GLYCERIN (MOISTURIZING) 50GM CREAM
3203145,3203145,CH ALPHA PLUS(SUGAR FREE+VIT.C)10/SACH+▓
3203404,3203404,MYCOMIC 250MG 10/TAB
3203471,3203471,AMLOVERAN 5/10MG 30/TAB
3203615,3203615,ZARZIO▼30MU/0.5ML SC/IV 1/PRE.SYR.+®(P1)
3203798,3203798,OLYKRAZ 150MG 30/H.G.CAP©
3203938,3203938,#$JUSTECHOL 5MG 21/F.C.TAB$#
3204113,3204113,KIO SLIM (RASPBERRY FLA.)67.5GM 30SACH+▓
3204360,3204360,BRISTAPLEX 50GM MASSAGE OINT▓
3204430,3204430,SILOPROSTATE 4MG 30/CAP
3204805,3204805,LAMICTAL 2MG 30/DISP.&CHEW.TAB+♦
3204979,3204979,ETHYL ALCOHOL 70% 110ML(ARAB DRUG CO)
3205129,3205129,NERHASILDA 75MG 8/O.D.FILM(P1)
3205378,3205378,FLUNZAPINE 12MG/50MG 20/H.G.CAP
3205411,3205411,PROLICA INTIMATE FEMIN.(VANILLA )GEL75M▓
3205464,3205464,ERLEADA 60MG 120/F.C.TAB+(P1)
3205842,3205842,NIDO 1+NESTLE 288GM MILK POWD.+41.5L.E@#
3206317,3206317,VENCLEXTA 100MG 120/TAB+%%♦
3207295,3207295,VILDABETES 50MG/1000MG 30/F.C.TAB(P1)♦
3207318,3207318,OXI LAB F/WOMAN 150GM (5G/SAC)30/SACH▓
3207422,3207422,ROMASOL MENTHOL 8% 100GM GEL▓
3207848,3207848,LIPOPENT 600MG 20/TAB▓
3207934,3207934,DEDERA (D3+K2) 15ML ORAL DROP▓
3207941,3207941,EGY MOV 30/H.G.CAP▓
3209028,3209028,NEOCELL COLLAG.+VIT C(POME.)473ML LIQ.+▓
3209662,3209662,LIPOFERRIC FOLIC 30/H.G.CAP▓
3209785,3209785,SANOTACT STAY ACTIVE 2X30/TAB+@▓
3210109,3210109,MAGNESIUM GLYCINATE COMP.220MG 120/TAB+▓
3210192,3210192,VINGLIGHT 500MG STRAWBE.FLAV.60/GUMMIES▓
3210448,3210448,MAZORASLIM STEVIA Z.C.SW(1G/SAC)10/SACH▓
3210534,3210534,PROVOJOY 30/H.G.CAP▓
3210659,3210659,IGEA MARINE COLLAGEN 60/CAP▓
3210765,3210765,LIMITLESS ALPHA WHEY PRO.ISO.BANANA 1KG▓
3210822,3210822,LACOSADELTA 50MG 30/F.C.TAB
3212626,3212626,NATURES WAY CALCIUM&MAG D COMP.100/CAP+▓
3500206,3500206,MOOV RAPID RELIEF 100G OINT.!!
3501025,3501025,CENTRUM AD ORANGE BURST 100CHEWABL.TAB!!
3600993,3600993,GLYCOLIC ACID 30% 100ML ⌂▓
3701746,3701746,VITA+7DAY(CURVED)PILL BOX/VES025▓
3702637,3702637,KINESIO EXTRA TAPE 5MX5CM (BLUE)▓
3702916,3702916,MES-KON SILICONE SOLE(S)▓
3703050,3703050,FLYON POSTURE SUPPORT/XXL/7411▓
11300177,1130017777,PICOLAX7.5MG/ML 15ML ORAL DROPS(P3)
20200277,2020027777,DEPAKINE200MG/ML(40ML)ORAL DROP+(P2)♦
30147492,30147492,MAYBELLINE SUPER STAY VINYL INK/95
32019751,3201975111,DEPOVIT-B12 1000µ/1ML 5/AMP(P3)
32047107,3204710777,PREDNISOLONE 20MG 20/O.D.TAB(P2)
32047657,3204765777,BETOLVEX 1MG/ML 2/PRE.FIL.SYRINGE(P2)
32056747,3205674777,DEXAWEST 30MG 14/CAP(P)
32068377,3206837777,INADILVOX 500MG/5ML IV-INFU 1/VIAL(P)
32093447,3209344777,CEFAXOTREZ 1GM I.M 1/VIAL(P)
32304077,3230407777,AMIGRAWEST 2.5MG 4/TAB(P2)
32349777,3234977777,ERASTAPEX 40MG 30/TAB(P)●
34535877,3453587777,CONTROLOC 40MG 1/VIAL+(P2)
34589777,3458977777,PRIMROSE PLUS 1000MG 30/CAP(P4)
96021019,96021019,MAX FACTOR COLOUR ELIXIR LIPSTICK/630#
1130017777,1130017777,PICOLAX7.5MG/ML 15ML ORAL DROPS(P3)
2020027777,2020027777,DEPAKINE▼200MG/ML(40ML)ORAL DROP+(P2♦
3201975111,3201975111,DEPOVIT-B12 1000µ/1ML 5/AMP(P3)
3204710777,3204710777,PREDNISOLONE 20MG 20/O.D.TAB(P2)
3204765777,3204765777,BETOLVEX 1MG/ML 2/PRE.FIL.SYRINGE(P2)
3205674777,3205674777,DEXAWEST 30MG 14/CAP(P)
3206837777,3206837777,INADILVOX 500MG/5ML IV-INFU 1/VIAL(P)
3209344777,3209344777,CEFAXOTREZ 1GM I.M 1/VIAL(P)
3209414777,3209414777,RYALTRIS 600µ/25µ 120METER.NASAL SP+(P)●
3230407777,3230407777,AMIGRAWEST 2.5MG 4/TAB(P2)
3234977777,3234977777,ERASTAPEX 40MG 30/TAB(P)●
3453587777,3453587777,CONTROLOC 40MG 1/VIAL+(P2)
3458977777,3458977777,PRIMROSE PLUS 1000MG 30/CAP(P4)
12044037508,12044037508,OLD SPICE PURE SPORT CITRUS DE.STICK85G!
25929127249,25929127249,COLOUR ME RED F/W(EDP100+B.SP.150)M@#
25929129342,25929129342,COLOUR ME GREEN EDT F/M 50M
25929201727,25929127249,COLOUR ME RED F/W(EDP100+B.SP.150)M@#
30772066652,30772066652,SECRET TROPI.HIBISCUS DRY DEO.SP.116G!
39571015182,39571015182,VITAL CARE(10)EXTREME HOLD SPORT GEL300G
48526101603,48526101603,NUBY EASY GRIP CUP&STR.(+18M)240M/10160#
52329331099,52329331099,CTI NUMBER 9 (126.09x76.50)CM
72239304891,72239304891,DRBROWNS NARROW NIPPLE LEVEL-3(2P) 6+#
74764301109,74764301109,ARDELL DURALASH NATUR.FLARE SHORT BLACK#
74764682918,74764682918,ARDELL EYELASH DOUBLE UP MEDIUM BLACK#
79400352965,79400352965,DOVE AD.CARE CLEAR TONE DEOD.STICK 74G#
196007699948,196007699948,COMFURA FOAM TRAV.LATEX NECK PILLOW\PL▓
309978695400,309978695400,REVLON COLORSILK MEDIUM ASH BROWN/40
618059109744,618059109744,PHYTO COLOR LIGHT CHESTNUT BROWN /4M#
667547946927,667547946927,V.S LETS STAY IN B.MIST 250M#
667556709629,667556709629,B&BW MIDNIGHT AMBER GLOW B.MIST 236M!#
677443221064,677443221064,MOVE PATELLAR STRAP (L)/MV230▓
677443224957,677443224957,MOVE ARM SLING ADULT/XXL/MV004▓
697029428320,697029428320,THERABREATH RAINFOREST MINT M.WASH 473M!
731509659986,731509659986,KISS SALON NATURALS NAILS 28PCS/KSN04
731509837629,731509837629,KISS IMPRESS COLOR NAILS 30PCS/KIMC023C#
731509837889,731509837889,KISS IMPRESS NAILS 30PCS/KIMP01C
736658955019,736658955019,WET BRUSH PRO ORG.DETANGLE/BWP830STAIPK
736658962611,736658962611,WET BRUSH PRO DETANGLE/BWP830NFPR#
736658979350,736658979350,WET BRUSH POP FOLD PROFESSI./BWP824BLUE#
749565136853,749565136853,LINES RED COFFIN (M) 24PCS/200923
764460583687,764460583687,RAW AFRICAN MIRACLE FACE SERUM 30M
787790471028,787790471028,AROMA PASSION PARADISE B.MIST F/W 250M#
796648174158,796648174158,BATOOK NOVA GUM SUGARFREE FRUIT 5ST▓
818625020088,818625020088,NANOGEN KERATIN HR FIBRES BLACK 1.5G#
819984011410,819984011410,I MAGE BODY SPA EXFOLIATING SCRUB 113.4#
850040759242,850040759242,RUSH BRUSH X6 STRAIGHTEN.BLACK/RB-X6
851606002086,851606002086,DRBROWNS BREASTMILK STORAGE BAGS 25PCS
3052503030210,3052503030210,BOURJOIS REFRESH ME SH.GEL 250M#
3052503535517,3052503535517,BOURJOIS 1SECONDE NAIL POLISH GEL /55#
3052503751030,3052503751030,BOURJOIS DEPUIS 1863 BLUSHER /10#
3264680038334,3264680038334,NUXE HUILE PRODIG.FLORALE M.DRY OIL 50M
3274870502330,3274870502330,GIVENCHY SKIN TARGETTER EMBELLI.SERM 30M
3282770110753,3282770110753,AVENE PHYSIOLIFT SMOOTH.PLUMP.SERUM 30M#
3282779205283,3282779205283,DUCRAY KELUAL DS SOOTION CREAM FACE40ML#
3282779310079,3282779310079,AVENE D-PIGMENT LIGHT DAR.SPOT LOT.30M#
3282779361330,3282779205283,DUCRAY KELUAL DS SOOTION CREAM FACE40ML#
3323036369284,3323036369284,ECRINAL ANP 40 HORSE MANE EXTRACT 8AMP#
3337875583626,3337875583626,LA ROCHE HYALU B5 A.WRINK.SERUM 30M
3337875613491,3337875613491,LA ROCHE EFFACLAR K(+)RENOVA.OILY SK40M#
3337875920582,3337875583626,LA ROCHE HYALU B5 A.WRINK.SERUM 30M
3338221000408,3338221000408,PHYTO SQUAM A.DAND. MOIST.DRY SHAMP.200#
3338221001542,3338221001542,PHYTO PHYTOCOLOR SENSITIVE/5.3#
3401342193561,3401342193561,DELAROM ORANGE TONING BODY OIL 100M#
3518646023095,3518646023095,LAINO LIQUID ALEP SOAP OLIVE OIL 500M#
3518646023118,3518646023118,LAINO DRIED TO CHAP.HANDS BEESWAX CR75M#
3518646027604,3518646027604,LAINO SWEET NOURISHING MILK 200M#
3574661398419,3574661398419,NEUTROGENA HYDRO BOOST T.S.HYDR.MASK 30M
3600520753454,3600520753454,LOREAL ELVIVE GLOSS NUTRI.SHAMP.400M#
3600520837765,3600520753454,LOREAL ELVIVE GLOSS NUTRI.SHAMP.400M#
3600531528997,3600531528997,MAYBELLINE CITY BRONZER CONTOU.POW./200#
3600542158718,3600542158718,GARNIER EYE TISSUE MASK H.BOMB ORANGE6G#
3607346551035,3607346551035,ADIDAS TEAM FIVE SP.EDIT. EDT F/M 100M#
3610340020261,3610340020261,LOREAL EXTRAORD.NOURISH.NORM COND.400M#
3610340652042,3610340652042,LOREAL EXCELLENCE ASH SUPREME CR/7.17
3614222986058,3614222986058,BOURJOIS HEALTHY MIX VIT.FOUND. /51
3614225613210,3052503751030,BOURJOIS DEPUIS 1863 BLUSHER /10#
3614229336139,3614229336139,BOURJOIS ROUGE VELVET LIPSTICK/32
3616305492692,3616305492692,BOURJOIS VELVET CONTOUR LIP LINER/12
3616305556417,3616305556417,BOURJOIS FABULEUX LIP GLOSS/11
3660005564050,3660005564050,YVES ROCHER REFRESH PURIFY.COND.200M
3760074270101,3760074270101,FLOXIA (OSMOSIA) DEEP MOIST. GEL 125M
3760074270361,3760074270101,FLOXIA (OSMOSIA) DEEP MOIST. GEL 125M
3760074270491,3760074270101,FLOXIA (OSMOSIA) DEEP MOIST. GEL 125M
3800046561209,3800046561209,ASTERA ACTIVE CLEAN T.BRUSH MED.1+1\EX#
4005808828081,4005808828081,NIVEA FRESH ACTIVE DEO.R.ON F/M 50M
4005900188540,4005900188540,NIVEA B&W INV.FRESH DEOD.A.PRESP.F/W150#
4005900554406,4005808828081,NIVEA FRESH ACTIVE DEO.R.ON F/M 50M
4005900908131,4005900908131,NIVEA FRESH NATURAL DEO.STICK F/W 50M
4008576028332,4008576028332,TITANIA MASSAGE MINI BRUSH NO/2833#
4008576107044,4008576107044,TITANIA TWEEZER NO/1070GB
4008576110556,4008576110556,TITANIA NAIL CLIPPER BABY/1052/8
4008576386579,4008576386579,TITANIA GIRLS CARE NAIL FILE/1040/PI
4008600117391,4008600117391,NUK DISNEY LATEX SOOTHER (3)(18-36M)2PCS
4008600182641,4008600182641,NUK DISNEY FIRST(1)BL.SIL. BT(0-6M) 150M
4015100203974,4015100203974,GLISS SUPREME LENGTH HR COND. 400M#
4059729408136,4059729408136,ESSENCE 8H MATTE LIQ.LIPSTICK/10
4210201218982,4210201218982,BRAUN BEARD TRIM.39LENG.+GILLET./BT5040#
4210201236238,4210201236238,BRAUN SILK EPIL(3)EPIL.&SHAV.3ACC/3-273#
4210201285625,4210201285625,BRAUN SILK EPIL(5)W&D L&B+3ACC./5-620#
4211125756079,4211125756079,BEURER GLASS SCALE CORAL 180KG/GS300▓
4713411024218,4713411024218,MUSIC BOTTLE W/SELF STRAW 140M /2421
4717237017140,4717237017140,BODYFIX ELASTIC ELBOW SUPPORT(L)/B002▓
4892900884158,4892900884158,ET LIONESS ANIMAL NO.88415
4987176177773,4987176177773,OLD SPICE ORIGINAL DEO.B.SP.140M!
5010455820660,5010455820660,TRIDENT SUGAR FREE GUM WATERMELON 5PCS▓
5011522039244,5011522039244,EYLURE EYE LASHES VOLUME /101#
5022496181501,5022496181501,DABUR HERBAL CLOVE T.PASTE 140G+T.BRUSH@
5055028321540,5055028321540,ENLIVEN FIRM HOLD HR GEL 500M#
5057566180191,5057566180191,REVOLUTION SATIN KISS LIPLINER CUPCAKE
5060630047009,5060630047009,TANGLE TEEZER HR BRUSH/OR-PPU-010320#
5200415201541,5200415201541,ANIVAGENE U-HYDRA CR 50M
5285003144523,5285003144523,FASH KOOL RECONSTRUCTOR HR SERUM 80M
5900717153837,5900717153837,PHARMACERIS F-FLUID FOUND.(SPF25)30M/03#
5902641393099,5902641393099,ARKANA AMINO RENEWAL CR 50M#
5903407022178,5903407022178,CANPOL WATER TEETHER NO/2/217
5903407025889,5903407025889,LOVI BY CANPOL BABIES BOTTLE SPOON 2/588
5903407225425,5903407225425,CANPOL SILICONE SOOTHER(6-18M)/22-542#
5903407423029,5903407423029,CANPOL G.BOTTLE SILICON(0M+)120M/42-302#
5943076000602,5943076000602,IVATHERM MULT.PERFORMANCE LIP BALM 15#
6221009001469,6221009001469,SPARKLE SHAMP.&COND.DRY HR 400M15%@
6221039305421,6221039305421,LUNA PLUS SUN SPF15 LIP MOISTURIZER#
6221039321100,6221039321100,LUNA SUN TAN OIL SPF(15) SP.130M#
6221048065361,6221048065361,LUX SILK SENSATION B.WASH 500M 15%@#
6221048402708,6221048402708,SIGNAL CENTER FRESH BLUE 100ML#
6221105021606,6221105021606,CYBELE BROW MANIA POWDER FOR BROWS/02#
6221105415757,6221105415757,CYBELE SMOOTH N WEAR COMPACT POWDER/00#
6221155031143,6221155031143,SIGNAL SENS.EXPERT ORIGINAL T.PASTE 50M#
6221155054760,6221048065361,LUX SILK SENSATION B.WASH 500M 15%@#
6221155096791,6221155096791,REXONA WORKOUT H.IMPAC.DEOD.SP F/W150M@#
6221155105134,6221155096791,REXONA WORKOUT H.IMPAC.DEOD.SP F/W150M@#
6221155155443,6221155155443,FAIR&LOVELY GLOW&LOVELY ADV.M.VIT.CR 90G
6221155214355,6221155214355,AXE CHERRY SPRITZ 72H DEO.SP.F/M 150M
6221155607683,6221155607683,DOVE GO FRESH CUCUM.72H DEO.R.ON 50M15%@
6222001410013,6222001410013,LIZA MINK OIL HR CR. 150GM#
6222003100332,6222003100332,ASALA SCRABING CR 80G#
6222004033301,6222004033301,MIGOS HR DYE BRUSH/04081
6222004060345,6222004060345,MIGOS HR COMB/03002
6222004100928,6222004100928,MIGOS ADULTS SHOWER GLOVES 3PCS/41319#
6222004102694,6222004102694,MIGOS HR COMB/03325
6222004195993,6222004195993,MIGOS HR BRUSH /5993#
6222012006076,6222012006076,RELAXO ABDOMINAL BELT/XL/RE0012\PL▓
6222012006700,6222012006700,RELAXO ELBOW SUPP./XL/RE0043\PL▓
6222012007707,6222012007707,RELAXO CERVICAL SOFT COLLAR/L/RE0076\PL▓
6222017020046,6222017020046,LOREAL EXCELLENCE CR /6+SHAMP.90M@
6222019600383,6222019600383,INFINITY MYSTIC ROU.WHITE.DEO.SP.F/W200M
6222019604589,6222019604589,BOBANA ALMOND&HONEY MOIST.CR 50G#
6223000653845,6223000653845,JOHNSON BABY SHAMP.1000M#
6223001240570,6223001240570,ZEINA CLASSIC 3X550+3X100 TISSUES@#
6223001341956,6223001341956,MR MUSCLE WINDEX F/GLASS LAVEN.REF.500M#
6223001380108,260510,EVA GLYCERIN CR 20GM
6223001380726,6223001380726,EVA SMOKERS TOOTH POWDER FLUORAID 20G#
6223001381952,6223001381952,ONE HAIR REMOVAL SHOWER CR SENSIT 150G#
6223001384007,6223001384007,EVA HYALURONIC ACID NIGHT CR 45M
6223001384410,6805699997341,SENSODYNE HERBAL FRESH T.PASTE 75M#
6223001385097,6223001385097,MAN LOOK EXPERT BEARD NATURAL OIL 50M
6223002057962,6223002057962,SHAVECODE EXTRA COOLING SHAVE GEL 150M#
6223004372865,6223004372865,EVA ROSE WATER FACE TONIC 100M
6223004680540,6223004680540,SHAVECODE EX.COOLING SHAV.CR ALL SK 40M
6223004791116,6223004791116,BABYJOY DI.(3)MEDIUM(6-12K)60P+2 TISSUE@
6223009461397,6223009461397,ERA NAIL POLISH 13M /169#
6223009600956,6223009600956,FLO SECRET PERFUME SP.F/W 75M#
6224000035846,6224000035846,MALIZIA UOMO SHAVING CR MUSK 70ML#
6224000195090,6224000195090,GERMANY CARE AD.DIAPERS X-LARGE36+2MASK@
6224000195519,6224000195519,MAJOR ADULT DIAP.LARGE UP TO(170CM)10PCS
6224000851736,6224000851736,VATIKA CAC.&GER.HR F.CONT.SHAMP.360M15%@
6224001714191,6224001714191,KOLAGRA ELDER ROSE WHITE.DEO.R.ON 2X60M@
6224002432049,6224002432049,REXOL TM SUNSCREEN SPF(50+) 60M#
6224002673152,6224002673152,ALTESSE SOIN RESERVOIR HYDRAT.SERUM 30M
6224003004108,6224003004108,NOUVIQUE NOUVISUN(50+)WH.1 COLOR LOT.50M
6224003260412,6224003260412,PASSION MAMY FEMIN.INTIMAT.FOAM WASH150M
6224003382060,6224003382060,FAVELIN HOLY HYDRAT.HR MASK 300M
6224007384398,6224007384398,ATRAKTA RE/FORCE HR SHAMP.250M
6224007840184,6224007840184,YOLO N.POLISH 10M/118#
6224007840603,6224007840603,YOLO N.POLISH 10M/160
6224008073642,6224008073642,BOBAI S.SCREEN KID.SPF(30)GE.LOT.200M
6224008235149,6224008235149,MALINDA AHA/BHA FACE CLEAN.GEL 250M
6224008311812,6224008311812,BLENDS TOTAL REPAIR WEAK HR SHAMP.400M#
6224008573784,6224008573784,RUNWAY BREATHE TOP COAT 11ML /50002#
6224009338139,6224009338139,ELLE NAIL POLISH 14M/303
6224009338504,6224009338504,ELLE NAIL POLISH 14M/900
6224009647071,6224009647071,PURE SCENTS ROOM SPRAY BLACK ICE 460M#
6224009734214,6224009734214,RUNWAY NAIL LACQUER 14ML/70132#
6224009734405,6224009734405,ZAK INTENSE EXPLODE EDP F/M 150M#
6224010086890,6224010086890,UNICORN BATH FIZZY POWDER 350 GM
6224010114036,6224010114036,MAA ALTHAHAB SPICY R159 EDP F/M 50M
6224010117235,6224010117235,SOLUMART NORMAL TO DRY FACIAL CLEA.150M#
6224010474161,6224010474161,LIP BALM PEACH 20 GM
6224010558106,6224010558106,BAZIX GOATS MILK SOAP 100GM#
6224010559080,6224010559080,BODYLICIOUS PINK VAN.FUS.B.MIST F/W100M#
6224010559479,6224010559479,RUNWAY NAIL LACQUER 14ML/70125#
6224010687561,6224010687561,KARITES ONLY CURLY A.FRIZZ SHAMP.400M
6224011102711,6224011102711,BLANKIE DAILY MOIST.FACE&BODY 40M
6225000251823,6225000251823,ALEJON BANDY SUN SCREEN SPF(50+)F&B 75M#
6225000394513,6225000394513,PINKY SKIN WHATEN.SENSITIVE CR.100G#
6225000394599,6225000394513,PINKY SKIN WHATEN.SENSITIVE CR.100G#
6225000570597,6225000570597,SLINKY BEAUT.A.HR LOSS&MOIST.SHAMP.250M
6229810520681,6229810520681,AKEMA HAIR NOURISHING OIL SPRAY 120M#
6251001212648,6251001212648,FINE SENSATIONS STRAW.(100x2) 200PCS#
6251007217821,6251007217821,HIGEEN KIDS CARE DOOH SHAMP.250M
6251007614569,6251007614569,HIGEEN A.BACT. GREEN TEA&CUC.H.GEL 110M
6251007615764,6251007615764,HIGEEN A.BACT. OUD H.GEL 110M
6251007631511,6251007631511,HIGEEN A.BACT. F/KIDS&AD. NINO H.GEL 80#
6281006534827,6281006534827,TRESEMME COCONUT NOURISH COND.400M
6281008576122,6281008576122,SOFY GENTLE.SK.ULTRA THIN LONG 16PAD#
6281031255421,6281031255421,FA WHITENING&CARE DEOD.R.ON F/W 50M#
6281031262924,6281031255421,FA WHITENING&CARE DEOD.R.ON F/W 50M#
6281031263990,6281031263990,GLISS MILLION GLOSS OIL REPLAC.250M#
6281056585961,6281056585961,J.CASANOVA BLUE WHITE MUSK B.SPLASH235M#
6291100278374,6291100278374,ENERGY A.BACT.HAND CLEAN.GEL G.APPLE80M#
6291100762262,6291100762262,JOHNSON BABY FRESH SOAP 125G
6291105776653,6291105776653,PRITTY STRIP EYELASHES BLACK/NZ010
6291105776806,6291105776806,NOVELL PRO.NAIL TIPS 100NAILS/T#02
6291107452227,6291107452227,ZIRCONIA WOODY PERF.SP.F/M 200M#
6295124027499,6295124027499,SAPIL BASEEL PERFUM.DEOD.SP.F/W 200M#
6300020155884,6300020155884,GALAXY PLUS FLORAL N.BLOSSOM SP.F/W200M#
6772304518362,6772304518362,BUBBLES(BOT.(4M)280+NIPPLE 9+12M+TEET.)@
6805699997341,6805699997341,SENSODYNE HERBAL FRESH T.PASTE 75M#
6902395438953,6902395438953,MAYBELLINE COLOR SHOW LIPSTICK/207#
6906819463002,6906819463002,HOME HAIR BRUSH/B6300
6906819470024,6906819470024,HOME HAIR BRUSH/R7002
6931574225558,6931574225558,TRUE GOLD BABY BRUSH&COMB (+0M)/2022555
6937266190906,6937266190906,TRUE GOLD BOTT.TEAT CLEANIN.BRUSH/19090#
6937620222557,6937620222557,LA FRUTTA(0M+)AUTO CLOSED PACIFIER/22255
6942138917826,6942138917826,AIR STEP PRO FOOT AIR PUMP/62005
6957317604794,6957317604794,SHEGLAM BUT.BLIS.BLUSH STICK PA.PEON.6G!
6959612240356,6959612240356,SHEGLAM JE.HYD.LIP&BLUSH TINT HOWDY 10G!
6971053494372,6971053494372,SHEGLAM MAT.MINI LIQ.LIPSTICK 3X2.3M!
6974927753209,6974927753209,SHEGLAM ETER.BEAUTY LIQUI.EYELINER 0.6M!
7038513866311,7038513866311,JORDAN STEP BY SOFT (3-5)#
7038516220202,7038513866311,JORDAN STEP BY SOFT (3-5)#
7611711563468,7611711563468,SIGVARIS CO2 AG (SIL) (XL) PLUS LONG▓
7622201118655,5010455820660,TRIDENT SUGAR FREE GUM WATERMELON 5PCS▓
7622210327260,5010455820660,TRIDENT SUGAR FREE GUM WATERMELON 5PCS▓
7702018390595,7702018390595,GILLETTE FUS.5PROG.POWER FLEXBALL 1BLADE
7702018401178,7702018401178,GILLETTE VENUS DELUXE SMOOTH SWIRL4BLADE
8001090921468,8001090921468,ALWAYS DIAMOND ULTRA EX.LONG 12PCS#
8009518108446,8009518108446,DEBORAH 24ORE EXTR.VOLUME MASCARA BLACK#
8009518122558,8009518122558,DEBORAH COMFORT LIFT FOUND. ROSE /00#
8009518227048,8009518227048,DEBORAH ABS.LAST.DUO LIQUID LIPSTICK/07#
8009518283907,8009518283907,DEBORAH DOUBLE EFFECT VOLUM.MAS.N.BLACK#
8011809016651,8011809016651,EGOSAN PANTS (XL) EXTRA 14PCS#
8032859071223,8032859071223,ADORE COLOR LENSES TRI-BLUE/12#
8057017951957,8057017951957,MEBBY NOSE CLEAN ELEC. NASA.ASPIR.95195
8058664059058,8058664059058,CHICCO COMFORT SOOTHER SILIC.BLUE(6-12M)
8058664153626,8058664153626,CHICCO NAT.FEEL.BOT.BLUE(0+)M150M/002116
8436571630360,8436571630360,BABE VITAMIN C+ AMP.SOLUT.2X2M#
8683723517240,8683723517240,DERMINIX COLOR CORR.FACE CR SPF(50+)50M
8690536804009,8690536804009,JOLY ADULT DIAPER(80-130CM)MEDIUM 10PCٍ#
8690536804092,8690536804092,EVONY ADULT DIAPER (XL) 120-170CM 30PCS#
8690797108281,8690797108281,WEE BABY W.NECK TEAT LOW FLOW(0-6M)/828#
8692730505195,8692730505195,BELUX SOFT COTTON STICKS ROUND 100PCS#
8697711600517,8697711600517,BIO BALANCE AKNESUN MATTIFY.FACE(50+)40M
8697711601118,8697711601118,BIO BALANCE MAGIC TOUCH +VIT C 30M#
8700216005456,8700216005456,PAMPERS PANTS(4)(9-14K)MAXI 80PCS
8700216043847,8700216043847,ALWAYS BREAT.SENS.MAXI EX.LONG 14PCS@
8710103631552,8710103631552,PHILIPS AQUA TOUCH W&D SHAVE/AT600#
8710103830931,8710103830931,PHILIPS SERIES 1000SELF SHARPEN./BT1214#
8710103830955,8710103830931,PHILIPS SERIES 1000SELF SHARPEN./BT1214#
8710908325823,8710908325823,DOVE MEN COOL FRESH DEO.SP.250M!
8710908427411,8710908427411,AXE YOU DEOD.SP.F/M 150M#
8806002226712,8806002226712,CE-TUA NOSE STRIPS PINEAPPLE 10/STRIPS#
8850217100343,8850217100343,B.C SO TRUE CEREAL BOTTLE 260ML(11034)
8901138513061,8901138513061,HIMALAYA NOURISH.CR & HONEY SOAP 125G#
8901138831707,8901138831707,HIMALAYA A.HR FALL CR 70M#
5060372800542,5060372800542,DR.PAWPAW TINTED PEACH PINK BALM 10M
3212693,3212693,ROTAMAG COMP 30/F.C.TAB▓
6223013532243,6223013532243,SENSODYNE AD.COMP.PRO.T.BRUSH MEDIUM1+1@
6223014670500,6223014670500,ROOTS&ENDS A.DAND.HR SCRUB 200M
7333521003292,7333521003292,KLINT POLAR MINT 3 NICOTINE 12MG+▓
8006540785904,8006540785904,OLD SPICE OASIS DEO.SP.F/M 150M!
