006B.1P.02,WHC,TCG,P,Non,Non,Non,Non,NU,Not Used,6,X
006B.2P.01,WHC,TCG,P,Non,Non,Non,Non,NU,Not Used,6,X
006E.1P.01,WHC,TCG,P,Non,Non,Non,Non,NU,Not Used,6,X
006E.2P.02,WHC,TCG,P,Non,Non,Non,Non,NU,Not Used,6,X
006E.3P.03,WHC,TCG,P,Non,Non,Non,Non,NU,Not Used,6,X
006G.1P.03,WHC,TCG,P,Non,Non,Non,Non,NU,Not Used,6,X
006G.3P.01,WHC,TCG,P,Non,Non,Non,Non,NU,Not Used,6,X
007B-1S-02,WHC,TCG,S,GR1,RCG,PCG,SLCG,2,أغذية,7,X
007D-1S-04,WHC,TCG,S,GR1,RCG,PCG,SLCG,2,أغذية,7,X
008B-4S-02,WHC,TCG,S,GR1,RCG,PCG,SLCG,7,شعر,8,X
008F-4S-06,WHC,TCG,S,GR1,RCG,PCG,SLCG,7,شعر,8,X
008J-5S-10,WHC,TCG,S,GR1,RCG,PCG,SLCG,7,شعر,8,X
008L-5S-12,WHC,TCG,S,GR1,RCG,PCG,SLCG,7,شعر,8,X
008N-5S-14,WHC,TCG,S,GR1,RCG,PCG,SLCG,7,شعر,8,X
008P-5S-16,WHC,TCG,S,GR1,RCG,PCG,SLCG,7,شعر,8,X
008R-5S-18,WHC,TCG,S,GR1,RCG,PCG,SLCG,7,شعر,8,X
008T-2S-20,WHC,TCG,S,GR1,RCG,PCG,SLCG,7,شعر,8,X
008U-2S-21,WHC,TCG,S,GR1,RCG,PCG,SLCG,7,شعر,8,X
008V-2S-22,WHC,TCG,S,GR1,RCG,PCG,SLCG,7,شعر,8,X
009A-3S-01,WHC,TCG,S,GR1,RCG,PCG,SLCG,7,شعر,9,X
009C-3S-03,WHC,TCG,S,GR1,RCG,PCG,SLCG,7,شعر,9,X
009I-3S-09,WHC,TCG,S,GR1,RCG,PCG,SLCG,7,شعر,9,X
009W-1S-23,WHC,TCG,S,GR1,RCG,PCG,SLCG,7,شعر,9,X
009X-1S-24,WHC,TCG,S,GR1,RCG,PCG,SLCG,7,شعر,9,X
009Y-1S-25,WHC,TCG,S,GR1,RCG,PCG,SLCG,7,شعر,9,X
009Z-1S-26,WHC,TCG,S,GR1,RCG,PCG,SLCG,7,شعر,9,X
010B-1S-02,WHC,TCG,S,GR1,RCG,PCG,SLCG,7,شعر,10,X
010D-1S-04,WHC,TCG,S,GR1,RCG,PCG,SLCG,7,شعر,10,X
011C-2S-03,WHC,TCG,S,GR1,RCG,PCG,SLCG,10,مستلزمات طبية,11,X
011G-2S-07,WHC,TCG,S,GR1,RCG,PCG,SLCG,10,مستلزمات طبية,11,X
012B-3S-02,WHC,TCG,S,GR1,RCG,PCG,SLCG,10,مستلزمات طبية,12,X
012D-3S-04,WHC,TCG,S,GR1,RCG,PCG,SLCG,10,مستلزمات طبية,12,X
012F-3S-06,WHC,TCG,S,GR1,RCG,PCG,SLCG,10,مستلزمات طبية,12,X
012H-3S-08,WHC,TCG,S,GR1,RCG,PCG,SLCG,10,مستلزمات طبية,12,X
012J-2S-10,WHC,TCG,S,GR1,RCG,PCG,SLCG,10,مستلزمات طبية,12,X
012K-2S-11,WHC,TCG,S,GR1,RCG,PCG,SLCG,10,مستلزمات طبية,12,X
012N-2S-14,WHC,TCG,S,GR1,RCG,PCG,SLCG,10,مستلزمات طبية,12,X
012O-2S-15,WHC,TCG,S,GR1,RCG,PCG,SLCG,10,مستلزمات طبية,12,X
012R-2S-18,WHC,TCG,S,GR1,RCG,PCG,SLCG,10,مستلزمات طبية,12,X
012S-2S-19,WHC,TCG,S,GR1,RCG,PCG,SLCG,10,مستلزمات طبية,12,X
012U-5S-21,WHC,TCG,S,GR1,RCG,PCG,SLCG,10,مستلزمات طبية,12,X
012V-5S-22,WHC,TCG,S,GR1,RCG,PCG,SLCG,10,مستلزمات طبية,12,X
012W-5S-23,WHC,TCG,S,GR1,RCG,PCG,SLCG,10,مستلزمات طبية,12,X
013A-4S-01,WHC,TCG,S,GR1,RCG,PCG,SLCG,10,مستلزمات طبية,13,X
013G-4S-07,WHC,TCG,S,GR1,RCG,PCG,SLCG,10,مستلزمات طبية,13,X
013I-4S-09,WHC,TCG,S,GR1,RCG,PCG,SLCG,10,مستلزمات طبية,13,X
013L-1S-12,WHC,TCG,S,GR1,RCG,PCG,SLCG,10,مستلزمات طبية,13,X
013M-1S-13,WHC,TCG,S,GR1,RCG,PCG,SLCG,10,مستلزمات طبية,13,X
013P-1S-16,WHC,TCG,S,GR1,RCG,PCG,SLCG,10,مستلزمات طبية,13,X
013Q-1S-04,WHC,TCG,S,GR1,RCG,PCG,SLCG,10,مستلزمات طبية,13,X
013Q-3S-02,WHC,TCG,S,GR1,RCG,PCG,SLCG,10,مستلزمات طبية,13,X
013Q-5P-01,WHC,TCG,S,GR1,RCG,PCG,SLCG,10,مستلزمات طبية,13,X
013R-1S-03,WHC,TCG,S,GR1,RCG,PCG,SLCG,10,مستلزمات طبية,13,X
013S-2S-01,WHC,TCG,S,GR1,RCG,PCG,SLCG,10,مستلزمات طبية,13,X
013T-3S-03,WHC,TCG,S,GR1,RCG,PCG,SLCG,10,مستلزمات طبية,13,X
014B-5S-02,WHC,TCG,S,GR1,RCG,PCG,SLCG,10,مستلزمات طبية,14,X
014C-1S-03,WHC,TCG,S,GR1,RCG,PCG,SLCG,10,مستلزمات طبية,14,X
014G-1S-07,WHC,TCG,S,GR1,RCG,PCG,SLCG,10,مستلزمات طبية,14,X
014H-5S-08,WHC,TCG,S,GR1,RCG,PCG,SLCG,10,مستلزمات طبية,14,X
014J-4S-10,WHC,TCG,S,GR1,RCG,PCG,SLCG,10,مستلزمات طبية,14,X
014K-4S-11,WHC,TCG,S,GR1,RCG,PCG,SLCG,10,مستلزمات طبية,14,X
014L-4S-12,WHC,TCG,S,GR1,RCG,PCG,SLCG,10,مستلزمات طبية,14,X
015E-1P-03,WHC,TCG,P,GR1,RCG,PCG,SLCG,13,ورقيات,15,X
015E-3P-01,WHC,TCG,P,GR1,RCG,PCG,SLCG,13,ورقيات,15,X
015K-3P-03,WHC,TCG,P,GR1,RCG,PCG,SLCG,13,ورقيات,15,X
016B-1P-01,WHC,TCG,P,GR1,RCG,PCG,SLCG,13,ورقيات,16,X
016B-2P-02,WHC,TCG,P,GR1,RCG,PCG,SLCG,13,ورقيات,16,X
016B-3P-03,WHC,TCG,P,GR1,RCG,PCG,SLCG,13,ورقيات,16,X
016G-2P-03,WHC,TCG,P,GR1,RCG,PCG,SLCG,13,ورقيات,16,X
016G-3P-02,WHC,TCG,P,GR1,RCG,PCG,SLCG,13,ورقيات,16,X
017A-1P-01,WHC,TCG,P,GR1,RCG,PCG,SLCG,13,ورقيات,17,X
017A-2P-02,WHC,TCG,P,GR1,RCG,PCG,SLCG,13,ورقيات,17,X
017A-3P-03,WHC,TCG,P,GR1,RCG,PCG,SLCG,13,ورقيات,17,X
017D-2P-03,WHC,TCG,P,GR1,RCG,PCG,SLCG,13,ورقيات,17,X
017D-3P-02,WHC,TCG,P,GR1,RCG,PCG,SLCG,13,ورقيات,17,X
017J-1P-02,WHC,TCG,P,GR1,RCG,PCG,SLCG,13,ورقيات,17,X
017J-2P-01,WHC,TCG,P,GR1,RCG,PCG,SLCG,13,ورقيات,17,X
018E-2P-03,WHC,TCG,P,GR1,RCG,PCG,SLCG,13,ورقيات,18,X
018E-3P-02,WHC,TCG,P,GR1,RCG,PCG,SLCG,13,ورقيات,18,X
019A-1P-03,WHC,TCG,P,GR1,RCG,PCG,SLCG,13,ورقيات,19,X
019A-3P-01,WHC,TCG,P,GR1,RCG,PCG,SLCG,13,ورقيات,19,X
019D-1P-02,WHC,TCG,P,GR1,RCG,PCG,SLCG,13,ورقيات,19,X
019D-2P-01,WHC,TCG,P,GR1,RCG,PCG,SLCG,13,ورقيات,19,X
020C-1P-01,WHC,TCG,P,GR1,RCG,PCG,SLCG,13,ورقيات,20,X
020C-2P-02,WHC,TCG,P,GR1,RCG,PCG,SLCG,13,ورقيات,20,X
020C-3P-03,WHC,TCG,P,GR1,RCG,PCG,SLCG,13,ورقيات,20,X
020F-2P-03,WHC,TCG,P,GR1,RCG,PCG,SLCG,13,ورقيات,20,X
020F-3P-02,WHC,TCG,P,GR1,RCG,PCG,SLCG,13,ورقيات,20,X
020H-1P-02,WHC,TCG,P,GR1,RCG,PCG,SLCG,13,ورقيات,20,X
020H-2P-01,WHC,TCG,P,GR1,RCG,PCG,SLCG,13,ورقيات,20,X
025A-5S-01,WHC,TCG,S,GR2,RCG,PCG,SLCG,5,ترانزيت,25,X
025C-5S-03,WHC,TCG,S,GR2,RCG,PCG,SLCG,5,ترانزيت,25,X
025E-5S-05,WHC,TCG,S,GR2,RCG,PCG,SLCG,5,ترانزيت,25,X
025F-1S-06,WHC,TCG,S,GR2,RCG,PCG,SLCG,5,ترانزيت,25,X
025G-5S-07,WHC,TCG,S,GR2,RCG,PCG,SLCG,5,ترانزيت,25,X
025H-1S-08,WHC,TCG,S,GR2,RCG,PCG,SLCG,5,ترانزيت,25,X
025I-5S-09,WHC,TCG,S,GR2,RCG,PCG,SLCG,5,ترانزيت,25,X
026C-4S-03,WHC,TCG,S,GR2,RCG,PCG,SLCG,5,ترانزيت,26,X
026E-4S-05,WHC,TCG,S,GR2,RCG,PCG,SLCG,5,ترانزيت,26,X
026J-1S-10,WHC,TCG,S,GR2,RCG,PCG,SLCG,5,ترانزيت,26,X
026K-1S-11,WHC,TCG,S,GR2,RCG,PCG,SLCG,5,ترانزيت,26,X
026N-1S-14,WHC,TCG,S,GR2,RCG,PCG,SLCG,5,ترانزيت,26,X
026O-1S-15,WHC,TCG,S,GR2,RCG,PCG,SLCG,5,ترانزيت,26,X
026R-1S-18,WHC,TCG,S,GR2,RCG,PCG,SLCG,5,ترانزيت,26,X
026S-1S-19,WHC,TCG,S,GR2,RCG,PCG,SLCG,5,ترانزيت,26,X
027L-2S-12,WHC,TCG,S,GR2,RCG,PCG,SLCG,6,شاور,27,X
027M-2S-13,WHC,TCG,S,GR2,RCG,PCG,SLCG,6,شاور,27,X
028F-2S-06,WHC,TCG,S,GR2,RCG,PCG,SLCG,6,شاور,28,X
028H-2S-08,WHC,TCG,S,GR2,RCG,PCG,SLCG,6,شاور,28,X
028K-3S-11,WHC,TCG,S,GR2,RCG,PCG,SLCG,6,شاور,28,X
028L-3S-12,WHC,TCG,S,GR2,RCG,PCG,SLCG,6,شاور,28,X
028N-3S-14,WHC,TCG,S,GR2,RCG,PCG,SLCG,6,شاور,28,X
028Q-3S-17,WHC,TCG,S,GR2,RCG,PCG,SLCG,6,شاور,28,X
028S-3S-19,WHC,TCG,S,GR2,RCG,PCG,SLCG,6,شاور,28,X
028T-4S-20,WHC,TCG,S,GR2,RCG,PCG,SLCG,6,شاور,28,X
028U-4S-21,WHC,TCG,S,GR2,RCG,PCG,SLCG,6,شاور,28,X
028V-4S-22,WHC,TCG,S,GR2,RCG,PCG,SLCG,6,شاور,28,X
028X-4S-24,WHC,TCG,S,GR2,RCG,PCG,SLCG,6,شاور,28,X
029B-5S-02,WHC,TCG,S,GR2,RCG,PCG,SLCG,6,شاور,29,X
029C-1S-03,WHC,TCG,S,GR2,RCG,PCG,SLCG,6,شاور,29,X
029G-1S-07,WHC,TCG,S,GR2,RCG,PCG,SLCG,6,شاور,29,X
029H-5S-08,WHC,TCG,S,GR2,RCG,PCG,SLCG,6,شاور,29,X
029J-4S-10,WHC,TCG,S,GR2,RCG,PCG,SLCG,6,شاور,29,X
029K-4S-11,WHC,TCG,S,GR2,RCG,PCG,SLCG,6,شاور,29,X
029L-4S-12,WHC,TCG,S,GR2,RCG,PCG,SLCG,6,شاور,29,X
029M-4S-13,WHC,TCG,S,GR2,RCG,PCG,SLCG,6,شاور,29,X
030A-3S-01,WHC,TCG,S,GR2,RCG,PCG,SLCG,6,شاور,30,X
030C-3S-03,WHC,TCG,S,GR2,RCG,PCG,SLCG,6,شاور,30,X
030I-3S-09,WHC,TCG,S,GR2,RCG,PCG,SLCG,6,شاور,30,X
030W-1S-23,WHC,TCG,S,GR2,RCG,PCG,SLCG,6,شاور,30,X
030X-1S-24,WHC,TCG,S,GR2,RCG,PCG,SLCG,6,شاور,30,X
030Y-1S-25,WHC,TCG,S,GR2,RCG,PCG,SLCG,6,شاور,30,X
030Z-1S-26,WHC,TCG,S,GR2,RCG,PCG,SLCG,6,شاور,30,X
031B-4S-02,WHC,TCG,S,GR2,RCG,PCG,SLCG,5,ترانزيت,31,X
031F-4S-06,WHC,TCG,S,GR2,RCG,PCG,SLCG,5,ترانزيت,31,X
031J-5S-10,WHC,TCG,S,GR2,RCG,PCG,SLCG,5,ترانزيت,31,X
031L-5S-12,WHC,TCG,S,GR2,RCG,PCG,SLCG,5,ترانزيت,31,X
031N-5S-14,WHC,TCG,S,GR2,RCG,PCG,SLCG,5,ترانزيت,31,X
031P-5S-16,WHC,TCG,S,GR2,RCG,PCG,SLCG,5,ترانزيت,31,X
031R-5S-18,WHC,TCG,S,GR2,RCG,PCG,SLCG,5,ترانزيت,31,X
032A-1S-01,WHC,TCG,S,GR2,RCG,PCG,SLCG,9,صبغة,32,X
032D-5S-04,WHC,TCG,S,GR2,RCG,PCG,SLCG,9,صبغة,32,X
032E-1S-05,WHC,TCG,S,GR2,RCG,PCG,SLCG,9,صبغة,32,X
032F-5S-06,WHC,TCG,S,GR2,RCG,PCG,SLCG,9,صبغة,32,X
032I-1S-09,WHC,TCG,S,GR2,RCG,PCG,SLCG,9,صبغة,32,X
032N-4S-14,WHC,TCG,S,GR2,RCG,PCG,SLCG,9,صبغة,32,X
032O-4S-15,WHC,TCG,S,GR2,RCG,PCG,SLCG,9,صبغة,32,X
032P-4S-16,WHC,TCG,S,GR2,RCG,PCG,SLCG,9,صبغة,32,X
032Q-4S-17,WHC,TCG,S,GR2,RCG,PCG,SLCG,9,صبغة,32,X
032U-3S-21,WHC,TCG,S,GR2,RCG,PCG,SLCG,9,صبغة,32,X
032V-3S-22,WHC,TCG,S,GR2,RCG,PCG,SLCG,9,صبغة,32,X
032W-3S-23,WHC,TCG,S,GR2,RCG,PCG,SLCG,9,صبغة,32,X
032Y-3S-25,WHC,TCG,S,GR2,RCG,PCG,SLCG,9,صبغة,32,X
032Z-3S-26,WHC,TCG,S,GR2,RCG,PCG,SLCG,9,صبغة,32,X
033B-2S-02,WHC,TCG,S,GR2,RCG,PCG,SLCG,12,معمل,33,X
033D-2S-04,WHC,TCG,S,GR2,RCG,PCG,SLCG,12,معمل,33,X
033J-3S-10,WHC,TCG,S,GR2,RCG,PCG,SLCG,12,معمل,33,X
033M-3S-13,WHC,TCG,S,GR2,RCG,PCG,SLCG,12,معمل,33,X
033O-3S-15,WHC,TCG,S,GR2,RCG,PCG,SLCG,12,معمل,33,X
033P-3S-16,WHC,TCG,S,GR2,RCG,PCG,SLCG,12,معمل,33,X
033R-3S-18,WHC,TCG,S,GR2,RCG,PCG,SLCG,12,معمل,33,X
034L-2S-12,WHC,TCG,S,GR2,RCG,PCG,SLCG,3,بشرة 1,34,X
034M-2S-13,WHC,TCG,S,GR2,RCG,PCG,SLCG,3,بشرة 1,34,X
034P-2S-16,WHC,TCG,S,GR2,RCG,PCG,SLCG,3,بشرة 1,34,X
034Q-2S-17,WHC,TCG,S,GR2,RCG,PCG,SLCG,3,بشرة 1,34,X
034T-5S-20,WHC,TCG,S,GR2,RCG,PCG,SLCG,3,بشرة 1,34,X
035C-4S-03,WHC,TCG,S,GR2,RCG,PCG,SLCG,3,بشرة 1,35,X
035E-4S-05,WHC,TCG,S,GR2,RCG,PCG,SLCG,3,بشرة 1,35,X
035J-1S-10,WHC,TCG,S,GR2,RCG,PCG,SLCG,3,بشرة 1,35,X
035K-1S-11,WHC,TCG,S,GR2,RCG,PCG,SLCG,3,بشرة 1,35,X
035N-1S-14,WHC,TCG,S,GR2,RCG,PCG,SLCG,3,بشرة 1,35,X
035O-1S-15,WHC,TCG,S,GR2,RCG,PCG,SLCG,3,بشرة 1,35,X
036A-5S-01,WHC,TCG,S,GR2,RCG,PCG,SLCG,3,بشرة 1,36,X
036C-5S-03,WHC,TCG,S,GR2,RCG,PCG,SLCG,3,بشرة 1,36,X
036E-5S-05,WHC,TCG,S,GR2,RCG,PCG,SLCG,3,بشرة 1,36,X
036F-1S-06,WHC,TCG,S,GR2,RCG,PCG,SLCG,3,بشرة 1,36,X
036G-5S-07,WHC,TCG,S,GR2,RCG,PCG,SLCG,3,بشرة 1,36,X
036H-1S-08,WHC,TCG,S,GR2,RCG,PCG,SLCG,3,بشرة 1,36,X
036I-5S-09,WHC,TCG,S,GR2,RCG,PCG,SLCG,3,بشرة 1,36,X
037A-2S-01,WHC,TCG,S,GR2,RCG,PCG,SLCG,4,بشرة 2,37,X
037E-2S-05,WHC,TCG,S,GR2,RCG,PCG,SLCG,4,بشرة 2,37,X
037I-2S-09,WHC,TCG,S,GR2,RCG,PCG,SLCG,4,بشرة 2,37,X
038E-3S-05,WHC,TCG,S,GR2,RCG,PCG,SLCG,3,بشرة 1,38,X
038G-3S-07,WHC,TCG,S,GR2,RCG,PCG,SLCG,3,بشرة 1,38,X
038T-1S-20,WHC,TCG,S,GR2,RCG,PCG,SLCG,3,بشرة 1,38,X
038U-1S-21,WHC,TCG,S,GR2,RCG,PCG,SLCG,3,بشرة 1,38,X
038V-1S-22,WHC,TCG,S,GR2,RCG,PCG,SLCG,3,بشرة 1,38,X
039D-4S-04,WHC,TCG,S,GR2,RCG,PCG,SLCG,4,بشرة 2,39,X
039H-4S-08,WHC,TCG,S,GR2,RCG,PCG,SLCG,4,بشرة 2,39,X
039K-5S-11,WHC,TCG,S,GR2,RCG,PCG,SLCG,4,بشرة 2,39,X
039M-5S-13,WHC,TCG,S,GR2,RCG,PCG,SLCG,4,بشرة 2,39,X
039O-5S-15,WHC,TCG,S,GR2,RCG,PCG,SLCG,4,بشرة 2,39,X
040C-4S-03,WHC,TCG,S,GR2,RCG,PCG,SLCG,4,بشرة 2,40,X
040E-4S-05,WHC,TCG,S,GR2,RCG,PCG,SLCG,4,بشرة 2,40,X
040J-1S-10,WHC,TCG,S,GR2,RCG,PCG,SLCG,4,بشرة 2,40,X
040K-1S-11,WHC,TCG,S,GR2,RCG,PCG,SLCG,4,بشرة 2,40,X
040N-1S-14,WHC,TCG,S,GR2,RCG,PCG,SLCG,4,بشرة 2,40,X
040O-1S-15,WHC,TCG,S,GR2,RCG,PCG,SLCG,4,بشرة 2,40,X
040R-1S-18,WHC,TCG,S,GR2,RCG,PCG,SLCG,4,بشرة 2,40,X
040S-1S-19,WHC,TCG,S,GR2,RCG,PCG,SLCG,4,بشرة 2,40,X
041L-2S-12,WHC,TCG,S,GR2,RCG,PCG,SLCG,4,بشرة 2,41,X
041M-2S-13,WHC,TCG,S,GR2,RCG,PCG,SLCG,4,بشرة 2,41,X
042A-2S-01,WHC,TCG,S,GR2,RCG,PCG,SLCG,4,بشرة 2,42,X
042E-2S-05,WHC,TCG,S,GR2,RCG,PCG,SLCG,4,بشرة 2,42,X
042I-2S-09,WHC,TCG,S,GR2,RCG,PCG,SLCG,4,بشرة 2,42,X
047A.1P.02,WHC,TCG,P,Non,Non,Non,Non,NU,Not Used,47,X
047A.2P.01,WHC,TCG,P,Non,Non,Non,Non,NU,Not Used,47,X
047C.2P.03,WHC,TCG,P,Non,Non,Non,Non,NU,Not Used,47,X
047C.3P.02,WHC,TCG,P,Non,Non,Non,Non,NU,Not Used,47,X
047D.1P.03,WHC,TCG,P,Non,Non,Non,Non,NU,Not Used,47,X
047D.3P.01,WHC,TCG,P,Non,Non,Non,Non,NU,Not Used,47,X
047F.1P.01,WHC,TCG,P,Non,Non,Non,Non,NU,Not Used,47,X
047F.2P.02,WHC,TCG,P,Non,Non,Non,Non,NU,Not Used,47,X
047F.3P.03,WHC,TCG,P,Non,Non,Non,Non,NU,Not Used,47,X
048H.1P.02,WHC,TCG,P,Non,Non,Non,Non,NU,Not Used,48,X
048H.2P.01,WHC,TCG,P,Non,Non,Non,Non,NU,Not Used,48,X
050B-5S-02,WHC,TCH,S,HVL,RCH,PCH,SLCH,8,غوالي,50,X
050C-1S-03,WHC,TCH,S,HVL,RCH,PCH,SLCH,8,غوالي,50,X
050G-1S-07,WHC,TCH,S,HVL,RCH,PCH,SLCH,8,غوالي,50,X
050H-5S-08,WHC,TCH,S,HVL,RCH,PCH,SLCH,8,غوالي,50,X
050J-4S-10,WHC,TCH,S,HVL,RCH,PCH,SLCH,8,غوالي,50,X
050K-4S-11,WHC,TCH,S,HVL,RCH,PCH,SLCH,8,غوالي,50,X
050L-4S-12,WHC,TCH,S,HVL,RCH,PCH,SLCH,8,غوالي,50,X
050M-4S-13,WHC,TCH,S,HVL,RCH,PCH,SLCH,8,غوالي,50,X
050R-4S-18,WHC,TCH,S,HVL,RCH,PCH,SLCH,8,غوالي,50,X
050S-4S-19,WHC,TCH,S,HVL,RCH,PCH,SLCH,8,غوالي,50,X
050T-3S-20,WHC,TCH,S,HVL,RCH,PCH,SLCH,8,غوالي,50,X
050X-3S-24,WHC,TCH,S,HVL,RCH,PCH,SLCH,8,غوالي,50,X
051AD-2S-3,WHC,TCH,S,HVL,RCH,PCH,SLCH,8,غوالي,51,X
051AF-4S-3,WHC,TCH,S,HVL,RCH,PCH,SLCH,8,غوالي,51,X
051F-2S-06,WHC,TCH,S,HVL,RCH,PCH,SLCH,8,غوالي,51,X
051H-2S-08,WHC,TCH,S,HVL,RCH,PCH,SLCH,8,غوالي,51,X
051K-3S-11,WHC,TCH,S,HVL,RCH,PCH,SLCH,8,غوالي,51,X
051L-3S-12,WHC,TCH,S,HVL,RCH,PCH,SLCH,8,غوالي,51,X
051N-3S-14,WHC,TCH,S,HVL,RCH,PCH,SLCH,8,غوالي,51,X
051Q-3S-17,WHC,TCH,S,HVL,RCH,PCH,SLCH,8,غوالي,51,X
051S-3S-19,WHC,TCH,S,HVL,RCH,PCH,SLCH,8,غوالي,51,X
051T-4S-20,WHC,TCH,S,HVL,RCH,PCH,SLCH,8,غوالي,51,X
051U-4S-21,WHC,TCH,S,HVL,RCH,PCH,SLCH,8,غوالي,51,X
051V-4S-22,WHC,TCH,S,HVL,RCH,PCH,SLCH,8,غوالي,51,X
051X-4S-24,WHC,TCH,S,HVL,RCH,PCH,SLCH,8,غوالي,51,X
051Y-4S-25,WHC,TCH,S,HVL,RCH,PCH,SLCH,8,غوالي,51,X
051Z-4S-26,WHC,TCH,S,HVL,RCH,PCH,SLCH,8,غوالي,51,X
052E-3S-05,WHC,TCH,S,HVL,RCH,PCH,SLCH,8,غوالي,52,X
052G-3S-07,WHC,TCH,S,HVL,RCH,PCH,SLCH,8,غوالي,52,X
052T-1S-20,WHC,TCH,S,HVL,RCH,PCH,SLCH,8,غوالي,52,X
052U-1S-21,WHC,TCH,S,HVL,RCH,PCH,SLCH,8,غوالي,52,X
052V-1S-22,WHC,TCH,S,HVL,RCH,PCH,SLCH,8,غوالي,52,X
053A.1P.03,WHC,TCG,P,GR2,RCG,PCG,SLCG,8,غوالي,53,X
053A.3P.01,WHC,TCG,P,GR2,RCG,PCG,SLCG,8,غوالي,53,X
053C.1P.01,WHC,TCG,P,GR2,RCG,PCG,SLCG,8,غوالي,53,X
053C.2P.02,WHC,TCG,P,GR2,RCG,PCG,SLCG,8,غوالي,53,X
053C.3P.03,WHC,TCG,P,GR2,RCG,PCG,SLCG,8,غوالي,53,X
053D.1P.02,WHC,TCG,P,GR2,RCG,PCG,SLCG,8,غوالي,53,X
053D.2P.01,WHC,TCG,P,GR2,RCG,PCG,SLCG,8,غوالي,53,X
053F.2P.03,WHC,TCG,P,GR2,RCG,PCG,SLCG,8,غوالي,53,X
053F.3P.02,WHC,TCG,P,GR2,RCG,PCG,SLCG,8,غوالي,53,X
30AA-2S-27,WHC,TCG,S,GR2,RCG,PCG,SLCG,6,شاور,30,X
50AB-4S-28,WHC,TCH,S,HVL,RCH,PCH,SLCH,8,غوالي,50,X
50AC-4S-29,WHC,TCH,S,HVL,RCH,PCH,SLCH,8,غوالي,50,X
51AC-5S-29,WHC,TCH,S,HVL,RCH,PCH,SLCH,8,غوالي,51,X
51AD-4S-30,WHC,TCH,S,HVL,RCH,PCH,SLCH,8,غوالي,51,X
51AH-4S-34,WHC,TCH,S,HVL,RCH,PCH,SLCH,8,غوالي,51,X
