006B.1P.03,WHC,TCG,P,Non,Non,Non,Non,NU,Not Used,6,X
006B.3P.01,WHC,TCG,P,Non,Non,Non,Non,NU,Not Used,6,X
006E.2P.03,WHC,TCG,P,Non,Non,Non,Non,NU,Not Used,6,X
006E.3P.02,WHC,TCG,P,Non,Non,Non,Non,NU,Not Used,6,X
006G.1P.02,WHC,TCG,P,Non,Non,Non,Non,NU,Not Used,6,X
006G.2P.01,WHC,TCG,P,Non,Non,Non,Non,NU,Not Used,6,X
007C-4S-03,WHC,TCG,S,GR1,RCG,PCG,SLCG,2,أغذية,7,X
007G-4S-07,WHC,TCG,S,GR1,RCG,PCG,SLCG,2,أغذية,7,X
007K-5S-11,WHC,TCG,S,GR1,RCG,PCG,SLCG,2,أغذية,7,X
007M-5S-13,WHC,TCG,S,GR1,RCG,PCG,SLCG,2,أغذية,7,X
007O-5S-15,WHC,TCG,S,GR1,RCG,PCG,SLCG,2,أغذية,7,X
007Q-5S-17,WHC,TCG,S,GR1,RCG,PCG,SLCG,2,أغذية,7,X
007S-5S-19,WHC,TCG,S,GR1,RCG,PCG,SLCG,2,أغذية,7,X
007T-2S-20,WHC,TCG,S,GR1,RCG,PCG,SLCG,2,أغذية,7,X
007U-2S-21,WHC,TCG,S,GR1,RCG,PCG,SLCG,2,أغذية,7,X
007W-2S-23,WHC,TCG,S,GR1,RCG,PCG,SLCG,2,أغذية,7,X
007Z-2S-26,WHC,TCG,S,GR1,RCG,PCG,SLCG,2,أغذية,7,X
008C-1S-03,WHC,TCG,S,GR1,RCG,PCG,SLCG,7,شعر,8,X
008E-1S-05,WHC,TCG,S,GR1,RCG,PCG,SLCG,7,شعر,8,X
009A-2S-01,WHC,TCG,S,GR1,RCG,PCG,SLCG,7,شعر,9,X
009G-2S-07,WHC,TCG,S,GR1,RCG,PCG,SLCG,7,شعر,9,X
009I-2S-09,WHC,TCG,S,GR1,RCG,PCG,SLCG,7,شعر,9,X
009J-3S-10,WHC,TCG,S,GR1,RCG,PCG,SLCG,7,شعر,9,X
009M-3S-13,WHC,TCG,S,GR1,RCG,PCG,SLCG,7,شعر,9,X
009O-3S-15,WHC,TCG,S,GR1,RCG,PCG,SLCG,7,شعر,9,X
009P-3S-16,WHC,TCG,S,GR1,RCG,PCG,SLCG,7,شعر,9,X
009R-3S-18,WHC,TCG,S,GR1,RCG,PCG,SLCG,7,شعر,9,X
009T-4S-20,WHC,TCG,S,GR1,RCG,PCG,SLCG,7,شعر,9,X
009U-4S-21,WHC,TCG,S,GR1,RCG,PCG,SLCG,7,شعر,9,X
009W-4S-23,WHC,TCG,S,GR1,RCG,PCG,SLCG,7,شعر,9,X
009X-4S-24,WHC,TCG,S,GR1,RCG,PCG,SLCG,7,شعر,9,X
009Y-4S-25,WHC,TCG,S,GR1,RCG,PCG,SLCG,7,شعر,9,X
010C-4S-03,WHC,TCG,S,GR1,RCG,PCG,SLCG,7,شعر,10,X
010G-4S-07,WHC,TCG,S,GR1,RCG,PCG,SLCG,7,شعر,10,X
010K-5S-11,WHC,TCG,S,GR1,RCG,PCG,SLCG,7,شعر,10,X
010M-5S-13,WHC,TCG,S,GR1,RCG,PCG,SLCG,7,شعر,10,X
010O-4S-10,WHC,TCG,S,GR1,RCG,PCG,SLCG,7,شعر,10,X
010O-5S-15,WHC,TCG,S,GR1,RCG,PCG,SLCG,7,شعر,10,X
010Q-5S-17,WHC,TCG,S,GR1,RCG,PCG,SLCG,7,شعر,10,X
010S-5S-19,WHC,TCG,S,GR1,RCG,PCG,SLCG,7,شعر,10,X
010T-2S-20,WHC,TCG,S,GR1,RCG,PCG,SLCG,7,شعر,10,X
010U-2S-21,WHC,TCG,S,GR1,RCG,PCG,SLCG,7,شعر,10,X
010W-2S-23,WHC,TCG,S,GR1,RCG,PCG,SLCG,7,شعر,10,X
011L-2S-12,WHC,TCG,S,GR1,RCG,PCG,SLCG,10,مستلزمات طبية,11,X
011M-2S-13,WHC,TCG,S,GR1,RCG,PCG,SLCG,10,مستلزمات طبية,11,X
011P-2S-16,WHC,TCG,S,GR1,RCG,PCG,SLCG,10,مستلزمات طبية,11,X
011Q-2S-17,WHC,TCG,S,GR1,RCG,PCG,SLCG,10,مستلزمات طبية,11,X
011U-5S-21,WHC,TCG,S,GR1,RCG,PCG,SLCG,10,مستلزمات طبية,11,X
011X-5S-24,WHC,TCG,S,GR1,RCG,PCG,SLCG,10,مستلزمات طبية,11,X
011Z-5S-26,WHC,TCG,S,GR1,RCG,PCG,SLCG,10,مستلزمات طبية,11,X
012D-2S-04,WHC,TCG,S,GR1,RCG,PCG,SLCG,10,مستلزمات طبية,12,X
012H-2S-08,WHC,TCG,S,GR1,RCG,PCG,SLCG,10,مستلزمات طبية,12,X
013A-5S-01,WHC,TCG,S,GR1,RCG,PCG,SLCG,10,مستلزمات طبية,13,X
013B-1S-02,WHC,TCG,S,GR1,RCG,PCG,SLCG,10,مستلزمات طبية,13,X
013C-5S-03,WHC,TCG,S,GR1,RCG,PCG,SLCG,10,مستلزمات طبية,13,X
013F-1S-06,WHC,TCG,S,GR1,RCG,PCG,SLCG,10,مستلزمات طبية,13,X
013I-5S-09,WHC,TCG,S,GR1,RCG,PCG,SLCG,10,مستلزمات طبية,13,X
013J-4S-10,WHC,TCG,S,GR1,RCG,PCG,SLCG,10,مستلزمات طبية,13,X
013K-4S-11,WHC,TCG,S,GR1,RCG,PCG,SLCG,10,مستلزمات طبية,13,X
013L-4S-12,WHC,TCG,S,GR1,RCG,PCG,SLCG,10,مستلزمات طبية,13,X
013M-4S-13,WHC,TCG,S,GR1,RCG,PCG,SLCG,10,مستلزمات طبية,13,X
013Q-1S-05,WHC,TCG,S,GR1,RCG,PCG,SLCG,10,مستلزمات طبية,13,X
013Q-3S-03,WHC,TCG,S,GR1,RCG,PCG,SLCG,10,مستلزمات طبية,13,X
013Q-4P-01,WHC,TCG,S,GR1,RCG,PCG,SLCG,10,مستلزمات طبية,13,X
013R-1S-02,WHC,TCG,S,GR1,RCG,PCG,SLCG,10,مستلزمات طبية,13,X
013S-3S-01,WHC,TCG,S,GR1,RCG,PCG,SLCG,10,مستلزمات طبية,13,X
013T-3S-02,WHC,TCG,S,GR1,RCG,PCG,SLCG,10,مستلزمات طبية,13,X
014F-4S-06,WHC,TCG,S,GR1,RCG,PCG,SLCG,10,مستلزمات طبية,14,X
014H-4S-08,WHC,TCG,S,GR1,RCG,PCG,SLCG,10,مستلزمات طبية,14,X
014L-1S-12,WHC,TCG,S,GR1,RCG,PCG,SLCG,10,مستلزمات طبية,14,X
015E-1P-02,WHC,TCG,P,GR1,RCG,PCG,SLCG,13,ورقيات,15,X
015E-2P-01,WHC,TCG,P,GR1,RCG,PCG,SLCG,13,ورقيات,15,X
015K-3P-02,WHC,TCG,P,GR1,RCG,PCG,SLCG,13,ورقيات,15,X
016B-2P-03,WHC,TCG,P,GR1,RCG,PCG,SLCG,13,ورقيات,16,X
016B-3P-02,WHC,TCG,P,GR1,RCG,PCG,SLCG,13,ورقيات,16,X
016G-1P-01,WHC,TCG,P,GR1,RCG,PCG,SLCG,13,ورقيات,16,X
016G-2P-02,WHC,TCG,P,GR1,RCG,PCG,SLCG,13,ورقيات,16,X
016G-3P-03,WHC,TCG,P,GR1,RCG,PCG,SLCG,13,ورقيات,16,X
017A-2P-03,WHC,TCG,P,GR1,RCG,PCG,SLCG,13,ورقيات,17,X
017A-3P-02,WHC,TCG,P,GR1,RCG,PCG,SLCG,13,ورقيات,17,X
017D-1P-01,WHC,TCG,P,GR1,RCG,PCG,SLCG,13,ورقيات,17,X
017D-2P-02,WHC,TCG,P,GR1,RCG,PCG,SLCG,13,ورقيات,17,X
017D-3P-03,WHC,TCG,P,GR1,RCG,PCG,SLCG,13,ورقيات,17,X
017J-1P-03,WHC,TCG,P,GR1,RCG,PCG,SLCG,13,ورقيات,17,X
017J-3P-01,WHC,TCG,P,GR1,RCG,PCG,SLCG,13,ورقيات,17,X
018E-1P-01,WHC,TCG,P,GR1,RCG,PCG,SLCG,13,ورقيات,18,X
018E-2P-02,WHC,TCG,P,GR1,RCG,PCG,SLCG,13,ورقيات,18,X
018E-3P-03,WHC,TCG,P,GR1,RCG,PCG,SLCG,13,ورقيات,18,X
019A-1P-02,WHC,TCG,P,GR1,RCG,PCG,SLCG,13,ورقيات,19,X
019A-2P-01,WHC,TCG,P,GR1,RCG,PCG,SLCG,13,ورقيات,19,X
019D-1P-03,WHC,TCG,P,GR1,RCG,PCG,SLCG,13,ورقيات,19,X
019D-3P-01,WHC,TCG,P,GR1,RCG,PCG,SLCG,13,ورقيات,19,X
020C-2P-03,WHC,TCG,P,GR1,RCG,PCG,SLCG,13,ورقيات,20,X
020C-3P-02,WHC,TCG,P,GR1,RCG,PCG,SLCG,13,ورقيات,20,X
020F-1P-01,WHC,TCG,P,GR1,RCG,PCG,SLCG,13,ورقيات,20,X
020F-2P-02,WHC,TCG,P,GR1,RCG,PCG,SLCG,13,ورقيات,20,X
020F-3P-03,WHC,TCG,P,GR1,RCG,PCG,SLCG,13,ورقيات,20,X
020H-1P-03,WHC,TCG,P,GR1,RCG,PCG,SLCG,13,ورقيات,20,X
020H-3P-01,WHC,TCG,P,GR1,RCG,PCG,SLCG,13,ورقيات,20,X
025A-4S-01,WHC,TCG,S,GR2,RCG,PCG,SLCG,5,ترانزيت,25,X
025E-4S-05,WHC,TCG,S,GR2,RCG,PCG,SLCG,5,ترانزيت,25,X
025I-4S-09,WHC,TCG,S,GR2,RCG,PCG,SLCG,5,ترانزيت,25,X
025J-5S-10,WHC,TCG,S,GR2,RCG,PCG,SLCG,5,ترانزيت,25,X
025L-5S-12,WHC,TCG,S,GR2,RCG,PCG,SLCG,5,ترانزيت,25,X
025N-5S-14,WHC,TCG,S,GR2,RCG,PCG,SLCG,5,ترانزيت,25,X
025P-5S-16,WHC,TCG,S,GR2,RCG,PCG,SLCG,5,ترانزيت,25,X
025R-5S-18,WHC,TCG,S,GR2,RCG,PCG,SLCG,5,ترانزيت,25,X
026D-1S-04,WHC,TCG,S,GR2,RCG,PCG,SLCG,5,ترانزيت,26,X
026E-5S-05,WHC,TCG,S,GR2,RCG,PCG,SLCG,5,ترانزيت,26,X
026G-5S-07,WHC,TCG,S,GR2,RCG,PCG,SLCG,5,ترانزيت,26,X
026H-1S-08,WHC,TCG,S,GR2,RCG,PCG,SLCG,5,ترانزيت,26,X
026N-4S-14,WHC,TCG,S,GR2,RCG,PCG,SLCG,5,ترانزيت,26,X
026O-4S-15,WHC,TCG,S,GR2,RCG,PCG,SLCG,5,ترانزيت,26,X
026P-4S-16,WHC,TCG,S,GR2,RCG,PCG,SLCG,5,ترانزيت,26,X
026Q-4S-17,WHC,TCG,S,GR2,RCG,PCG,SLCG,5,ترانزيت,26,X
026T-3S-20,WHC,TCG,S,GR2,RCG,PCG,SLCG,5,ترانزيت,26,X
026V-3S-22,WHC,TCG,S,GR2,RCG,PCG,SLCG,5,ترانزيت,26,X
026W-3S-23,WHC,TCG,S,GR2,RCG,PCG,SLCG,5,ترانزيت,26,X
026X-3S-24,WHC,TCG,S,GR2,RCG,PCG,SLCG,5,ترانزيت,26,X
026Z-3S-26,WHC,TCG,S,GR2,RCG,PCG,SLCG,5,ترانزيت,26,X
027B-2S-02,WHC,TCG,S,GR2,RCG,PCG,SLCG,6,شاور,27,X
027F-2S-06,WHC,TCG,S,GR2,RCG,PCG,SLCG,6,شاور,27,X
028B-3S-02,WHC,TCG,S,GR2,RCG,PCG,SLCG,6,شاور,28,X
028H-3S-08,WHC,TCG,S,GR2,RCG,PCG,SLCG,6,شاور,28,X
028V-1S-22,WHC,TCG,S,GR2,RCG,PCG,SLCG,6,شاور,28,X
028X-1S-24,WHC,TCG,S,GR2,RCG,PCG,SLCG,6,شاور,28,X
029F-4S-06,WHC,TCG,S,GR2,RCG,PCG,SLCG,6,شاور,29,X
029H-4S-08,WHC,TCG,S,GR2,RCG,PCG,SLCG,6,شاور,29,X
029L-1S-12,WHC,TCG,S,GR2,RCG,PCG,SLCG,6,شاور,29,X
029M-1S-13,WHC,TCG,S,GR2,RCG,PCG,SLCG,6,شاور,29,X
029P-1S-16,WHC,TCG,S,GR2,RCG,PCG,SLCG,6,شاور,29,X
029Q-1S-17,WHC,TCG,S,GR2,RCG,PCG,SLCG,6,شاور,29,X
030A-2S-01,WHC,TCG,S,GR2,RCG,PCG,SLCG,6,شاور,30,X
030G-2S-07,WHC,TCG,S,GR2,RCG,PCG,SLCG,6,شاور,30,X
030I-2S-09,WHC,TCG,S,GR2,RCG,PCG,SLCG,6,شاور,30,X
030J-3S-10,WHC,TCG,S,GR2,RCG,PCG,SLCG,6,شاور,30,X
030M-3S-13,WHC,TCG,S,GR2,RCG,PCG,SLCG,6,شاور,30,X
030O-3S-15,WHC,TCG,S,GR2,RCG,PCG,SLCG,6,شاور,30,X
030P-3S-16,WHC,TCG,S,GR2,RCG,PCG,SLCG,6,شاور,30,X
030R-3S-18,WHC,TCG,S,GR2,RCG,PCG,SLCG,6,شاور,30,X
030T-4S-20,WHC,TCG,S,GR2,RCG,PCG,SLCG,6,شاور,30,X
030U-4S-21,WHC,TCG,S,GR2,RCG,PCG,SLCG,6,شاور,30,X
030W-4S-23,WHC,TCG,S,GR2,RCG,PCG,SLCG,6,شاور,30,X
030X-4S-24,WHC,TCG,S,GR2,RCG,PCG,SLCG,6,شاور,30,X
030Y-4S-25,WHC,TCG,S,GR2,RCG,PCG,SLCG,6,شاور,30,X
031C-1S-03,WHC,TCG,S,GR2,RCG,PCG,SLCG,5,ترانزيت,31,X
031E-1S-05,WHC,TCG,S,GR2,RCG,PCG,SLCG,5,ترانزيت,31,X
032B-4S-02,WHC,TCG,S,GR2,RCG,PCG,SLCG,9,صبغة,32,X
032D-4S-04,WHC,TCG,S,GR2,RCG,PCG,SLCG,9,صبغة,32,X
032J-1S-10,WHC,TCG,S,GR2,RCG,PCG,SLCG,9,صبغة,32,X
032K-1S-11,WHC,TCG,S,GR2,RCG,PCG,SLCG,9,صبغة,32,X
032N-1S-14,WHC,TCG,S,GR2,RCG,PCG,SLCG,9,صبغة,32,X
032O-1S-15,WHC,TCG,S,GR2,RCG,PCG,SLCG,9,صبغة,32,X
032R-1S-18,WHC,TCG,S,GR2,RCG,PCG,SLCG,9,صبغة,32,X
032S-1S-19,WHC,TCG,S,GR2,RCG,PCG,SLCG,9,صبغة,32,X
033D-3S-04,WHC,TCG,S,GR2,RCG,PCG,SLCG,12,معمل,33,X
033F-3S-06,WHC,TCG,S,GR2,RCG,PCG,SLCG,12,معمل,33,X
033T-1S-20,WHC,TCG,S,GR2,RCG,PCG,SLCG,12,معمل,33,X
034B-2S-02,WHC,TCG,S,GR2,RCG,PCG,SLCG,3,بشرة 1,34,X
034F-2S-06,WHC,TCG,S,GR2,RCG,PCG,SLCG,3,بشرة 1,34,X
035D-1S-04,WHC,TCG,S,GR2,RCG,PCG,SLCG,3,بشرة 1,35,X
035E-5S-05,WHC,TCG,S,GR2,RCG,PCG,SLCG,3,بشرة 1,35,X
035G-5S-07,WHC,TCG,S,GR2,RCG,PCG,SLCG,3,بشرة 1,35,X
035H-1S-08,WHC,TCG,S,GR2,RCG,PCG,SLCG,3,بشرة 1,35,X
035N-4S-14,WHC,TCG,S,GR2,RCG,PCG,SLCG,3,بشرة 1,35,X
035O-4S-15,WHC,TCG,S,GR2,RCG,PCG,SLCG,3,بشرة 1,35,X
035P-4S-16,WHC,TCG,S,GR2,RCG,PCG,SLCG,3,بشرة 1,35,X
036A-4S-01,WHC,TCG,S,GR2,RCG,PCG,SLCG,3,بشرة 1,36,X
036E-4S-05,WHC,TCG,S,GR2,RCG,PCG,SLCG,3,بشرة 1,36,X
036I-4S-09,WHC,TCG,S,GR2,RCG,PCG,SLCG,3,بشرة 1,36,X
036J-5S-10,WHC,TCG,S,GR2,RCG,PCG,SLCG,3,بشرة 1,36,X
036L-5S-12,WHC,TCG,S,GR2,RCG,PCG,SLCG,3,بشرة 1,36,X
036N-5S-14,WHC,TCG,S,GR2,RCG,PCG,SLCG,3,بشرة 1,36,X
036P-5S-16,WHC,TCG,S,GR2,RCG,PCG,SLCG,3,بشرة 1,36,X
036R-5S-18,WHC,TCG,S,GR2,RCG,PCG,SLCG,3,بشرة 1,36,X
036V-2S-22,WHC,TCG,S,GR2,RCG,PCG,SLCG,3,بشرة 1,36,X
036X-2S-24,WHC,TCG,S,GR2,RCG,PCG,SLCG,3,بشرة 1,36,X
037A-3S-01,WHC,TCG,S,GR2,RCG,PCG,SLCG,4,بشرة 2,37,X
037C-3S-03,WHC,TCG,S,GR2,RCG,PCG,SLCG,4,بشرة 2,37,X
037E-3S-05,WHC,TCG,S,GR2,RCG,PCG,SLCG,4,بشرة 2,37,X
037G-3S-07,WHC,TCG,S,GR2,RCG,PCG,SLCG,4,بشرة 2,37,X
037I-3S-09,WHC,TCG,S,GR2,RCG,PCG,SLCG,4,بشرة 2,37,X
037J-2S-10,WHC,TCG,S,GR2,RCG,PCG,SLCG,4,بشرة 2,37,X
037K-2S-11,WHC,TCG,S,GR2,RCG,PCG,SLCG,4,بشرة 2,37,X
037N-2S-14,WHC,TCG,S,GR2,RCG,PCG,SLCG,4,بشرة 2,37,X
037O-2S-15,WHC,TCG,S,GR2,RCG,PCG,SLCG,4,بشرة 2,37,X
038C-2S-03,WHC,TCG,S,GR2,RCG,PCG,SLCG,3,بشرة 1,38,X
038E-2S-05,WHC,TCG,S,GR2,RCG,PCG,SLCG,3,بشرة 1,38,X
038K-3S-11,WHC,TCG,S,GR2,RCG,PCG,SLCG,3,بشرة 1,38,X
038L-3S-12,WHC,TCG,S,GR2,RCG,PCG,SLCG,3,بشرة 1,38,X
038N-3S-14,WHC,TCG,S,GR2,RCG,PCG,SLCG,3,بشرة 1,38,X
038Q-3S-17,WHC,TCG,S,GR2,RCG,PCG,SLCG,3,بشرة 1,38,X
038S-3S-19,WHC,TCG,S,GR2,RCG,PCG,SLCG,3,بشرة 1,38,X
038V-4S-22,WHC,TCG,S,GR2,RCG,PCG,SLCG,3,بشرة 1,38,X
039A-1S-01,WHC,TCG,S,GR2,RCG,PCG,SLCG,4,بشرة 2,39,X
039B-5S-02,WHC,TCG,S,GR2,RCG,PCG,SLCG,4,بشرة 2,39,X
039D-5S-04,WHC,TCG,S,GR2,RCG,PCG,SLCG,4,بشرة 2,39,X
039F-5S-06,WHC,TCG,S,GR2,RCG,PCG,SLCG,4,بشرة 2,39,X
039G-1S-07,WHC,TCG,S,GR2,RCG,PCG,SLCG,4,بشرة 2,39,X
039H-5S-08,WHC,TCG,S,GR2,RCG,PCG,SLCG,4,بشرة 2,39,X
039I-1S-09,WHC,TCG,S,GR2,RCG,PCG,SLCG,4,بشرة 2,39,X
040D-1S-04,WHC,TCG,S,GR2,RCG,PCG,SLCG,4,بشرة 2,40,X
040E-5S-05,WHC,TCG,S,GR2,RCG,PCG,SLCG,4,بشرة 2,40,X
040G-5S-07,WHC,TCG,S,GR2,RCG,PCG,SLCG,4,بشرة 2,40,X
040H-1S-08,WHC,TCG,S,GR2,RCG,PCG,SLCG,4,بشرة 2,40,X
040N-4S-14,WHC,TCG,S,GR2,RCG,PCG,SLCG,4,بشرة 2,40,X
040O-4S-15,WHC,TCG,S,GR2,RCG,PCG,SLCG,4,بشرة 2,40,X
040P-4S-16,WHC,TCG,S,GR2,RCG,PCG,SLCG,4,بشرة 2,40,X
040Q-4S-17,WHC,TCG,S,GR2,RCG,PCG,SLCG,4,بشرة 2,40,X
040T-3S-20,WHC,TCG,S,GR2,RCG,PCG,SLCG,4,بشرة 2,40,X
040V-3S-22,WHC,TCG,S,GR2,RCG,PCG,SLCG,4,بشرة 2,40,X
040W-3S-23,WHC,TCG,S,GR2,RCG,PCG,SLCG,4,بشرة 2,40,X
040X-3S-24,WHC,TCG,S,GR2,RCG,PCG,SLCG,4,بشرة 2,40,X
041B-2S-02,WHC,TCG,S,GR2,RCG,PCG,SLCG,4,بشرة 2,41,X
041F-2S-06,WHC,TCG,S,GR2,RCG,PCG,SLCG,4,بشرة 2,41,X
042A-3S-01,WHC,TCG,S,GR2,RCG,PCG,SLCG,4,بشرة 2,42,X
042C-3S-03,WHC,TCG,S,GR2,RCG,PCG,SLCG,4,بشرة 2,42,X
042E-3S-05,WHC,TCG,S,GR2,RCG,PCG,SLCG,4,بشرة 2,42,X
042G-3S-07,WHC,TCG,S,GR2,RCG,PCG,SLCG,4,بشرة 2,42,X
042I-3S-09,WHC,TCG,S,GR2,RCG,PCG,SLCG,4,بشرة 2,42,X
042J-2S-10,WHC,TCG,S,GR2,RCG,PCG,SLCG,4,بشرة 2,42,X
042K-2S-11,WHC,TCG,S,GR2,RCG,PCG,SLCG,4,بشرة 2,42,X
042N-2S-14,WHC,TCG,S,GR2,RCG,PCG,SLCG,4,بشرة 2,42,X
042O-2S-15,WHC,TCG,S,GR2,RCG,PCG,SLCG,4,بشرة 2,42,X
042R-2S-18,WHC,TCG,S,GR2,RCG,PCG,SLCG,4,بشرة 2,42,X
042S-2S-19,WHC,TCG,S,GR2,RCG,PCG,SLCG,4,بشرة 2,42,X
042T-5S-20,WHC,TCG,S,GR2,RCG,PCG,SLCG,4,بشرة 2,42,X
042V-5S-22,WHC,TCG,S,GR2,RCG,PCG,SLCG,4,بشرة 2,42,X
042W-5S-23,WHC,TCG,S,GR2,RCG,PCG,SLCG,4,بشرة 2,42,X
047A.1P.03,WHC,TCG,P,Non,Non,Non,Non,NU,Not Used,47,X
047A.3P.01,WHC,TCG,P,Non,Non,Non,Non,NU,Not Used,47,X
047C.1P.01,WHC,TCG,P,Non,Non,Non,Non,NU,Not Used,47,X
047C.2P.02,WHC,TCG,P,Non,Non,Non,Non,NU,Not Used,47,X
047C.3P.03,WHC,TCG,P,Non,Non,Non,Non,NU,Not Used,47,X
047D.1P.02,WHC,TCG,P,Non,Non,Non,Non,NU,Not Used,47,X
047D.2P.01,WHC,TCG,P,Non,Non,Non,Non,NU,Not Used,47,X
047F.2P.03,WHC,TCG,P,Non,Non,Non,Non,NU,Not Used,47,X
047F.3P.02,WHC,TCG,P,Non,Non,Non,Non,NU,Not Used,47,X
048H.1P.03,WHC,TCG,P,Non,Non,Non,Non,NU,Not Used,48,X
048H.3P.01,WHC,TCG,P,Non,Non,Non,Non,NU,Not Used,48,X
050F-4S-06,WHC,TCH,S,HVL,RCH,PCH,SLCH,8,غوالي,50,X
050H-4S-08,WHC,TCH,S,HVL,RCH,PCH,SLCH,8,غوالي,50,X
050L-1S-12,WHC,TCH,S,HVL,RCH,PCH,SLCH,8,غوالي,50,X
050M-1S-13,WHC,TCH,S,HVL,RCH,PCH,SLCH,8,غوالي,50,X
050P-1S-16,WHC,TCH,S,HVL,RCH,PCH,SLCH,8,غوالي,50,X
050Q-1S-17,WHC,TCH,S,HVL,RCH,PCH,SLCH,8,غوالي,50,X
051AA-3S-2,WHC,TCH,S,HVL,RCH,PCH,SLCH,8,غوالي,51,X
051AD-1S-3,WHC,TCH,S,HVL,RCH,PCH,SLCH,8,غوالي,51,X
051B-3S-02,WHC,TCH,S,HVL,RCH,PCH,SLCH,8,غوالي,51,X
051H-3S-08,WHC,TCH,S,HVL,RCH,PCH,SLCH,8,غوالي,51,X
051V-1S-22,WHC,TCH,S,HVL,RCH,PCH,SLCH,8,غوالي,51,X
051X-1S-24,WHC,TCH,S,HVL,RCH,PCH,SLCH,8,غوالي,51,X
051Y-1S-25,WHC,TCH,S,HVL,RCH,PCH,SLCH,8,غوالي,51,X
052C-2S-03,WHC,TCH,S,HVL,RCH,PCH,SLCH,8,غوالي,52,X
052E-2S-05,WHC,TCH,S,HVL,RCH,PCH,SLCH,8,غوالي,52,X
052K-3S-11,WHC,TCH,S,HVL,RCH,PCH,SLCH,8,غوالي,52,X
052L-3S-12,WHC,TCH,S,HVL,RCH,PCH,SLCH,8,غوالي,52,X
052N-3S-14,WHC,TCH,S,HVL,RCH,PCH,SLCH,8,غوالي,52,X
052Q-3S-17,WHC,TCH,S,HVL,RCH,PCH,SLCH,8,غوالي,52,X
052S-3S-19,WHC,TCH,S,HVL,RCH,PCH,SLCH,8,غوالي,52,X
052V-4S-22,WHC,TCH,S,HVL,RCH,PCH,SLCH,8,غوالي,52,X
053A.1P.02,WHC,TCG,P,GR2,RCG,PCG,SLCG,8,غوالي,53,X
053A.2P.01,WHC,TCG,P,GR2,RCG,PCG,SLCG,8,غوالي,53,X
053C.2P.03,WHC,TCG,P,GR2,RCG,PCG,SLCG,8,غوالي,53,X
053C.3P.02,WHC,TCG,P,GR2,RCG,PCG,SLCG,8,غوالي,53,X
053D.1P.03,WHC,TCG,P,GR2,RCG,PCG,SLCG,8,غوالي,53,X
053D.3P.01,WHC,TCG,P,GR2,RCG,PCG,SLCG,8,غوالي,53,X
053F.1P.01,WHC,TCG,P,GR2,RCG,PCG,SLCG,8,غوالي,53,X
053F.2P.02,WHC,TCG,P,GR2,RCG,PCG,SLCG,8,غوالي,53,X
053F.3P.03,WHC,TCG,P,GR2,RCG,PCG,SLCG,8,غوالي,53,X
07AA-5S-27,WHC,TCG,S,GR1,RCG,PCG,SLCG,2,أغذية,7,X
07AB-1S-28,WHC,TCG,S,GR1,RCG,PCG,SLCG,2,أغذية,7,X
07AC-1S-29,WHC,TCG,S,GR1,RCG,PCG,SLCG,2,أغذية,7,X
09AA-3S-27,WHC,TCG,S,GR1,RCG,PCG,SLCG,7,شعر,9,X
11AB-4S-28,WHC,TCG,S,GR1,RCG,PCG,SLCG,10,مستلزمات طبية,11,X
11AC-4S-29,WHC,TCG,S,GR1,RCG,PCG,SLCG,10,مستلزمات طبية,11,X
51AA-4S-27,WHC,TCH,S,HVL,RCH,PCH,SLCH,8,غوالي,51,X
51AD-5S-30,WHC,TCH,S,HVL,RCH,PCH,SLCH,8,غوالي,51,X
51AF-1S-32,WHC,TCH,S,HVL,RCH,PCH,SLCH,8,غوالي,51,X
51AH-5S-34,WHC,TCH,S,HVL,RCH,PCH,SLCH,8,غوالي,51,X
51AI-1S-35,WHC,TCH,S,HVL,RCH,PCH,SLCH,8,غوالي,51,X
G010,WHC,TCG,S,GR1,RCG,PCG,SLCG,7,شعر,10,X
G029,WHC,TCG,P,GR2,RCG,PCG,SLCG,6,شاور,29,X
